task_id,run_id,model,task_type,dynamic_state_task,public_pass,hidden_pass,functional_pass,extraction_ratio,copied_file_count,copied_loc,repeated_file_reads,repeated_line_reads,tool_error_count,harness_format_error_count,closure_plan_present,self_generated_tests,hidden_risk_discussed,stop_reason,primary_failure,trajectory_path,evaluation_path,evidence_step_ids
pytest__ini_markers_core__001,experiments/python/openhands/deepseek-v4-flash/main-flash-20260705-232429/pytest__ini_markers_core__001,deepseek/deepseek-v4-flash,config_environment_coupling,true,true,false,false,0.000773,1,59,0,0,1,0,false,false,false,completion_signal,hidden_behavior_contract_failure,experiments/python/openhands/deepseek-v4-flash/main-flash-20260705-232429/pytest__ini_markers_core__001/agent/openhands_events.jsonl,experiments/python/openhands/deepseek-v4-flash/main-flash-20260705-232429/pytest__ini_markers_core__001/eval/result.json,"[""03e25c90-ce30-4817-839f-b9af4f2c51a1"",""e4ea0d2a-3c5d-40d9-9c25-78b9ebce640e"",""eval:hidden_tests""]"
pytest__skipif_eval_core__001,experiments/python/openhands/deepseek-v4-flash/main-flash-20260705-232429/pytest__skipif_eval_core__001,deepseek/deepseek-v4-flash,framework_coupling,true,true,false,false,0.001781,1,136,0,0,0,1,false,false,true,completion_signal,hidden_interface_or_closure_failure,experiments/python/openhands/deepseek-v4-flash/main-flash-20260705-232429/pytest__skipif_eval_core__001/agent/openhands_events.jsonl,experiments/python/openhands/deepseek-v4-flash/main-flash-20260705-232429/pytest__skipif_eval_core__001/eval/result.json,"[""5a26d308-d20e-4b4b-bf15-fd7991ca2996"",""a22e1b0a-8b51-45a7-9b81-b55c9c389156"",""eval:hidden_tests""]"
pytest__fixture_resolve_core__001,experiments/python/openhands/deepseek-v4-flash/main-flash-20260705-232429/pytest__fixture_resolve_core__001,deepseek/deepseek-v4-flash,framework_coupling,true,true,false,false,0.002607,3,199,0,0,0,0,false,false,true,completion_signal,hidden_interface_or_closure_failure,experiments/python/openhands/deepseek-v4-flash/main-flash-20260705-232429/pytest__fixture_resolve_core__001/agent/openhands_events.jsonl,experiments/python/openhands/deepseek-v4-flash/main-flash-20260705-232429/pytest__fixture_resolve_core__001/eval/result.json,"[""711659aa-babe-4d4f-9adb-1a7570846e9c"",""eval:hidden_tests""]"
pytest__mark_expression_core__001,experiments/python/openhands/deepseek-v4-flash/main-flash-20260705-232429/pytest__mark_expression_core__001,deepseek/deepseek-v4-flash,parser_state_coupling,false,true,true,true,0.003550,2,271,0,0,0,0,false,false,true,completion_signal,passed,experiments/python/openhands/deepseek-v4-flash/main-flash-20260705-232429/pytest__mark_expression_core__001/agent/openhands_events.jsonl,experiments/python/openhands/deepseek-v4-flash/main-flash-20260705-232429/pytest__mark_expression_core__001/eval/result.json,"[""53ea9fd6-152c-403a-ac3e-1bde3347b5ee""]"
distlib__wheel_metadata_core__hard3_001,experiments/python/openhands/deepseek-v4-flash/batch3-flash-20260707-wave2wave4/distlib__wheel_metadata_core__hard3_001,deepseek/deepseek-v4-flash,resource_coupling,true,true,false,false,0.014804,1,53,6,0,1,0,false,false,true,completion_signal,hidden_behavior_contract_failure,experiments/python/openhands/deepseek-v4-flash/batch3-flash-20260707-wave2wave4/distlib__wheel_metadata_core__hard3_001/agent/openhands_events.jsonl,experiments/python/openhands/deepseek-v4-flash/batch3-flash-20260707-wave2wave4/distlib__wheel_metadata_core__hard3_001/eval/result.json,"[""37765f1b-44c0-4504-9193-496301424612"",""f8970e98-d81c-4d25-bc66-dae176e0ccc8"",""c6c7ec68-1edf-42fb-869f-14c5d526be4a"",""c0047b53-ef22-4cd9-baca-49c4363ebb51"",""eval:hidden_tests""]"
pygments__lexer_core__001,experiments/python/openhands/deepseek-v4-flash/main-flash-20260705-232429/pygments__lexer_core__001,deepseek/deepseek-v4-flash,parser_state_coupling,true,true,false,false,0.027615,12,2833,6,0,2,0,true,false,true,completion_signal,hidden_behavior_contract_failure,experiments/python/openhands/deepseek-v4-flash/main-flash-20260705-232429/pygments__lexer_core__001/agent/openhands_events.jsonl,experiments/python/openhands/deepseek-v4-flash/main-flash-20260705-232429/pygments__lexer_core__001/eval/result.json,"[""d2f1eadc-e0c2-44e5-b68d-333d64be1e1a"",""330e9466-5a4a-4823-9ee2-c71be9cefa6e"",""7c227a93-a4b6-4712-bd7d-c80f3c1287f0"",""4d806666-2346-481b-936c-954e5d699e4a"",""9905e88c-c6e6-44cc-a346-93fbac469362"",""eval:hidden_tests""]"
pygments__formatter_core__001,experiments/python/openhands/deepseek-v4-flash/main-flash-20260705-232429/pygments__formatter_core__001,deepseek/deepseek-v4-flash,parser_state_coupling,false,true,true,true,0.035218,19,3613,5,2,3,0,false,false,false,completion_signal,passed,experiments/python/openhands/deepseek-v4-flash/main-flash-20260705-232429/pygments__formatter_core__001/agent/openhands_events.jsonl,experiments/python/openhands/deepseek-v4-flash/main-flash-20260705-232429/pygments__formatter_core__001/eval/result.json,"[""328ad6d5-e1fe-466c-9e5d-0c1a68202496"",""5a10f746-a5ef-44eb-9559-bd67f0a7c4dc"",""6f540075-78d8-4d72-9e5f-e1562b74803b"",""b95c6b7c-ad3a-482f-9e36-9b1095e47157"",""cabd4299-bbd7-4473-8871-a9e90a76969a"",""a344a9c1-e1e9-4075-be9c-b0689363f83e"",""8b4f03d5-d7e5-44a5-9b2a-95b890b3d174""]"
coverage__report_core__001,experiments/python/openhands/deepseek-v4-flash/main-flash-20260705-232429/coverage__report_core__001,deepseek/deepseek-v4-flash,config_environment_coupling,false,true,true,true,0.036169,12,1231,2,1,1,0,true,false,true,explicit_finish,passed,experiments/python/openhands/deepseek-v4-flash/main-flash-20260705-232429/coverage__report_core__001/agent/openhands_events.jsonl,experiments/python/openhands/deepseek-v4-flash/main-flash-20260705-232429/coverage__report_core__001/eval/result.json,"[""6fb75af3-3164-43d7-a0da-464df516701f"",""a3bd505a-1654-41a3-bbed-e2ed30420142"",""03d2f700-3d36-421e-ab76-06a55cb52417"",""9b5c16f2-e477-4272-a8ed-dc2fb27f4c30"",""b7da693f-de54-4a95-9d0e-63c07c1bea17""]"
diskcache__eviction_policy_core__hard3_001,experiments/python/openhands/deepseek-v4-flash/batch3-flash-20260708-wave5/diskcache__eviction_policy_core__hard3_001,deepseek/deepseek-v4-flash,resource_coupling,true,true,false,false,0.041578,2,117,2,0,0,0,false,false,true,completion_signal,hidden_interface_or_closure_failure,experiments/python/openhands/deepseek-v4-flash/batch3-flash-20260708-wave5/diskcache__eviction_policy_core__hard3_001/agent/openhands_events.jsonl,experiments/python/openhands/deepseek-v4-flash/batch3-flash-20260708-wave5/diskcache__eviction_policy_core__hard3_001/eval/result.json,"[""f5b4b21a-19fd-4434-bc05-d5de5cc5f52e"",""6a5dd66b-3680-4910-aa2c-26de02794acb"",""8983822d-0773-4a70-b596-104bb30fcb8b"",""eval:hidden_tests""]"
faker__provider_core__001,experiments/python/openhands/deepseek-v4-flash/main-flash-20260705-232429/faker__provider_core__001,deepseek/deepseek-v4-flash,resource_coupling,true,true,true,true,0.052591,21,17701,0,0,0,1,true,false,true,completion_signal,passed,experiments/python/openhands/deepseek-v4-flash/main-flash-20260705-232429/faker__provider_core__001/agent/openhands_events.jsonl,experiments/python/openhands/deepseek-v4-flash/main-flash-20260705-232429/faker__provider_core__001/eval/result.json,"[""43bed501-5b28-456c-964c-2057868a2272"",""f698ad9d-f428-48c4-b8ac-259cf8faba0a""]"
vibe_app__plugin_registry_core__001,experiments/python/openhands/deepseek-v4-flash/main-flash-20260705-232429/vibe_app__plugin_registry_core__001,deepseek/deepseek-v4-flash,legacy_vibe_clutter,true,true,true,true,0.066313,5,75,0,0,5,0,true,false,true,explicit_finish,passed,experiments/python/openhands/deepseek-v4-flash/main-flash-20260705-232429/vibe_app__plugin_registry_core__001/agent/openhands_events.jsonl,experiments/python/openhands/deepseek-v4-flash/main-flash-20260705-232429/vibe_app__plugin_registry_core__001/eval/result.json,"[""fdc46e77-27dc-49d7-beb0-2ce29d5ff8ef"",""ad608fea-110b-4317-b10a-b5af0068a448"",""23b61d7d-60fe-42ad-a423-abd29f118724"",""0575ec0e-bb36-4613-b7c8-b61a1f6e1f66""]"
boltons__iterutils_core__001,experiments/python/openhands/deepseek-v4-flash/main-flash-20260705-232429/boltons__iterutils_core__001,deepseek/deepseek-v4-flash,data_model_coupling,false,true,true,true,0.073405,2,321,3,0,0,1,false,false,true,completion_signal,passed,experiments/python/openhands/deepseek-v4-flash/main-flash-20260705-232429/boltons__iterutils_core__001/agent/openhands_events.jsonl,experiments/python/openhands/deepseek-v4-flash/main-flash-20260705-232429/boltons__iterutils_core__001/eval/result.json,"[""c3e2c55a-b9c6-44fd-8658-01b44e28f059"",""508934b3-db24-4f74-a42e-106b562abe73"",""2293ab04-2cea-4425-8fc3-4d2458fb52f7"",""2602afa4-5b10-4871-9ce3-e6b8f1b2301a""]"
websockets__handshake_parse_core__001,experiments/python/openhands/deepseek-v4-flash/main-flash-20260705-232429/websockets__handshake_parse_core__001,deepseek/deepseek-v4-flash,parser_state_coupling,false,true,true,true,0.089756,10,1118,4,1,0,1,false,false,true,explicit_finish,passed,experiments/python/openhands/deepseek-v4-flash/main-flash-20260705-232429/websockets__handshake_parse_core__001/agent/openhands_events.jsonl,experiments/python/openhands/deepseek-v4-flash/main-flash-20260705-232429/websockets__handshake_parse_core__001/eval/result.json,"[""61ee9b81-17e5-4768-8276-3800434b70de"",""e52e7c1b-6be7-4011-88fe-2ea518f3e13b"",""48c4b1c8-d68a-444f-b0f9-54f0aae8463f"",""bd871873-fadc-4304-982a-7d5921801696"",""21e9803d-fe9c-4848-b285-7508026d7f6f"",""c8c43666-f97b-4a99-8472-24c6c13ef954""]"
click__lazy_command_core__hard3_001,experiments/python/openhands/deepseek-v4-flash/batch3-flash-20260708-wave5/click__lazy_command_core__hard3_001,deepseek/deepseek-v4-flash,framework_coupling,true,true,false,false,0.093680,4,292,8,0,2,0,false,false,true,completion_signal,hidden_interface_or_closure_failure,experiments/python/openhands/deepseek-v4-flash/batch3-flash-20260708-wave5/click__lazy_command_core__hard3_001/agent/openhands_events.jsonl,experiments/python/openhands/deepseek-v4-flash/batch3-flash-20260708-wave5/click__lazy_command_core__hard3_001/eval/result.json,"[""8493e436-818c-4cb1-9f5e-cd46f19ed74e"",""13d8c1ac-7416-4e9a-9d83-9d44babba949"",""3a7f3fcd-bdc9-4a00-85d8-0e32c8016d0e"",""4b66f5b9-0288-48d3-a025-a9b594eb447c"",""be76e535-ea4d-4624-86ce-fd268c30fd6e"",""eval:hidden_tests""]"
platformdirs__app_dirs_core__hard3_001,experiments/python/openhands/deepseek-v4-flash/batch3-flash-20260707-113104/platformdirs__app_dirs_core__hard3_001,deepseek/deepseek-v4-flash,config_environment_coupling,true,true,false,false,0.100709,1,199,0,0,1,0,false,false,true,completion_signal,hidden_behavior_contract_failure,experiments/python/openhands/deepseek-v4-flash/batch3-flash-20260707-113104/platformdirs__app_dirs_core__hard3_001/agent/openhands_events.jsonl,experiments/python/openhands/deepseek-v4-flash/batch3-flash-20260707-113104/platformdirs__app_dirs_core__hard3_001/eval/result.json,"[""d582280a-51be-45a6-b724-ca2345320ccb"",""8df75e37-e860-407a-9441-fc6db3645ce7"",""eval:hidden_tests""]"
pytest__marker_registry_core__hard3_001,experiments/python/openhands/deepseek-v4-flash/batch3-flash-20260708-wave5/pytest__marker_registry_core__hard3_001,deepseek/deepseek-v4-flash,framework_coupling,true,true,false,false,0.102059,4,233,3,0,2,0,true,true,true,completion_signal,hidden_interface_or_closure_failure,experiments/python/openhands/deepseek-v4-flash/batch3-flash-20260708-wave5/pytest__marker_registry_core__hard3_001/agent/openhands_events.jsonl,experiments/python/openhands/deepseek-v4-flash/batch3-flash-20260708-wave5/pytest__marker_registry_core__hard3_001/eval/result.json,"[""af1d46e2-7746-4cdc-987a-a51865f978f2"",""14dbc6b4-e2ee-435d-b093-d24bb403c0a1"",""e16547b0-aff1-4e70-a9ac-536911810b40"",""03b0dc44-9d97-4a8d-804e-61cdf42d1e29"",""67e343d5-431f-4291-82db-2c27e2b03cf2"",""eval:hidden_tests""]"
vibe_app__session_registry_core__001,experiments/python/openhands/deepseek-v4-flash/main-flash-20260705-232429/vibe_app__session_registry_core__001,deepseek/deepseek-v4-flash,legacy_vibe_clutter,true,true,true,true,0.104693,5,87,0,0,0,1,false,false,false,completion_signal,passed,experiments/python/openhands/deepseek-v4-flash/main-flash-20260705-232429/vibe_app__session_registry_core__001/agent/openhands_events.jsonl,experiments/python/openhands/deepseek-v4-flash/main-flash-20260705-232429/vibe_app__session_registry_core__001/eval/result.json,"[""a9f86998-a931-44c6-9ef8-936680a3c600"",""22a42bfd-0cf5-483e-b5fa-81407dee2d74""]"
vibe_app__pricing_rules_core__001,experiments/python/openhands/deepseek-v4-flash/main-flash-20260705-232429/vibe_app__pricing_rules_core__001,deepseek/deepseek-v4-flash,legacy_vibe_clutter,true,true,true,true,0.111621,6,73,0,0,0,1,false,false,true,completion_signal,passed,experiments/python/openhands/deepseek-v4-flash/main-flash-20260705-232429/vibe_app__pricing_rules_core__001/agent/openhands_events.jsonl,experiments/python/openhands/deepseek-v4-flash/main-flash-20260705-232429/vibe_app__pricing_rules_core__001/eval/result.json,"[""e7be5ff9-3c12-44d2-9938-2b7c607bf8a6"",""bc86af6a-46a1-4cef-a1ea-6066e4438a5a""]"
sphinx__extension_registry_core__hard3_001,experiments/python/openhands/deepseek-v4-flash/batch3-flash-20260707-wave2wave4/sphinx__extension_registry_core__hard3_001,deepseek/deepseek-v4-flash,framework_coupling,true,,,false,0.115282,5,129,0,0,1,0,false,true,true,completion_signal,build_syntax_or_version_failure,experiments/python/openhands/deepseek-v4-flash/batch3-flash-20260707-wave2wave4/sphinx__extension_registry_core__hard3_001/agent/openhands_events.jsonl,experiments/python/openhands/deepseek-v4-flash/batch3-flash-20260707-wave2wave4/sphinx__extension_registry_core__hard3_001/eval/result.json,"[""64906364-b28d-43f3-95c9-3f58f081d8b8"",""03da34c1-c7d4-497f-a431-d664ba3baa2b"",""eval:build""]"
babel__plural_core__001,experiments/python/openhands/deepseek-v4-flash/main-flash-20260705-232429/babel__plural_core__001,deepseek/deepseek-v4-flash,third_party_dependency_coupling,true,true,true,true,0.123501,12,1040,5,0,4,1,true,false,true,explicit_finish,passed,experiments/python/openhands/deepseek-v4-flash/main-flash-20260705-232429/babel__plural_core__001/agent/openhands_events.jsonl,experiments/python/openhands/deepseek-v4-flash/main-flash-20260705-232429/babel__plural_core__001/eval/result.json,"[""2f52e19b-e5c3-4ea9-8a5a-ca0166fb9f2b"",""df82e1c9-cffd-427e-b6f0-7015fc3f5e4a"",""d1cfc9bb-e103-4572-9567-00b896a8d553"",""ea7bc72b-d62e-44f5-a82c-103a2b2efa9f"",""ffc9a973-bc90-40c9-943c-2cdb1dcc8267"",""d263c046-1e08-4a24-909a-b5b7e65525f1"",""a0c8edb8-8c2c-4198-b07b-3d61d4109cb8""]"
vibe_app__rules_engine_core__001,experiments/python/openhands/deepseek-v4-flash/main-flash-20260705-232429/vibe_app__rules_engine_core__001,deepseek/deepseek-v4-flash,legacy_vibe_clutter,true,true,true,true,0.128761,5,107,0,0,0,0,false,false,false,completion_signal,passed,experiments/python/openhands/deepseek-v4-flash/main-flash-20260705-232429/vibe_app__rules_engine_core__001/agent/openhands_events.jsonl,experiments/python/openhands/deepseek-v4-flash/main-flash-20260705-232429/vibe_app__rules_engine_core__001/eval/result.json,"[""59a6f3da-e0b8-499f-bbeb-ed07516b3155""]"
werkzeug__routing_core__001,experiments/python/openhands/deepseek-v4-flash/main-flash-20260705-232429/werkzeug__routing_core__001,deepseek/deepseek-v4-flash,framework_coupling,true,true,true,true,0.132117,12,2093,11,1,0,0,false,false,true,completion_signal,passed,experiments/python/openhands/deepseek-v4-flash/main-flash-20260705-232429/werkzeug__routing_core__001/agent/openhands_events.jsonl,experiments/python/openhands/deepseek-v4-flash/main-flash-20260705-232429/werkzeug__routing_core__001/eval/result.json,"[""7d08fe54-28e4-4c97-9a39-bad735302ed5"",""86d384ae-1509-41dd-8618-debe05176501"",""a5d89106-803b-481b-903e-6937861adff4"",""2fc4fa61-7cbc-4adf-85b6-d1f19a0c6dec""]"
sortedcontainers__sorted_list_core__001,experiments/python/openhands/deepseek-v4-flash/main-flash-20260705-232429/sortedcontainers__sorted_list_core__001,deepseek/deepseek-v4-flash,data_model_coupling,false,true,true,true,0.133880,2,1110,7,0,1,0,false,false,true,explicit_finish,passed,experiments/python/openhands/deepseek-v4-flash/main-flash-20260705-232429/sortedcontainers__sorted_list_core__001/agent/openhands_events.jsonl,experiments/python/openhands/deepseek-v4-flash/main-flash-20260705-232429/sortedcontainers__sorted_list_core__001/eval/result.json,"[""812847dd-523e-445d-b71f-408b89e15abf"",""1b94b931-b777-48de-860a-a16f6a001816"",""1d818825-edb9-41d4-a4b9-a0de0a1c08f6"",""5981583f-8a75-44c3-82e1-bb81fab1766f"",""0801693e-5333-4702-9743-c9c1c8d2bb4a""]"
pyramid__configurator_action_core__hard3_001,experiments/python/openhands/deepseek-v4-flash/batch3-flash-20260707-wave2wave4/pyramid__configurator_action_core__hard3_001,deepseek/deepseek-v4-flash,framework_coupling,false,true,false,false,0.140708,4,346,0,0,0,0,true,false,false,completion_signal,hidden_behavior_contract_failure,experiments/python/openhands/deepseek-v4-flash/batch3-flash-20260707-wave2wave4/pyramid__configurator_action_core__hard3_001/agent/openhands_events.jsonl,experiments/python/openhands/deepseek-v4-flash/batch3-flash-20260707-wave2wave4/pyramid__configurator_action_core__hard3_001/eval/result.json,"[""1f21b505-4376-4f4d-942c-0baa8d356e2c"",""eval:hidden_tests""]"
pendulum__parse_format_core__001,experiments/python/openhands/deepseek-v4-flash/main-flash-20260705-232429/pendulum__parse_format_core__001,deepseek/deepseek-v4-flash,parser_state_coupling,false,true,false,false,0.145379,16,1713,14,9,1,0,false,false,true,completion_signal,hidden_interface_or_closure_failure,experiments/python/openhands/deepseek-v4-flash/main-flash-20260705-232429/pendulum__parse_format_core__001/agent/openhands_events.jsonl,experiments/python/openhands/deepseek-v4-flash/main-flash-20260705-232429/pendulum__parse_format_core__001/eval/result.json,"[""589a10cc-0f48-4591-aa47-e176b75f7479"",""b50c29ed-c0de-4cdd-8f9d-cc505fe02bad"",""dadba356-a7b2-4d1f-9a71-9ebe86997dda"",""e1fff445-0584-4208-8007-5b1560c1cc48"",""895ea7a9-2cee-4c5c-a4fa-1e56d36d5879"",""ceaa44a1-6764-4b2b-8a4c-5739bdaf85a6"",""eval:hidden_tests""]"
jinja2__lexer_parser_core__001,experiments/python/openhands/deepseek-v4-flash/main-flash-20260705-232429/jinja2__lexer_parser_core__001,deepseek/deepseek-v4-flash,parser_state_coupling,true,true,true,true,0.158537,8,2886,15,0,0,0,false,false,true,explicit_finish,passed,experiments/python/openhands/deepseek-v4-flash/main-flash-20260705-232429/jinja2__lexer_parser_core__001/agent/openhands_events.jsonl,experiments/python/openhands/deepseek-v4-flash/main-flash-20260705-232429/jinja2__lexer_parser_core__001/eval/result.json,"[""8fdb5e5f-8edf-4c4e-aab2-997968f299bc"",""42e93f3e-378f-4dda-97e4-b53755ae4c3a"",""9937d3db-4fe2-4c6c-b4e9-a4e7e28e2320"",""6eb6a87f-e75e-43b9-958a-44d1603187c8""]"
wsproto__frame_parse_core__001,experiments/python/openhands/deepseek-v4-flash/main-flash-20260705-232429/wsproto__frame_parse_core__001,deepseek/deepseek-v4-flash,parser_state_coupling,true,true,true,true,0.162695,3,512,2,0,0,1,false,false,false,completion_signal,passed,experiments/python/openhands/deepseek-v4-flash/main-flash-20260705-232429/wsproto__frame_parse_core__001/agent/openhands_events.jsonl,experiments/python/openhands/deepseek-v4-flash/main-flash-20260705-232429/wsproto__frame_parse_core__001/eval/result.json,"[""c099aa02-13c6-4251-bc14-b523ac5ea4f0"",""fa1b92f0-d65f-4a2f-b6d3-c5b6c70de668"",""98e9e086-df04-4e0b-ae4d-9aceab721291"",""d10411b7-0d64-497d-ab62-eaf1e7572cba""]"
python_dotenv__env_parse_core__001,experiments/python/openhands/deepseek-v4-flash/main-flash-20260705-232429/python_dotenv__env_parse_core__001,deepseek/deepseek-v4-flash,config_environment_coupling,false,true,true,true,0.164288,4,426,0,0,0,0,false,false,true,explicit_finish,passed,experiments/python/openhands/deepseek-v4-flash/main-flash-20260705-232429/python_dotenv__env_parse_core__001/agent/openhands_events.jsonl,experiments/python/openhands/deepseek-v4-flash/main-flash-20260705-232429/python_dotenv__env_parse_core__001/eval/result.json,"[""37a0b7cc-16a1-478f-8e13-0638c6db450e"",""a3f58e4e-4692-4b70-b30a-a6237cebdb8d""]"
dynaconf__settings_merge_core__001,experiments/python/openhands/deepseek-v4-flash/main-flash-20260705-232429/dynaconf__settings_merge_core__001,deepseek/deepseek-v4-flash,config_environment_coupling,false,true,true,true,0.178331,14,3835,21,0,0,1,false,false,true,explicit_finish,passed,experiments/python/openhands/deepseek-v4-flash/main-flash-20260705-232429/dynaconf__settings_merge_core__001/agent/openhands_events.jsonl,experiments/python/openhands/deepseek-v4-flash/main-flash-20260705-232429/dynaconf__settings_merge_core__001/eval/result.json,"[""e30b970e-e5ee-41f7-8db9-ae18dd2e177d"",""a2186545-7309-498a-a0e5-7f98a6b4331f"",""998202f5-1c38-4b58-9ac6-0a6dce5afcf0"",""7b53e3b4-9c8a-404b-a7f2-4b6e1ffdcfe5"",""8d686c00-9481-42be-a622-e3ceb7ff9769""]"
redis__resp_parser_core__001,experiments/python/openhands/deepseek-v4-flash/main-flash-20260705-232429/redis__resp_parser_core__001,deepseek/deepseek-v4-flash,parser_state_coupling,false,true,true,true,0.178708,10,747,1,0,0,0,false,false,true,explicit_finish,passed,experiments/python/openhands/deepseek-v4-flash/main-flash-20260705-232429/redis__resp_parser_core__001/agent/openhands_events.jsonl,experiments/python/openhands/deepseek-v4-flash/main-flash-20260705-232429/redis__resp_parser_core__001/eval/result.json,"[""0e2606f8-43d8-4e75-99bf-a8175a89dda8"",""7d14b451-01e4-4096-950a-cd6639ac9855"",""6fec6aa2-22f1-400a-8398-e601386c88e3""]"
cachetools__cache_eviction_core__001,experiments/python/openhands/deepseek-v4-flash/main-flash-20260705-232429/cachetools__cache_eviction_core__001,deepseek/deepseek-v4-flash,data_model_coupling,true,true,true,true,0.182994,3,665,3,0,0,0,true,false,true,completion_signal,passed,experiments/python/openhands/deepseek-v4-flash/main-flash-20260705-232429/cachetools__cache_eviction_core__001/agent/openhands_events.jsonl,experiments/python/openhands/deepseek-v4-flash/main-flash-20260705-232429/cachetools__cache_eviction_core__001/eval/result.json,"[""04955e19-6829-4715-b1e7-129b03c5fa95"",""3ff0d735-29db-4300-8b93-699a60d9fa01"",""b005b349-b1de-4b47-b4a2-9c02d72b56d5""]"
mkdocs__plugin_config_core__hard3_001,experiments/python/openhands/deepseek-v4-flash/batch3-flash-20260707-wave2wave4/mkdocs__plugin_config_core__hard3_001,deepseek/deepseek-v4-flash,framework_coupling,true,true,false,false,0.193399,3,375,4,1,1,1,false,true,true,completion_signal,hidden_interface_or_closure_failure,experiments/python/openhands/deepseek-v4-flash/batch3-flash-20260707-wave2wave4/mkdocs__plugin_config_core__hard3_001/agent/openhands_events.jsonl,experiments/python/openhands/deepseek-v4-flash/batch3-flash-20260707-wave2wave4/mkdocs__plugin_config_core__hard3_001/eval/result.json,"[""1eef8cda-fabe-410a-ac31-19c9425b2c7e"",""355cfc62-f15d-4383-821a-bc18156eb48f"",""ad9d2b06-eefe-4322-b65d-0a09b73c2b35"",""a7847a0e-2ec3-467e-8d82-2391cd9d2485"",""90021341-32a5-4b9a-968c-01ed611206cb"",""78e8ac7f-2d11-4d06-9755-af4e37a31b68"",""eval:hidden_tests""]"
rich__markup_parse_core__001,experiments/python/openhands/deepseek-v4-flash/main-flash-20260705-232429/rich__markup_parse_core__001,deepseek/deepseek-v4-flash,parser_state_coupling,false,true,false,false,0.199713,11,4597,7,0,0,1,false,false,true,explicit_finish,hidden_interface_or_closure_failure,experiments/python/openhands/deepseek-v4-flash/main-flash-20260705-232429/rich__markup_parse_core__001/agent/openhands_events.jsonl,experiments/python/openhands/deepseek-v4-flash/main-flash-20260705-232429/rich__markup_parse_core__001/eval/result.json,"[""825df389-9806-40c2-a050-8c9883386a5f"",""30d07b30-719a-46e4-b222-e0a95c97149e"",""a9837a34-d8aa-4799-a579-87edbd00219b"",""c987e1cf-d71a-4b5e-925f-c1166ceb4d5b"",""8e6522cb-ebd7-4186-82e4-d982cd48cd35"",""eval:hidden_tests""]"
humanize__naturaltime_core__001,experiments/python/openhands/deepseek-v4-flash/main-flash-20260705-232429/humanize__naturaltime_core__001,deepseek/deepseek-v4-flash,data_model_coupling,false,true,true,true,0.202190,4,480,2,0,0,0,false,false,true,explicit_finish,passed,experiments/python/openhands/deepseek-v4-flash/main-flash-20260705-232429/humanize__naturaltime_core__001/agent/openhands_events.jsonl,experiments/python/openhands/deepseek-v4-flash/main-flash-20260705-232429/humanize__naturaltime_core__001/eval/result.json,"[""de8ab5ba-77d4-44cb-9f74-b89a074cb07d"",""f2998f58-1bf1-4888-9021-46769baf53c6"",""86a039ee-46f2-409c-9ec2-456fe6e81d5c"",""481a882d-c263-49db-9e37-8412c4eedd51""]"
urllib3__retry_backoff_core__001,experiments/python/openhands/deepseek-v4-flash/main-flash-20260705-232429/urllib3__retry_backoff_core__001,deepseek/deepseek-v4-flash,config_environment_coupling,false,true,true,true,0.202812,4,476,3,1,0,0,false,false,true,explicit_finish,passed,experiments/python/openhands/deepseek-v4-flash/main-flash-20260705-232429/urllib3__retry_backoff_core__001/agent/openhands_events.jsonl,experiments/python/openhands/deepseek-v4-flash/main-flash-20260705-232429/urllib3__retry_backoff_core__001/eval/result.json,"[""ddb337b0-e270-41c3-adbd-b0b846854a9d"",""f4f69772-323f-4355-8d44-eb882541dca4"",""d59d1565-9859-4cd1-a639-63e27fdcb59d"",""dee65125-3b70-4075-a304-e5b8fecf371a"",""7404b50d-e522-496a-915f-708506f1acd9""]"
environs__typed_env_core__001,experiments/python/openhands/deepseek-v4-flash/main-flash-20260705-232429/environs__typed_env_core__001,deepseek/deepseek-v4-flash,config_environment_coupling,false,true,true,true,0.207478,3,455,2,0,1,1,false,false,true,explicit_finish,passed,experiments/python/openhands/deepseek-v4-flash/main-flash-20260705-232429/environs__typed_env_core__001/agent/openhands_events.jsonl,experiments/python/openhands/deepseek-v4-flash/main-flash-20260705-232429/environs__typed_env_core__001/eval/result.json,"[""5b45d4a6-571b-42fb-a026-1f38f87f1ba2"",""779711e5-31d9-489b-a991-3f7b43068352"",""5fb79d5e-0837-424a-98d7-150f89adab51"",""33bcc96f-9164-4942-ae78-ed3dfcf813f7"",""a040a9e8-7b3e-4c18-bb43-2186ab3e3551"",""819deda0-ce3c-45da-9a49-caa66c9495c6""]"
vibe_app__csv_transform_core__001,experiments/python/openhands/deepseek-v4-flash/main-flash-20260705-232429/vibe_app__csv_transform_core__001,deepseek/deepseek-v4-flash,legacy_vibe_clutter,true,true,true,true,0.209480,14,137,0,0,0,0,false,false,true,explicit_finish,passed,experiments/python/openhands/deepseek-v4-flash/main-flash-20260705-232429/vibe_app__csv_transform_core__001/agent/openhands_events.jsonl,experiments/python/openhands/deepseek-v4-flash/main-flash-20260705-232429/vibe_app__csv_transform_core__001/eval/result.json,"[""6cac35c9-a118-4b4d-9b4d-53691dad900a"",""6882f5ea-4290-414c-a802-241673f30540""]"
vibe_app__orm_query_ast_core__001,experiments/python/openhands/deepseek-v4-flash/main-flash-20260705-232429/vibe_app__orm_query_ast_core__001,deepseek/deepseek-v4-flash,framework_coupling,true,true,true,true,0.212202,5,240,0,0,0,0,false,false,true,explicit_finish,passed,experiments/python/openhands/deepseek-v4-flash/main-flash-20260705-232429/vibe_app__orm_query_ast_core__001/agent/openhands_events.jsonl,experiments/python/openhands/deepseek-v4-flash/main-flash-20260705-232429/vibe_app__orm_query_ast_core__001/eval/result.json,"[""a48c1f3f-e5e9-4b27-b03a-47099fad03eb"",""64a10aab-7c3f-4e1e-96ed-a6f1f2489494""]"
arrow__parse_format_core__001,experiments/python/openhands/deepseek-v4-flash/main-flash-20260705-232429/arrow__parse_format_core__001,deepseek/deepseek-v4-flash,parser_state_coupling,false,true,true,true,0.212622,9,1789,9,0,0,0,false,false,false,explicit_finish,passed,experiments/python/openhands/deepseek-v4-flash/main-flash-20260705-232429/arrow__parse_format_core__001/agent/openhands_events.jsonl,experiments/python/openhands/deepseek-v4-flash/main-flash-20260705-232429/arrow__parse_format_core__001/eval/result.json,"[""fce35221-b9f6-422b-889f-80197b3694a9"",""1fc8f424-df15-4453-8d02-44495662fa32"",""3e440778-f5d9-4b6c-aa30-9cb929c83be5"",""ce78351e-179c-431c-be88-2dae6b6ff645""]"
aiohttp__url_params_core__hard3_001,experiments/python/openhands/deepseek-v4-flash/batch3-flash-20260708-wave5/aiohttp__url_params_core__hard3_001,deepseek/deepseek-v4-flash,data_model_coupling,false,true,false,false,0.213666,4,197,1,0,0,1,true,false,true,completion_signal,hidden_behavior_contract_failure,experiments/python/openhands/deepseek-v4-flash/batch3-flash-20260708-wave5/aiohttp__url_params_core__hard3_001/agent/openhands_events.jsonl,experiments/python/openhands/deepseek-v4-flash/batch3-flash-20260708-wave5/aiohttp__url_params_core__hard3_001/eval/result.json,"[""80071e34-b01b-4be9-9114-f63371fefeaa"",""8372233d-4bc3-4946-9d23-69acd492205c"",""535c7a75-b4f9-4954-a80d-81b53ad44407"",""eval:hidden_tests""]"
httpx__request_model_core__001,experiments/python/openhands/deepseek-v4-flash/main-flash-20260705-232429/httpx__request_model_core__001,deepseek/deepseek-v4-flash,data_model_coupling,false,true,false,false,0.215186,9,1570,11,0,0,0,false,false,true,explicit_finish,hidden_behavior_contract_failure,experiments/python/openhands/deepseek-v4-flash/main-flash-20260705-232429/httpx__request_model_core__001/agent/openhands_events.jsonl,experiments/python/openhands/deepseek-v4-flash/main-flash-20260705-232429/httpx__request_model_core__001/eval/result.json,"[""11719004-6c27-4b10-b999-5807be527bf2"",""a66d0679-a086-46b3-aaf9-056cfd6db3db"",""9cc03b0b-8e24-44d7-a2b7-49bb6cd9f3af"",""06cb2f56-eb81-455a-8faa-84715c30aa05"",""eval:hidden_tests""]"
yarl__url_model_core__001,experiments/python/openhands/deepseek-v4-flash/main-flash-20260705-232429/yarl__url_model_core__001,deepseek/deepseek-v4-flash,parser_state_coupling,true,true,true,true,0.222194,8,1754,7,0,0,1,false,false,true,completion_signal,passed,experiments/python/openhands/deepseek-v4-flash/main-flash-20260705-232429/yarl__url_model_core__001/agent/openhands_events.jsonl,experiments/python/openhands/deepseek-v4-flash/main-flash-20260705-232429/yarl__url_model_core__001/eval/result.json,"[""0aaeceab-f569-42ba-81cb-a9486d9805c4"",""5a9ed760-5d93-4fbb-88c9-9c92db46f50c"",""8daa48ad-f832-4db7-b30f-778074471262"",""5d307013-7997-4d75-8241-a34e2e645bcc""]"
python_frontmatter__roundtrip_core__001,experiments/python/openhands/deepseek-v4-flash/main-flash-20260705-232429/python_frontmatter__roundtrip_core__001,deepseek/deepseek-v4-flash,parser_state_coupling,false,true,true,true,0.222886,3,224,0,0,0,0,false,false,true,explicit_finish,passed,experiments/python/openhands/deepseek-v4-flash/main-flash-20260705-232429/python_frontmatter__roundtrip_core__001/agent/openhands_events.jsonl,experiments/python/openhands/deepseek-v4-flash/main-flash-20260705-232429/python_frontmatter__roundtrip_core__001/eval/result.json,"[""cc71dca4-6e06-4e06-bfc8-16cf41921aa4"",""6399a7e3-a1bd-460e-8329-a37d91a35e58""]"
croniter__cron_parse_core__001,experiments/python/openhands/deepseek-v4-flash/main-flash-20260705-232429/croniter__cron_parse_core__001,deepseek/deepseek-v4-flash,parser_state_coupling,false,true,true,true,0.224503,2,711,3,0,0,0,false,false,true,completion_signal,passed,experiments/python/openhands/deepseek-v4-flash/main-flash-20260705-232429/croniter__cron_parse_core__001/agent/openhands_events.jsonl,experiments/python/openhands/deepseek-v4-flash/main-flash-20260705-232429/croniter__cron_parse_core__001/eval/result.json,"[""72211783-5b23-4610-b572-a63711260f1d"",""9817e092-a1e6-4642-b544-46f035e02caf"",""c56a5119-a795-4b92-916d-90aaf961644e""]"
xmltodict__xml_parse_core__001,experiments/python/openhands/deepseek-v4-flash/main-flash-20260705-232429/xmltodict__xml_parse_core__001,deepseek/deepseek-v4-flash,parser_state_coupling,true,true,false,false,0.226415,1,360,3,0,0,1,false,false,true,explicit_finish,hidden_interface_or_closure_failure,experiments/python/openhands/deepseek-v4-flash/main-flash-20260705-232429/xmltodict__xml_parse_core__001/agent/openhands_events.jsonl,experiments/python/openhands/deepseek-v4-flash/main-flash-20260705-232429/xmltodict__xml_parse_core__001/eval/result.json,"[""178c1efd-1e92-48fe-8cf0-768012557303"",""e8233616-7b7b-48e7-9bfd-8d74e3cfe5f7"",""1eb47180-f1d0-42d9-ae7b-0e42cc67ec78"",""83a6c7d1-c86f-4942-8120-5791ef28a562"",""e15501e2-6615-480d-86f0-ef4afd55baa7"",""eval:hidden_tests""]"
voluptuous__schema_validate_core__001,experiments/python/openhands/deepseek-v4-flash/main-flash-20260705-232429/voluptuous__schema_validate_core__001,deepseek/deepseek-v4-flash,data_model_coupling,false,true,true,true,0.229943,4,920,5,0,0,2,false,false,true,explicit_finish,passed,experiments/python/openhands/deepseek-v4-flash/main-flash-20260705-232429/voluptuous__schema_validate_core__001/agent/openhands_events.jsonl,experiments/python/openhands/deepseek-v4-flash/main-flash-20260705-232429/voluptuous__schema_validate_core__001/eval/result.json,"[""5bd3cd7e-142c-4f78-97da-0addb21fb54d"",""55e5567c-0ccc-40fb-a3c4-f53ee2956e3d"",""8e2a59a4-9a78-44f3-9490-2510905ffcb1"",""1d5e2048-4beb-4383-b4c0-371c489ba560"",""6a1d9acf-01a8-4475-95fc-0e5474dc4d82"",""ca338d1f-3181-4675-9100-d608c13b4c8e""]"
passlib__hash_context_core__001,experiments/python/openhands/deepseek-v4-flash/main-flash-20260705-232429/passlib__hash_context_core__001,deepseek/deepseek-v4-flash,data_model_coupling,true,true,true,true,0.242970,14,7137,1,1,0,0,false,false,true,explicit_finish,passed,experiments/python/openhands/deepseek-v4-flash/main-flash-20260705-232429/passlib__hash_context_core__001/agent/openhands_events.jsonl,experiments/python/openhands/deepseek-v4-flash/main-flash-20260705-232429/passlib__hash_context_core__001/eval/result.json,"[""ac1f21ca-26a4-480e-845c-96d1ffef12aa"",""3981e3a6-11ed-4455-ab53-e860186c142d"",""54e37be9-0c5c-4329-89f0-4c8defdc8d1f""]"
jsonschema__validator_core__001,experiments/python/openhands/deepseek-v4-flash/main-flash-20260705-232429/jsonschema__validator_core__001,deepseek/deepseek-v4-flash,data_model_coupling,true,true,true,true,0.244170,9,2094,1,0,1,1,false,false,true,completion_signal,passed,experiments/python/openhands/deepseek-v4-flash/main-flash-20260705-232429/jsonschema__validator_core__001/agent/openhands_events.jsonl,experiments/python/openhands/deepseek-v4-flash/main-flash-20260705-232429/jsonschema__validator_core__001/eval/result.json,"[""40a1210b-e40c-486f-80c3-98bfc81e3f49"",""30a9160a-9871-4d16-ac4c-05c9a02418a0"",""f3c8904b-b95e-4f15-8b6a-aa79a12da2dd"",""e5972fdd-d88a-4e94-8aca-8cc6ec399456""]"
flake8__plugin_options_core__hard3_001,experiments/python/openhands/deepseek-v4-flash/batch3-flash-20260707-wave2wave4/flake8__plugin_options_core__hard3_001,deepseek/deepseek-v4-flash,framework_coupling,true,true,false,false,0.246681,3,223,0,0,3,0,false,true,true,completion_signal,hidden_interface_or_closure_failure,experiments/python/openhands/deepseek-v4-flash/batch3-flash-20260707-wave2wave4/flake8__plugin_options_core__hard3_001/agent/openhands_events.jsonl,experiments/python/openhands/deepseek-v4-flash/batch3-flash-20260707-wave2wave4/flake8__plugin_options_core__hard3_001/eval/result.json,"[""f54063a9-f200-42c7-b0f9-c965374cbb05"",""c8153592-e065-476b-b6f9-badcc161b08d"",""919e3f99-2d4f-4071-af0c-eae0351e1cf0"",""eval:hidden_tests""]"
setuptools_scm__version_normalize_core__hard3_001,experiments/python/openhands/deepseek-v4-flash/batch3-flash-20260708-wave5/setuptools_scm__version_normalize_core__hard3_001,deepseek/deepseek-v4-flash,data_model_coupling,false,true,false,false,0.812950,1,113,0,0,3,0,false,false,true,completion_signal,hidden_behavior_contract_failure,experiments/python/openhands/deepseek-v4-flash/batch3-flash-20260708-wave5/setuptools_scm__version_normalize_core__hard3_001/agent/openhands_events.jsonl,experiments/python/openhands/deepseek-v4-flash/batch3-flash-20260708-wave5/setuptools_scm__version_normalize_core__hard3_001/eval/result.json,"[""b958e6b6-e2a4-40ce-b9cd-4d1f0a5011d0"",""289b8e63-47dc-411b-a03d-3cc40538e7ff"",""c37b1bc8-774c-4ed3-83d9-d2ca77e8f320"",""eval:hidden_tests""]"
celery__signal_dispatch_core__hard3_001,experiments/python/openhands/deepseek-v4-flash/batch3-flash-20260707-wave2wave4/celery__signal_dispatch_core__hard3_001,deepseek/deepseek-v4-flash,framework_coupling,true,true,true,true,0.855362,2,343,1,0,2,0,false,true,true,explicit_finish,passed,experiments/python/openhands/deepseek-v4-flash/batch3-flash-20260707-wave2wave4/celery__signal_dispatch_core__hard3_001/agent/openhands_events.jsonl,experiments/python/openhands/deepseek-v4-flash/batch3-flash-20260707-wave2wave4/celery__signal_dispatch_core__hard3_001/eval/result.json,"[""d627c88b-ef9e-4523-a102-faa9241d9160"",""f5ab3548-669b-4309-b124-0a7ad1ba57ef"",""a123bd36-ce60-4a85-8cc6-ecf071fecf92"",""0240af54-6d6c-480c-ac14-353a551fcb7f"",""abf875cb-8cb2-407a-9251-b9e7547b22ff""]"
typer__command_parser_core__001,experiments/python/openhands/deepseek-v4-flash/main-flash-20260705-232429/typer__command_parser_core__001,deepseek/deepseek-v4-flash,framework_coupling,false,true,true,true,0.863239,26,10175,13,1,3,0,false,false,true,completion_signal,passed,experiments/python/openhands/deepseek-v4-flash/main-flash-20260705-232429/typer__command_parser_core__001/agent/openhands_events.jsonl,experiments/python/openhands/deepseek-v4-flash/main-flash-20260705-232429/typer__command_parser_core__001/eval/result.json,"[""67d2f54a-03a9-4624-8d92-50d75e3d85cf"",""ff190274-9d17-49cc-9567-a8894cb25b85"",""b8f000ca-539d-4805-a707-2b50a5dc26e7"",""210b1bc9-9d1e-4771-8261-b1c1b4c6c562"",""6c8d2e45-fc7e-4fe7-92da-1661a56c5910"",""4a91ac6d-a28a-4f94-bd63-a2af0794c9de""]"
tox__factor_expression_core__hard3_001,experiments/python/openhands/deepseek-v4-flash/batch3-flash-20260707-wave2wave4/tox__factor_expression_core__hard3_001,deepseek/deepseek-v4-flash,parser_state_coupling,true,true,true,true,0.863971,1,235,0,0,0,0,false,false,true,explicit_finish,passed,experiments/python/openhands/deepseek-v4-flash/batch3-flash-20260707-wave2wave4/tox__factor_expression_core__hard3_001/agent/openhands_events.jsonl,experiments/python/openhands/deepseek-v4-flash/batch3-flash-20260707-wave2wave4/tox__factor_expression_core__hard3_001/eval/result.json,"[""45870fed-c848-4ff4-80bf-6b0b0617ede5"",""45e359b8-f8df-4d0d-8282-d1277aca5cae""]"
returns__result_pipeline_core__hard3_001,experiments/python/openhands/deepseek-v4-flash/batch3-flash-20260708-wave5/returns__result_pipeline_core__hard3_001,deepseek/deepseek-v4-flash,data_model_coupling,false,true,false,false,0.868251,12,402,2,1,0,0,false,true,true,completion_signal,hidden_behavior_contract_failure,experiments/python/openhands/deepseek-v4-flash/batch3-flash-20260708-wave5/returns__result_pipeline_core__hard3_001/agent/openhands_events.jsonl,experiments/python/openhands/deepseek-v4-flash/batch3-flash-20260708-wave5/returns__result_pipeline_core__hard3_001/eval/result.json,"[""19e561fc-899d-439e-96d0-7fcdf5b94a6b"",""174dca08-6a19-4b7c-8d34-7b3781b7ece4"",""d67fb933-192e-41b2-b295-582814d368a1"",""eval:hidden_tests""]"
stevedore__extension_manager_core__hard3_001,experiments/python/openhands/deepseek-v4-flash/batch3-flash-20260707-113104/stevedore__extension_manager_core__hard3_001,deepseek/deepseek-v4-flash,framework_coupling,true,true,true,true,0.878917,4,617,0,0,0,0,false,false,true,completion_signal,passed,experiments/python/openhands/deepseek-v4-flash/batch3-flash-20260707-113104/stevedore__extension_manager_core__hard3_001/agent/openhands_events.jsonl,experiments/python/openhands/deepseek-v4-flash/batch3-flash-20260707-113104/stevedore__extension_manager_core__hard3_001/eval/result.json,"[""c98c6e5a-d4b1-45f8-8a7d-cde36690b202""]"
pyyaml__safe_load_dump__001,experiments/python/openhands/deepseek-v4-flash/main-flash-20260705-232429/pyyaml__safe_load_dump__001,deepseek/deepseek-v4-flash,parser_state_coupling,false,true,true,true,0.919326,16,4091,0,0,0,0,false,false,true,explicit_finish,passed,experiments/python/openhands/deepseek-v4-flash/main-flash-20260705-232429/pyyaml__safe_load_dump__001/agent/openhands_events.jsonl,experiments/python/openhands/deepseek-v4-flash/main-flash-20260705-232429/pyyaml__safe_load_dump__001/eval/result.json,"[""82c5bad3-f10e-43e1-8e1e-12876c700c14"",""70951527-bacc-4cbe-a6ca-a7decedf3855""]"
markdown_it__commonmark_render__001,experiments/python/openhands/deepseek-v4-flash/main-flash-20260705-232429/markdown_it__commonmark_render__001,deepseek/deepseek-v4-flash,parser_state_coupling,false,true,true,true,0.924411,61,4158,0,0,1,1,false,false,true,completion_signal,passed,experiments/python/openhands/deepseek-v4-flash/main-flash-20260705-232429/markdown_it__commonmark_render__001/agent/openhands_events.jsonl,experiments/python/openhands/deepseek-v4-flash/main-flash-20260705-232429/markdown_it__commonmark_render__001/eval/result.json,"[""816309ae-b6e6-4868-bb5f-8f9be010fb96"",""0a84baeb-786a-42fa-b27c-b49746b9b297"",""d8b9dc4c-f774-463d-b1b0-301c3a912ef7""]"
pluggy__hook_specs_core__001,experiments/python/openhands/deepseek-v4-flash/main-flash-20260705-232429/pluggy__hook_specs_core__001,deepseek/deepseek-v4-flash,framework_coupling,true,true,true,true,0.934174,6,667,0,0,0,0,false,false,true,completion_signal,passed,experiments/python/openhands/deepseek-v4-flash/main-flash-20260705-232429/pluggy__hook_specs_core__001/agent/openhands_events.jsonl,experiments/python/openhands/deepseek-v4-flash/main-flash-20260705-232429/pluggy__hook_specs_core__001/eval/result.json,"[""c7f91152-dae2-41b4-9e27-f99cce258b93""]"
pluggy__hook_call_order__001,experiments/python/openhands/deepseek-v4-flash/main-flash-20260705-232429/pluggy__hook_call_order__001,deepseek/deepseek-v4-flash,framework_coupling,true,true,true,true,0.938375,7,670,0,0,0,0,false,false,true,explicit_finish,passed,experiments/python/openhands/deepseek-v4-flash/main-flash-20260705-232429/pluggy__hook_call_order__001/agent/openhands_events.jsonl,experiments/python/openhands/deepseek-v4-flash/main-flash-20260705-232429/pluggy__hook_call_order__001/eval/result.json,"[""d8f0ddd9-255f-4121-9c75-c4d129f04cfb"",""9c650fd4-32d4-4afd-9b37-15b377cc15e7""]"
requests_cache__cache_key_core__hard3_001,experiments/python/openhands/deepseek-v4-flash/batch3-flash-20260707-113104/requests_cache__cache_key_core__hard3_001,deepseek/deepseek-v4-flash,third_party_dependency_coupling,true,true,false,false,0.963190,6,471,0,0,0,0,false,false,true,completion_signal,hidden_interface_or_closure_failure,experiments/python/openhands/deepseek-v4-flash/batch3-flash-20260707-113104/requests_cache__cache_key_core__hard3_001/agent/openhands_events.jsonl,experiments/python/openhands/deepseek-v4-flash/batch3-flash-20260707-113104/requests_cache__cache_key_core__hard3_001/eval/result.json,"[""ad2fc573-1401-4d53-8856-ab4034c217d6"",""eval:hidden_tests""]"
multidict__multidict_mutation_core__hard3_001,experiments/python/openhands/deepseek-v4-flash/batch3-flash-20260707-wave2wave4/multidict__multidict_mutation_core__hard3_001,deepseek/deepseek-v4-flash,data_model_coupling,false,true,true,true,0.989646,2,1147,2,0,0,0,false,true,true,completion_signal,passed,experiments/python/openhands/deepseek-v4-flash/batch3-flash-20260707-wave2wave4/multidict__multidict_mutation_core__hard3_001/agent/openhands_events.jsonl,experiments/python/openhands/deepseek-v4-flash/batch3-flash-20260707-wave2wave4/multidict__multidict_mutation_core__hard3_001/eval/result.json,"[""c497745e-a6e1-4246-ba4d-ca30b45e2dd9"",""c2a3bf3e-80cc-4cce-904a-22b1d80267a6"",""2ce5252d-309c-41cb-bdc7-5e47b5c44a1f""]"
coverage__config_merge_core__001,experiments/python/openhands/deepseek-v4-flash/main-flash-20260705-232429/coverage__config_merge_core__001,deepseek/deepseek-v4-flash,config_environment_coupling,false,true,false,false,1.000000,2,264,0,0,0,0,false,false,true,explicit_finish,hidden_behavior_contract_failure,experiments/python/openhands/deepseek-v4-flash/main-flash-20260705-232429/coverage__config_merge_core__001/agent/openhands_events.jsonl,experiments/python/openhands/deepseek-v4-flash/main-flash-20260705-232429/coverage__config_merge_core__001/eval/result.json,"[""89c4db31-c9c8-483e-8b1d-cf9d53395808"",""3b5cf3a1-ab42-4e7d-a4bb-13cf9ac4058c"",""eval:hidden_tests""]"
coverage__glob_matcher_core__001,experiments/python/openhands/deepseek-v4-flash/main-flash-20260705-232429/coverage__glob_matcher_core__001,deepseek/deepseek-v4-flash,resource_coupling,true,true,true,true,1.000000,5,233,1,0,0,0,true,false,true,explicit_finish,passed,experiments/python/openhands/deepseek-v4-flash/main-flash-20260705-232429/coverage__glob_matcher_core__001/agent/openhands_events.jsonl,experiments/python/openhands/deepseek-v4-flash/main-flash-20260705-232429/coverage__glob_matcher_core__001/eval/result.json,"[""e9020718-23e3-403a-8319-05f6ad7e4c4d"",""e1fea54e-4e78-4cd7-88ab-8af2ec0673c1"",""06055d14-f5a0-4395-a6b1-0fc264ee50e7""]"
coverage__path_remap_core__001,experiments/python/openhands/deepseek-v4-flash/main-flash-20260705-232429/coverage__path_remap_core__001,deepseek/deepseek-v4-flash,resource_coupling,true,true,true,true,1.000000,3,228,0,0,1,0,false,false,true,explicit_finish,passed,experiments/python/openhands/deepseek-v4-flash/main-flash-20260705-232429/coverage__path_remap_core__001/agent/openhands_events.jsonl,experiments/python/openhands/deepseek-v4-flash/main-flash-20260705-232429/coverage__path_remap_core__001/eval/result.json,"[""72c32412-5926-4359-9497-c54c912bb003"",""c5c2f311-5080-46d1-93e5-5203acf3002c"",""1e03cd05-3584-4b31-a05c-e8cf55fc2b86""]"
coverage__source_selection_core__001,experiments/python/openhands/deepseek-v4-flash/main-flash-20260705-232429/coverage__source_selection_core__001,deepseek/deepseek-v4-flash,config_environment_coupling,true,true,true,true,1.000000,8,482,3,1,1,1,false,false,true,completion_signal,passed,experiments/python/openhands/deepseek-v4-flash/main-flash-20260705-232429/coverage__source_selection_core__001/agent/openhands_events.jsonl,experiments/python/openhands/deepseek-v4-flash/main-flash-20260705-232429/coverage__source_selection_core__001/eval/result.json,"[""1b18eedf-3fa2-4bfa-98ba-b9000e0110c8"",""353f6a05-43fa-423c-a368-d8f9512e4937"",""aead8440-4fb6-4e16-bf51-f2383914807e"",""a743710a-faeb-455e-9181-2cf1addc979a"",""14e96330-c02e-4716-9daa-388c3fdb740f"",""62dd1bd2-c4bd-4120-9f01-96291c1258ef""]"
jsonpath_ng__expression_eval_core__001,experiments/python/openhands/deepseek-v4-flash/main-flash-20260705-232429/jsonpath_ng__expression_eval_core__001,deepseek/deepseek-v4-flash,parser_state_coupling,false,true,true,true,1.000241,14,4143,2,0,0,0,true,false,true,explicit_finish,passed,experiments/python/openhands/deepseek-v4-flash/main-flash-20260705-232429/jsonpath_ng__expression_eval_core__001/agent/openhands_events.jsonl,experiments/python/openhands/deepseek-v4-flash/main-flash-20260705-232429/jsonpath_ng__expression_eval_core__001/eval/result.json,"[""e3bc1e28-ed92-4923-a24e-351370c8e779"",""c9e7e9ed-6775-44d2-96fe-d26fb28de476"",""370c19f0-433a-43a3-9cb1-03a94227e1c9"",""8adad841-82aa-43f5-990c-1986c92160cc""]"
parsel__selector_namespace_core__hard3_001,experiments/python/openhands/deepseek-v4-flash/batch3-flash-20260708-wave5/parsel__selector_namespace_core__hard3_001,deepseek/deepseek-v4-flash,data_model_coupling,true,true,false,false,1.034437,5,781,3,0,1,0,false,true,true,explicit_finish,hidden_interface_or_closure_failure,experiments/python/openhands/deepseek-v4-flash/batch3-flash-20260708-wave5/parsel__selector_namespace_core__hard3_001/agent/openhands_events.jsonl,experiments/python/openhands/deepseek-v4-flash/batch3-flash-20260708-wave5/parsel__selector_namespace_core__hard3_001/eval/result.json,"[""ba17601f-4bae-49b5-833a-f7ac8bb9ac9e"",""f9de7651-56da-42fa-af18-4f72ece24075"",""ecfdd1ca-b4f5-4a8c-a302-3d947930dadf"",""525c3a9e-dfbb-49f9-9f4d-44e1a37247bb"",""5c22cd8e-a494-4db5-9890-4582da880548"",""eval:hidden_tests""]"
sqlalchemy__event_dispatch_core__hard3_001,experiments/python/openhands/deepseek-v4-flash/batch3-flash-20260707-wave2wave4/sqlalchemy__event_dispatch_core__hard3_001,deepseek/deepseek-v4-flash,framework_coupling,true,true,true,true,1.139605,8,1502,2,0,1,1,false,true,true,explicit_finish,passed,experiments/python/openhands/deepseek-v4-flash/batch3-flash-20260707-wave2wave4/sqlalchemy__event_dispatch_core__hard3_001/agent/openhands_events.jsonl,experiments/python/openhands/deepseek-v4-flash/batch3-flash-20260707-wave2wave4/sqlalchemy__event_dispatch_core__hard3_001/eval/result.json,"[""c46dddd1-b647-45aa-9784-4c584e29461c"",""ebb5381a-141c-4303-847b-b0132febea20"",""06778ac4-d540-49f4-98c1-574539ec120c"",""73e62f4b-7fe3-49a7-b393-473575b9ea84"",""6cf04002-1109-41c2-a810-0f839a2ee1fb"",""3aecc8c6-df21-4897-854e-7575cadbb4e4""]"
yamale__schema_validate_core__hard3_001,experiments/python/openhands/deepseek-v4-flash/batch3-flash-20260707-wave2wave4/yamale__schema_validate_core__hard3_001,deepseek/deepseek-v4-flash,data_model_coupling,false,,,false,1.298456,16,757,1,1,0,0,false,false,true,completion_signal,evaluator_or_environment_error,experiments/python/openhands/deepseek-v4-flash/batch3-flash-20260707-wave2wave4/yamale__schema_validate_core__hard3_001/agent/openhands_events.jsonl,experiments/python/openhands/deepseek-v4-flash/batch3-flash-20260707-wave2wave4/yamale__schema_validate_core__hard3_001/eval/result.json,"[""ee3433b3-5447-4827-85bf-80d78e697ee8"",""cba1c648-5bf8-492f-824b-a9a173f14558"",""eval:build"",""eval:dependency_install_failed""]"
scrapy__item_loader_core__hard3_001,experiments/python/openhands/deepseek-v4-flash/batch3-flash-20260707-wave2wave4/scrapy__item_loader_core__hard3_001,deepseek/deepseek-v4-flash,framework_coupling,true,true,false,false,2.192308,6,399,6,4,6,2,false,false,false,completion_signal,hidden_behavior_contract_failure,experiments/python/openhands/deepseek-v4-flash/batch3-flash-20260707-wave2wave4/scrapy__item_loader_core__hard3_001/agent/openhands_events.jsonl,experiments/python/openhands/deepseek-v4-flash/batch3-flash-20260707-wave2wave4/scrapy__item_loader_core__hard3_001/eval/result.json,"[""b6eacfa7-4ba1-4310-a408-e99a5a17d77a"",""69b20587-fe18-4a52-a9e7-d8c59c28bfdc"",""c5ddeb7c-fe3e-4da3-9da1-7bbfb76be91f"",""0dfbb865-a30f-44f5-ab65-64356dae75af"",""d0534e36-49e8-49b0-91e2-f989d65acfd5"",""dbf77462-481c-4b15-b167-90bd3f5b1e6c"",""0e0a0db4-296b-4c0a-beb9-a24363658db0"",""1248c165-fe1c-4417-850c-611081ad8b8e"",""eval:hidden_tests""]"
readme_renderer__content_type_core__hard3_001,experiments/python/openhands/deepseek-v4-flash/batch3-flash-20260708-wave5/readme_renderer__content_type_core__hard3_001,deepseek/deepseek-v4-flash,data_model_coupling,false,,,false,3.044248,5,344,12,12,1,0,false,false,true,completion_signal,dependency_closure_omission,experiments/python/openhands/deepseek-v4-flash/batch3-flash-20260708-wave5/readme_renderer__content_type_core__hard3_001/agent/openhands_events.jsonl,experiments/python/openhands/deepseek-v4-flash/batch3-flash-20260708-wave5/readme_renderer__content_type_core__hard3_001/eval/result.json,"[""c5208f5e-528b-4d64-ba6d-ef42395f252b"",""3040bfc9-df69-4263-acf0-2e4454ec221d"",""f274ab53-2a2a-4bc0-9f08-0d1a68cc0b8a"",""c27b24cb-6d6d-4f13-a746-f5ddf3eeac11"",""eval:build""]"
virtualenv__interpreter_spec_core__hard3_001,experiments/python/openhands/deepseek-v4-flash/batch3-flash-20260708-wave5/virtualenv__interpreter_spec_core__hard3_001,deepseek/deepseek-v4-flash,resource_coupling,true,true,false,false,8.918919,2,330,1,0,0,2,false,true,true,explicit_finish,hidden_interface_or_closure_failure,experiments/python/openhands/deepseek-v4-flash/batch3-flash-20260708-wave5/virtualenv__interpreter_spec_core__hard3_001/agent/openhands_events.jsonl,experiments/python/openhands/deepseek-v4-flash/batch3-flash-20260708-wave5/virtualenv__interpreter_spec_core__hard3_001/eval/result.json,"[""1696ddab-8912-43f9-8e3f-718ce9f1e15e"",""cd760be5-a448-41a5-be23-54b3306ea86e"",""2b0188f5-4976-479d-9e73-7cd693d1f2ec"",""2d134750-f79e-4667-8591-1d26f0eb4217"",""13fff8ee-66d1-471d-9380-a0c5bd89f21e"",""eval:hidden_tests""]"
pytest__ini_markers_core__001,experiments/python/openhands/qwen3-coder-30b-a3b-instruct/main-20260702-212731/pytest__ini_markers_core__001,openai/Qwen3-Coder-30B-A3B-Instruct,config_environment_coupling,true,true,false,false,0.000707,2,54,3,0,0,0,false,false,true,explicit_finish,hidden_behavior_contract_failure,experiments/python/openhands/qwen3-coder-30b-a3b-instruct/main-20260702-212731/pytest__ini_markers_core__001/agent/openhands_events.jsonl,experiments/python/openhands/qwen3-coder-30b-a3b-instruct/main-20260702-212731/pytest__ini_markers_core__001/eval/result.json,"[""e3ad72a9-aa96-48bf-8a77-c04ee9c9bbe8"",""d089a8fb-954d-435e-976d-9c3f0b217f70"",""f895304d-a534-476d-8641-b62776f7cabf"",""8889eb41-2e30-41cc-98e5-60478b6b4661"",""eval:hidden_tests""]"
pytest__skipif_eval_core__001,experiments/python/openhands/qwen3-coder-30b-a3b-instruct/main-20260702-212731/pytest__skipif_eval_core__001,openai/Qwen3-Coder-30B-A3B-Instruct,framework_coupling,true,true,false,false,0.001205,2,92,2,1,0,0,false,true,true,explicit_finish,hidden_interface_or_closure_failure,experiments/python/openhands/qwen3-coder-30b-a3b-instruct/main-20260702-212731/pytest__skipif_eval_core__001/agent/openhands_events.jsonl,experiments/python/openhands/qwen3-coder-30b-a3b-instruct/main-20260702-212731/pytest__skipif_eval_core__001/eval/result.json,"[""a2d365c2-1a92-481b-905d-978db165af72"",""d996d721-3195-4e7d-bd75-8d62240acb82"",""9bb91105-9a47-4195-bfbf-925e1e43529d"",""08014595-83d6-47bf-b327-f21130a6546d"",""eval:hidden_tests""]"
pytest__fixture_resolve_core__001,experiments/python/openhands/qwen3-coder-30b-a3b-instruct/main-20260702-212731/pytest__fixture_resolve_core__001,openai/Qwen3-Coder-30B-A3B-Instruct,framework_coupling,true,true,false,false,0.002122,1,162,9,0,2,0,false,false,true,explicit_finish,isolation_or_forbidden_import_failure,experiments/python/openhands/qwen3-coder-30b-a3b-instruct/main-20260702-212731/pytest__fixture_resolve_core__001/agent/openhands_events.jsonl,experiments/python/openhands/qwen3-coder-30b-a3b-instruct/main-20260702-212731/pytest__fixture_resolve_core__001/eval/result.json,"[""ac214e06-df99-423e-b28a-d0cba2d409ff"",""e59d7dfc-f16e-42d4-aed9-82b2cb72528e"",""1ec1c2aa-90f5-4c20-80cb-b5c27f7a138e"",""7f29317e-72a0-4b5a-84dd-462dbd81e1a6"",""5032b776-1b3b-4d06-aecc-a39724e6173b"",""8331d59f-2179-429f-ad09-4f6f37e6e81a"",""eval:hidden_tests""]"
faker__provider_core__001,experiments/python/openhands/qwen3-coder-30b-a3b-instruct/main-20260702-212731/faker__provider_core__001,openai/Qwen3-Coder-30B-A3B-Instruct,resource_coupling,true,,,false,0.002338,5,787,0,0,0,0,false,false,false,timeout,dependency_closure_omission,experiments/python/openhands/qwen3-coder-30b-a3b-instruct/main-20260702-212731/faker__provider_core__001/agent/openhands_events.jsonl,experiments/python/openhands/qwen3-coder-30b-a3b-instruct/main-20260702-212731/faker__provider_core__001/eval/result.json,"[""eval:build""]"
pytest__mark_expression_core__001,experiments/python/openhands/qwen3-coder-30b-a3b-instruct/main-20260702-212731/pytest__mark_expression_core__001,openai/Qwen3-Coder-30B-A3B-Instruct,parser_state_coupling,false,true,true,true,0.003523,3,269,0,0,0,0,false,false,true,explicit_finish,passed,experiments/python/openhands/qwen3-coder-30b-a3b-instruct/main-20260702-212731/pytest__mark_expression_core__001/agent/openhands_events.jsonl,experiments/python/openhands/qwen3-coder-30b-a3b-instruct/main-20260702-212731/pytest__mark_expression_core__001/eval/result.json,"[""bfe8e64f-2867-41e6-b891-1ea0c8c687c9"",""27e83ddd-7917-4dd0-96b9-943f4ff6da0e""]"
pygments__lexer_core__001,experiments/python/openhands/qwen3-coder-30b-a3b-instruct/main-20260702-212731/pygments__lexer_core__001,openai/Qwen3-Coder-30B-A3B-Instruct,parser_state_coupling,true,false,false,false,0.003587,6,368,5,1,9,0,false,false,false,step_limit_exceeded,public_behavior_failure,experiments/python/openhands/qwen3-coder-30b-a3b-instruct/main-20260702-212731/pygments__lexer_core__001/agent/openhands_events.jsonl,experiments/python/openhands/qwen3-coder-30b-a3b-instruct/main-20260702-212731/pygments__lexer_core__001/eval/result.json,"[""ca36f60a-5923-4f23-81e8-05ca99b0ea64"",""f8ac1aab-e050-49e2-b21a-77dd1c7aa2b3"",""dd284272-3e09-46f2-aa76-60a209137e58"",""79574f36-49e5-41d5-8094-3b2182e5a2c5"",""bccb9bb3-e27c-43be-964a-c93dd323b6c1"",""eval:public_tests"",""eval:hidden_tests""]"
bleach__sanitize_core__001,experiments/python/openhands/qwen3-coder-30b-a3b-instruct/main-20260702-212731/bleach__sanitize_core__001,openai/Qwen3-Coder-30B-A3B-Instruct,parser_state_coupling,false,true,false,false,0.003744,2,94,10,2,0,0,false,false,true,explicit_finish,hidden_behavior_contract_failure,experiments/python/openhands/qwen3-coder-30b-a3b-instruct/main-20260702-212731/bleach__sanitize_core__001/agent/openhands_events.jsonl,experiments/python/openhands/qwen3-coder-30b-a3b-instruct/main-20260702-212731/bleach__sanitize_core__001/eval/result.json,"[""33eb70ce-20ae-42e6-a430-19149fce471d"",""24cd8002-32e1-4cd8-ab0d-2f077b41ac59"",""acbd7656-027a-4c1a-903f-3612b918a232"",""da2e6970-6f21-4b35-8bc0-e4d87fe80f70"",""04c308f5-689a-4499-858f-4db213a44a89"",""e0b29a92-c8ac-4d39-a315-cda8227e95ec"",""eval:hidden_tests""]"
ruamel_yaml__roundtrip_core__001,experiments/python/openhands/qwen3-coder-30b-a3b-instruct/main-20260702-212731/ruamel_yaml__roundtrip_core__001,openai/Qwen3-Coder-30B-A3B-Instruct,parser_state_coupling,false,true,false,false,0.003934,3,90,9,1,1,0,false,false,true,explicit_finish,hidden_behavior_contract_failure,experiments/python/openhands/qwen3-coder-30b-a3b-instruct/main-20260702-212731/ruamel_yaml__roundtrip_core__001/agent/openhands_events.jsonl,experiments/python/openhands/qwen3-coder-30b-a3b-instruct/main-20260702-212731/ruamel_yaml__roundtrip_core__001/eval/result.json,"[""621f303c-56dc-4bb9-8c82-0e6d3b4b0466"",""3f9ac60e-696c-435e-ba92-f1606b801ed7"",""edb93044-7cc6-4801-bb77-45e9f8ef853f"",""bd97ec62-97e0-4158-8b26-d7b0557225d1"",""1d375ea3-2887-42c1-871c-0489a47ac282"",""90f97944-d535-4899-8a8f-35d872e3e84a"",""eval:hidden_tests""]"
jinja2__compile_render_core__001,experiments/python/openhands/qwen3-coder-30b-a3b-instruct/main-20260702-212731/jinja2__compile_render_core__001,openai/Qwen3-Coder-30B-A3B-Instruct,framework_coupling,false,,,false,0.004285,2,78,8,3,2,0,false,true,false,step_limit_exceeded,evaluator_or_environment_error,experiments/python/openhands/qwen3-coder-30b-a3b-instruct/main-20260702-212731/jinja2__compile_render_core__001/agent/openhands_events.jsonl,experiments/python/openhands/qwen3-coder-30b-a3b-instruct/main-20260702-212731/jinja2__compile_render_core__001/eval/result.json,"[""797da718-c932-4dc2-b828-9a19961f3019"",""575fd95e-45b2-4a3d-9987-d6937ed88a3d"",""b30004a4-386d-4786-a687-4f8e22b33f1a"",""5d89ca05-7346-489b-a866-10c26396fb52"",""b402ef58-04bc-4e60-ae50-cb3b76384a2d"",""d3957f7b-dc1c-45fb-815c-84aac4b7aae3"",""eval:build"",""eval:dependency_install_failed""]"
pygments__formatter_core__001,experiments/python/openhands/qwen3-coder-30b-a3b-instruct/main-20260702-212731/pygments__formatter_core__001,openai/Qwen3-Coder-30B-A3B-Instruct,parser_state_coupling,false,true,false,false,0.004767,9,489,9,3,15,0,false,false,true,explicit_finish,hidden_behavior_contract_failure,experiments/python/openhands/qwen3-coder-30b-a3b-instruct/main-20260702-212731/pygments__formatter_core__001/agent/openhands_events.jsonl,experiments/python/openhands/qwen3-coder-30b-a3b-instruct/main-20260702-212731/pygments__formatter_core__001/eval/result.json,"[""9e4575c4-0ff4-4ecb-9132-125d5159c1ff"",""9b7a2313-3dd1-4624-be48-715b85e7c576"",""11cc3cc2-08fc-4247-9400-4c42e73d5699"",""42b74a4e-2c14-4613-b1ec-cdd0cc5ad511"",""e79cc387-b405-452f-ae41-4c23eb767d33"",""c0312324-fffb-46e1-ad73-f2d34c3a1f24"",""3450d709-5077-4139-9764-a69fb29413ed"",""cc1d03de-1e90-4191-8dfa-d7bdcc5cdd62"",""eval:hidden_tests""]"
jinja2__filters_tests_core__001,experiments/python/openhands/qwen3-coder-30b-a3b-instruct/main-20260702-212731/jinja2__filters_tests_core__001,openai/Qwen3-Coder-30B-A3B-Instruct,framework_coupling,true,,,false,0.007910,6,144,4,1,0,0,false,true,true,explicit_finish,evaluator_or_environment_error,experiments/python/openhands/qwen3-coder-30b-a3b-instruct/main-20260702-212731/jinja2__filters_tests_core__001/agent/openhands_events.jsonl,experiments/python/openhands/qwen3-coder-30b-a3b-instruct/main-20260702-212731/jinja2__filters_tests_core__001/eval/result.json,"[""8e253efa-f36a-48f8-8501-9123c5702cc6"",""74423d50-2925-4059-81df-ec1f1af273e0"",""47c90d64-4048-4385-ab23-c111e6ad3743"",""8ea31a62-ec48-47b2-9c96-31ed4699506d"",""664ed4ef-5d2a-4425-b516-0ac0b5c57e9c"",""eval:build"",""eval:dependency_install_failed""]"
passlib__hash_context_core__001,experiments/python/openhands/qwen3-coder-30b-a3b-instruct/main-20260702-212731/passlib__hash_context_core__001,openai/Qwen3-Coder-30B-A3B-Instruct,data_model_coupling,true,true,false,false,0.008647,5,254,6,3,11,0,false,false,true,explicit_finish,hidden_interface_or_closure_failure,experiments/python/openhands/qwen3-coder-30b-a3b-instruct/main-20260702-212731/passlib__hash_context_core__001/agent/openhands_events.jsonl,experiments/python/openhands/qwen3-coder-30b-a3b-instruct/main-20260702-212731/passlib__hash_context_core__001/eval/result.json,"[""e4f35089-38fb-4e9a-b4a2-85def452306f"",""0ea65e46-ab7f-443a-9671-e8916a1be17c"",""7537f0b2-0b28-4cdb-a4d3-8b598e116024"",""26bca17b-9aa6-42ac-93f8-a8f3a29b43dc"",""025c27b3-4d52-4c83-9ede-6f350f94337c"",""b5d79564-0a05-4f4e-b10d-4eea82e7edeb"",""f8389a80-7ee8-4dc6-a1e9-27c2883b5eb9"",""eval:hidden_tests""]"
jinja2__loader_inheritance_core__001,experiments/python/openhands/qwen3-coder-30b-a3b-instruct/main-20260702-212731/jinja2__loader_inheritance_core__001,openai/Qwen3-Coder-30B-A3B-Instruct,framework_coupling,true,,,false,0.011096,4,202,7,1,3,0,false,false,true,explicit_finish,evaluator_or_environment_error,experiments/python/openhands/qwen3-coder-30b-a3b-instruct/main-20260702-212731/jinja2__loader_inheritance_core__001/agent/openhands_events.jsonl,experiments/python/openhands/qwen3-coder-30b-a3b-instruct/main-20260702-212731/jinja2__loader_inheritance_core__001/eval/result.json,"[""482801e5-7b53-419d-aa0e-738f1f5222eb"",""547067cd-e18a-4ccd-aa7e-aa318a4eb03a"",""bb087db9-25dd-438b-8bc3-246699b1756a"",""e05b796c-0842-4acf-8454-d10a006a5f88"",""23b022d8-7242-4e83-98be-9d00cbb3216e"",""eeb2078b-db9f-4000-b395-43d0318cd157"",""c1baeb7f-4157-4960-9348-9fafaa9ffea8"",""eval:build"",""eval:dependency_install_failed""]"
sqlparse__parse_split_core__001,experiments/python/openhands/qwen3-coder-30b-a3b-instruct/main-20260702-212731/sqlparse__parse_split_core__001,openai/Qwen3-Coder-30B-A3B-Instruct,parser_state_coupling,false,false,false,false,0.012778,3,77,12,5,7,1,false,false,false,step_limit_exceeded,public_api_or_interface_failure,experiments/python/openhands/qwen3-coder-30b-a3b-instruct/main-20260702-212731/sqlparse__parse_split_core__001/agent/openhands_events.jsonl,experiments/python/openhands/qwen3-coder-30b-a3b-instruct/main-20260702-212731/sqlparse__parse_split_core__001/eval/result.json,"[""7f9e54c2-e46d-4775-8a1b-abd4adaa2583"",""af7ce6fd-be22-4601-96fc-293423dbc87c"",""cebc5b33-ba98-469e-a615-850867fc096f"",""6c5b3823-afbb-4b54-bd86-ed6e0cdf1911"",""33cf74e8-78e1-4642-8cc5-7bc320575067"",""eval:public_tests"",""eval:hidden_tests""]"
pydantic_v1__validation_error_core__001,experiments/python/openhands/qwen3-coder-30b-a3b-instruct/main-20260702-212731/pydantic_v1__validation_error_core__001,openai/Qwen3-Coder-30B-A3B-Instruct,framework_coupling,true,,,false,0.015875,6,166,5,2,3,0,false,false,true,explicit_finish,evaluator_or_environment_error,experiments/python/openhands/qwen3-coder-30b-a3b-instruct/main-20260702-212731/pydantic_v1__validation_error_core__001/agent/openhands_events.jsonl,experiments/python/openhands/qwen3-coder-30b-a3b-instruct/main-20260702-212731/pydantic_v1__validation_error_core__001/eval/result.json,"[""1a6fb397-b91c-45d5-9486-87c804cbe969"",""05d0bc41-7ecd-4499-a0d2-2535c88f79b1"",""fc6b817b-fb24-4b04-9249-3abfa063227b"",""7682c65a-1df4-4b3f-8033-92e59f0fc80b"",""97880e04-e4d8-49fb-812e-9d057095a125"",""07b5367d-8a95-4a84-b70b-7119ae7c4bff"",""c506f101-bd39-4520-8557-77f622a1e08e"",""0534bc17-1d3b-428d-8a4f-2429ef2872de"",""eval:build"",""eval:dependency_install_failed""]"
lark__grammar_loader_core__001,experiments/python/openhands/qwen3-coder-30b-a3b-instruct/main-20260702-212731/lark__grammar_loader_core__001,openai/Qwen3-Coder-30B-A3B-Instruct,resource_coupling,true,true,false,false,0.016694,6,114,2,1,2,0,false,false,true,explicit_finish,hidden_behavior_contract_failure,experiments/python/openhands/qwen3-coder-30b-a3b-instruct/main-20260702-212731/lark__grammar_loader_core__001/agent/openhands_events.jsonl,experiments/python/openhands/qwen3-coder-30b-a3b-instruct/main-20260702-212731/lark__grammar_loader_core__001/eval/result.json,"[""de975d75-7131-44be-aae7-c297b5d06a6f"",""a68ca3a8-8330-44ee-a82d-552a41c64881"",""11db93bd-b516-4203-8172-983cc6206f9c"",""65d27975-c938-4c08-9d39-952f346beb99"",""4670678c-558f-4931-9b50-f5c9d5130384"",""e5a8ae18-3d5b-4f88-b49f-075ad7164c61"",""eval:hidden_tests""]"
cattrs__structure_core__001,experiments/python/openhands/qwen3-coder-30b-a3b-instruct/main-20260702-212731/cattrs__structure_core__001,openai/Qwen3-Coder-30B-A3B-Instruct,data_model_coupling,false,,,false,0.026729,6,284,9,3,5,0,false,true,true,explicit_finish,evaluator_or_environment_error,experiments/python/openhands/qwen3-coder-30b-a3b-instruct/main-20260702-212731/cattrs__structure_core__001/agent/openhands_events.jsonl,experiments/python/openhands/qwen3-coder-30b-a3b-instruct/main-20260702-212731/cattrs__structure_core__001/eval/result.json,"[""b41d30a8-fe00-42f9-89d4-e52234809999"",""bf7f0e0e-0cdb-46bf-a2f6-7bd1309c2749"",""048feaf6-247f-4c87-a6d8-ba2a8142fe5f"",""c887f492-d436-4665-ad14-599110b8f028"",""568fc18f-1468-4372-8bc4-e961549a1dde"",""7a2371ad-0a1d-4bff-bb50-d7393f1a8ecd"",""3a8a9361-b650-4ecd-8e21-7f5770e056a0"",""824c4df4-81c1-43d3-94a1-a896381898e3"",""eval:build"",""eval:dependency_install_failed""]"
dynaconf__settings_merge_core__001,experiments/python/openhands/qwen3-coder-30b-a3b-instruct/main-20260702-212731/dynaconf__settings_merge_core__001,openai/Qwen3-Coder-30B-A3B-Instruct,config_environment_coupling,false,true,false,false,0.027482,5,591,3,1,1,0,false,false,true,explicit_finish,hidden_behavior_contract_failure,experiments/python/openhands/qwen3-coder-30b-a3b-instruct/main-20260702-212731/dynaconf__settings_merge_core__001/agent/openhands_events.jsonl,experiments/python/openhands/qwen3-coder-30b-a3b-instruct/main-20260702-212731/dynaconf__settings_merge_core__001/eval/result.json,"[""d903a48b-5e79-45ed-a4f8-6be76c644b6e"",""9ba2427a-bfca-4cd5-a20f-7c8133d29411"",""60f23f66-c6c5-43e1-b5f9-494acf0af526"",""380e803f-0d06-42ed-9ee9-87cf59e39768"",""97e0c0e5-7663-405f-b920-92cf02182513"",""1a4c5b81-dbef-4de5-b8fa-068537cfd7cd"",""eval:hidden_tests""]"
coverage__report_core__001,experiments/python/openhands/qwen3-coder-30b-a3b-instruct/main-20260702-212731/coverage__report_core__001,openai/Qwen3-Coder-30B-A3B-Instruct,config_environment_coupling,false,true,true,true,0.027736,10,944,3,0,1,0,false,false,false,explicit_finish,passed,experiments/python/openhands/qwen3-coder-30b-a3b-instruct/main-20260702-212731/coverage__report_core__001/agent/openhands_events.jsonl,experiments/python/openhands/qwen3-coder-30b-a3b-instruct/main-20260702-212731/coverage__report_core__001/eval/result.json,"[""391c81c2-c38e-418d-a4fe-85d677773549"",""9aec169b-2d5f-45eb-b3a8-c6a27ad18457"",""0818bceb-c2ac-4926-8d9d-daf1ce597a1d"",""c548a529-dde0-44c8-b0af-cd24da81b7d4"",""dc408c9c-1129-45b4-9542-477930930dd1""]"
babel__plural_core__001,experiments/python/openhands/qwen3-coder-30b-a3b-instruct/main-20260702-212731/babel__plural_core__001,openai/Qwen3-Coder-30B-A3B-Instruct,third_party_dependency_coupling,true,true,false,false,0.028025,3,236,2,1,1,0,false,false,true,explicit_finish,hidden_behavior_contract_failure,experiments/python/openhands/qwen3-coder-30b-a3b-instruct/main-20260702-212731/babel__plural_core__001/agent/openhands_events.jsonl,experiments/python/openhands/qwen3-coder-30b-a3b-instruct/main-20260702-212731/babel__plural_core__001/eval/result.json,"[""15e847c2-6f49-477a-be5d-e8c694226572"",""982782b4-d063-4b03-8ea6-b26e68be7d93"",""392c6320-60cd-416c-bde9-8c53c48bb97b"",""a3eab91d-8c1d-4ea2-99cf-1abac8f81b52"",""569bd38f-facc-4bad-95e7-6927c7cbf2ec"",""eval:hidden_tests""]"
configobj__roundtrip_config_core__001,experiments/python/openhands/qwen3-coder-30b-a3b-instruct/main-20260702-212731/configobj__roundtrip_config_core__001,openai/Qwen3-Coder-30B-A3B-Instruct,config_environment_coupling,false,true,false,false,0.034157,2,177,2,1,6,0,false,true,true,explicit_finish,hidden_behavior_contract_failure,experiments/python/openhands/qwen3-coder-30b-a3b-instruct/main-20260702-212731/configobj__roundtrip_config_core__001/agent/openhands_events.jsonl,experiments/python/openhands/qwen3-coder-30b-a3b-instruct/main-20260702-212731/configobj__roundtrip_config_core__001/eval/result.json,"[""1489a916-7006-476f-9bba-d7e6aec883b1"",""c11b8d1a-5d55-4499-9ccc-2adc1e9d4553"",""1e46ee0e-dafe-486c-ad66-7cee46e203e7"",""4b47a768-48e3-4494-b504-30714ce452d6"",""0bc9ec7a-46df-4366-bd79-fcdb8b8e17a7"",""54f2b862-b923-4b92-ae43-df4dfdc827d3"",""eval:hidden_tests""]"
rich__markup_parse_core__001,experiments/python/openhands/qwen3-coder-30b-a3b-instruct/main-20260702-212731/rich__markup_parse_core__001,openai/Qwen3-Coder-30B-A3B-Instruct,parser_state_coupling,false,true,false,false,0.035146,6,809,1,0,0,0,false,false,true,explicit_finish,hidden_interface_or_closure_failure,experiments/python/openhands/qwen3-coder-30b-a3b-instruct/main-20260702-212731/rich__markup_parse_core__001/agent/openhands_events.jsonl,experiments/python/openhands/qwen3-coder-30b-a3b-instruct/main-20260702-212731/rich__markup_parse_core__001/eval/result.json,"[""2db89ffd-ec38-4e99-9727-ca821450e080"",""7e5a6db0-5d25-4dd0-9dec-dc900035ba76"",""744642cf-3a7e-451a-9a68-9eb9808c0328"",""eval:hidden_tests""]"
jinja2__lexer_parser_core__001,experiments/python/openhands/qwen3-coder-30b-a3b-instruct/main-20260702-212731/jinja2__lexer_parser_core__001,openai/Qwen3-Coder-30B-A3B-Instruct,parser_state_coupling,true,,,false,0.035377,8,644,11,2,0,0,false,false,true,explicit_finish,evaluator_or_environment_error,experiments/python/openhands/qwen3-coder-30b-a3b-instruct/main-20260702-212731/jinja2__lexer_parser_core__001/agent/openhands_events.jsonl,experiments/python/openhands/qwen3-coder-30b-a3b-instruct/main-20260702-212731/jinja2__lexer_parser_core__001/eval/result.json,"[""936ffeea-dba2-4fae-a467-6467e2402ced"",""c9797cf9-d94f-4093-b772-02ea8f0901ca"",""8ecf8c07-c35a-416a-9468-14bd214d86c2"",""d927390d-a8ac-4cd8-bd17-e0d84351f9a9"",""1bbeea35-c391-4b02-8242-bfe52033f1c7"",""6331b693-1dbc-4d25-b7a4-a8e7f9673a80"",""eval:build"",""eval:dependency_install_failed""]"
networkx__dag_topo_core__001,experiments/python/openhands/qwen3-coder-30b-a3b-instruct/main-20260702-212731/networkx__dag_topo_core__001,openai/Qwen3-Coder-30B-A3B-Instruct,data_model_coupling,false,true,false,false,0.041575,5,452,20,2,3,0,false,true,true,explicit_finish,hidden_behavior_contract_failure,experiments/python/openhands/qwen3-coder-30b-a3b-instruct/main-20260702-212731/networkx__dag_topo_core__001/agent/openhands_events.jsonl,experiments/python/openhands/qwen3-coder-30b-a3b-instruct/main-20260702-212731/networkx__dag_topo_core__001/eval/result.json,"[""c522c6a8-eeb1-4da6-a305-5039ce1f0092"",""851e868a-5de7-45ce-a614-d10692fa846b"",""b79a092e-1931-46c3-b3ea-78f9dac8abd2"",""4e6a7e5e-34e1-492f-8b50-d2d3774aa688"",""06e9afc4-fa5a-4280-9593-c74acbc03682"",""3d3f3788-bd07-4fff-a8b2-417231ec465e"",""967e9c2e-4baa-4e5a-976a-6c797a8e588f"",""d3988bae-c244-4ab0-b735-182d3aae19dc"",""eval:hidden_tests""]"
lark__parse_tree_core__001,experiments/python/openhands/qwen3-coder-30b-a3b-instruct/main-20260702-212731/lark__parse_tree_core__001,openai/Qwen3-Coder-30B-A3B-Instruct,parser_state_coupling,false,true,false,false,0.043554,7,275,3,1,2,0,false,false,true,explicit_finish,hidden_behavior_contract_failure,experiments/python/openhands/qwen3-coder-30b-a3b-instruct/main-20260702-212731/lark__parse_tree_core__001/agent/openhands_events.jsonl,experiments/python/openhands/qwen3-coder-30b-a3b-instruct/main-20260702-212731/lark__parse_tree_core__001/eval/result.json,"[""477028d2-28a0-4464-ad61-0802f25d5818"",""fe14dcdc-f3f0-43a3-9e30-bad9ec4e8f6e"",""34e19e62-6d2d-449e-b78e-b8967ef1a9ce"",""9ce1f419-c6d3-4b7c-9c38-abd9f64d9801"",""6a20d9f3-a5bc-4889-a346-29ab59cdee72"",""4623bf81-62c2-4f10-a532-844ecba98c9e"",""eval:hidden_tests""]"
chameleon__template_compile_core__001,experiments/python/openhands/qwen3-coder-30b-a3b-instruct/main-20260702-212731/chameleon__template_compile_core__001,openai/Qwen3-Coder-30B-A3B-Instruct,parser_state_coupling,false,true,false,false,0.043775,16,410,3,1,1,0,false,false,false,explicit_finish,hidden_behavior_contract_failure,experiments/python/openhands/qwen3-coder-30b-a3b-instruct/main-20260702-212731/chameleon__template_compile_core__001/agent/openhands_events.jsonl,experiments/python/openhands/qwen3-coder-30b-a3b-instruct/main-20260702-212731/chameleon__template_compile_core__001/eval/result.json,"[""05f197bf-5f70-4b61-8410-5bc8c59df6c1"",""4aea9074-fada-4b4f-b78f-4caa4f3e80c6"",""9a8be599-7c2b-43c6-b7b6-d8a1e1cc0c4a"",""6f3220ce-919a-42d1-ac4d-9597eb7e0a38"",""1b0af389-35d6-4093-9495-5c44aa51f048"",""b270ba50-e077-4faf-8ea4-932c2883dc95"",""eval:hidden_tests""]"
astroid__nodes_core__001,experiments/python/openhands/qwen3-coder-30b-a3b-instruct/main-20260702-212731/astroid__nodes_core__001,openai/Qwen3-Coder-30B-A3B-Instruct,data_model_coupling,false,,,false,0.048597,6,1408,2,2,2,0,false,false,true,explicit_finish,evaluator_or_environment_error,experiments/python/openhands/qwen3-coder-30b-a3b-instruct/main-20260702-212731/astroid__nodes_core__001/agent/openhands_events.jsonl,experiments/python/openhands/qwen3-coder-30b-a3b-instruct/main-20260702-212731/astroid__nodes_core__001/eval/result.json,"[""133d4254-9304-40bb-8038-f520e141f974"",""71faf731-eea2-4c61-9e70-03a8af489f68"",""5b73eb63-63cf-47bd-add7-fdef60db31c1"",""fc8c1146-bf60-4a87-88e9-08fb36bd48d6"",""935577b1-7a68-40c4-99f1-1b3b628af46c"",""125a69e2-99c7-4c09-ab69-f595dcde6898"",""eval:build"",""eval:dependency_install_failed""]"
jinja2__extensions_core__001,experiments/python/openhands/qwen3-coder-30b-a3b-instruct/main-20260702-212731/jinja2__extensions_core__001,openai/Qwen3-Coder-30B-A3B-Instruct,framework_coupling,false,,,false,0.052846,12,962,5,1,3,0,false,false,true,explicit_finish,evaluator_or_environment_error,experiments/python/openhands/qwen3-coder-30b-a3b-instruct/main-20260702-212731/jinja2__extensions_core__001/agent/openhands_events.jsonl,experiments/python/openhands/qwen3-coder-30b-a3b-instruct/main-20260702-212731/jinja2__extensions_core__001/eval/result.json,"[""3f302f67-076c-4557-9121-0f0b43d3d50a"",""30c2a119-53e0-4531-93d4-8ecdf6ebe199"",""6a66cace-6d46-478d-94b6-b30dd6865c2b"",""2c2c126a-0ff2-4dc0-b5ba-3965044ba98f"",""6d77f17d-0377-4667-a3b0-0bf3915c1a9d"",""30f564a7-e415-4fb8-86b4-a082a98d355d"",""f960cf79-582b-431b-ad47-4d9c9e112850"",""eval:build"",""eval:dependency_install_failed""]"
jsonschema__validator_core__001,experiments/python/openhands/qwen3-coder-30b-a3b-instruct/main-20260702-212731/jsonschema__validator_core__001,openai/Qwen3-Coder-30B-A3B-Instruct,data_model_coupling,true,,,false,0.057603,6,494,2,1,2,0,false,false,true,explicit_finish,evaluator_or_environment_error,experiments/python/openhands/qwen3-coder-30b-a3b-instruct/main-20260702-212731/jsonschema__validator_core__001/agent/openhands_events.jsonl,experiments/python/openhands/qwen3-coder-30b-a3b-instruct/main-20260702-212731/jsonschema__validator_core__001/eval/result.json,"[""68089d97-a0bb-4ef4-8645-611733c38763"",""f24443d7-dd21-4f08-b725-d7ac651b3b8b"",""2dd1932f-8b32-4ab8-9c8c-9fd26e628789"",""8efc865c-4808-4752-aa2e-ee4f03f077c6"",""3fe44195-0a80-4839-90d4-6da8e4673b6e"",""f097e072-4919-4641-aefa-6d2e670be387"",""eval:build"",""eval:dependency_install_failed""]"
markdown__extensions_core__001,experiments/python/openhands/qwen3-coder-30b-a3b-instruct/main-20260702-212731/markdown__extensions_core__001,openai/Qwen3-Coder-30B-A3B-Instruct,parser_state_coupling,true,false,false,false,0.064827,12,491,5,1,9,0,false,false,false,step_limit_exceeded,public_behavior_failure,experiments/python/openhands/qwen3-coder-30b-a3b-instruct/main-20260702-212731/markdown__extensions_core__001/agent/openhands_events.jsonl,experiments/python/openhands/qwen3-coder-30b-a3b-instruct/main-20260702-212731/markdown__extensions_core__001/eval/result.json,"[""5bae4ca5-8b99-4d5f-82e0-220fbd08254b"",""e3cce7b5-6aa6-47f9-ac63-3791f8a686d5"",""d8d354c7-0f41-4084-b352-ce85db4ee299"",""54cc772d-2504-44d6-8b61-721bca26f122"",""999fd7d1-ed2f-4299-b2f8-15410287136b"",""eval:public_tests"",""eval:hidden_tests""]"
werkzeug__routing_core__001,experiments/python/openhands/qwen3-coder-30b-a3b-instruct/main-20260702-212731/werkzeug__routing_core__001,openai/Qwen3-Coder-30B-A3B-Instruct,framework_coupling,true,true,false,false,0.068868,7,1091,0,0,0,0,false,true,false,explicit_finish,hidden_behavior_contract_failure,experiments/python/openhands/qwen3-coder-30b-a3b-instruct/main-20260702-212731/werkzeug__routing_core__001/agent/openhands_events.jsonl,experiments/python/openhands/qwen3-coder-30b-a3b-instruct/main-20260702-212731/werkzeug__routing_core__001/eval/result.json,"[""d91a7f43-fa52-452b-8464-b56a21c32188"",""642a337b-0e8f-456d-ba15-6faaef79648d"",""eval:hidden_tests""]"
croniter__cron_parse_core__001,experiments/python/openhands/qwen3-coder-30b-a3b-instruct/main-20260702-212731/croniter__cron_parse_core__001,openai/Qwen3-Coder-30B-A3B-Instruct,parser_state_coupling,false,,,false,0.072308,2,229,11,1,3,0,false,false,true,explicit_finish,evaluator_or_environment_error,experiments/python/openhands/qwen3-coder-30b-a3b-instruct/main-20260702-212731/croniter__cron_parse_core__001/agent/openhands_events.jsonl,experiments/python/openhands/qwen3-coder-30b-a3b-instruct/main-20260702-212731/croniter__cron_parse_core__001/eval/result.json,"[""cb47118c-74e5-465c-85a3-9dcc45e336e2"",""dba944d9-2f8d-4f7a-b4a4-c0952d1186da"",""a77d788c-878b-4a08-91ec-910909233883"",""415c6219-1a90-4ac0-9101-65d2c897c0da"",""2ba6fca2-b9c3-4521-8287-39464dc70f50"",""287a4585-0e05-4c90-9a79-3a7e63c465da"",""eval:build"",""eval:dependency_install_failed""]"
sqlparse__token_tree_core__001,experiments/python/openhands/qwen3-coder-30b-a3b-instruct/main-20260702-212731/sqlparse__token_tree_core__001,openai/Qwen3-Coder-30B-A3B-Instruct,parser_state_coupling,false,false,false,false,0.085131,8,513,1,1,5,0,false,false,true,explicit_finish,public_behavior_failure,experiments/python/openhands/qwen3-coder-30b-a3b-instruct/main-20260702-212731/sqlparse__token_tree_core__001/agent/openhands_events.jsonl,experiments/python/openhands/qwen3-coder-30b-a3b-instruct/main-20260702-212731/sqlparse__token_tree_core__001/eval/result.json,"[""c618757d-26d0-4dcf-8b3f-f6f503af0200"",""41fd1654-2b46-4351-9357-47bd26aea947"",""ed96c3d2-4ebf-4a52-9d7b-b0b1a623cac0"",""e39aa0c6-2d27-4465-870e-b68e2f52755f"",""eval:public_tests"",""eval:hidden_tests""]"
vibe_app__plugin_registry_core__001,experiments/python/openhands/qwen3-coder-30b-a3b-instruct/main-20260702-212731/vibe_app__plugin_registry_core__001,openai/Qwen3-Coder-30B-A3B-Instruct,legacy_vibe_clutter,true,true,true,true,0.086649,5,98,0,0,0,0,false,true,true,explicit_finish,passed,experiments/python/openhands/qwen3-coder-30b-a3b-instruct/main-20260702-212731/vibe_app__plugin_registry_core__001/agent/openhands_events.jsonl,experiments/python/openhands/qwen3-coder-30b-a3b-instruct/main-20260702-212731/vibe_app__plugin_registry_core__001/eval/result.json,"[""df9a922b-49e2-42da-97d0-81bf70e673c5"",""f7148155-5890-470c-a276-0332957846e6""]"
parso__python_parse_core__001,experiments/python/openhands/qwen3-coder-30b-a3b-instruct/main-20260702-212731/parso__python_parse_core__001,openai/Qwen3-Coder-30B-A3B-Instruct,parser_state_coupling,false,false,false,false,0.090698,15,1057,13,3,6,0,false,false,true,explicit_finish,public_behavior_failure,experiments/python/openhands/qwen3-coder-30b-a3b-instruct/main-20260702-212731/parso__python_parse_core__001/agent/openhands_events.jsonl,experiments/python/openhands/qwen3-coder-30b-a3b-instruct/main-20260702-212731/parso__python_parse_core__001/eval/result.json,"[""520b13c4-5e90-404b-aa9b-58d8663aa211"",""db873e8c-017f-49fa-9b5b-ad0e4da38f75"",""03b500d7-1f83-4005-9d43-481363d4176b"",""b7cf42b9-30de-4607-99f2-4c94569ef9aa"",""baa17ff1-132b-461b-8e71-390f18d61c22"",""d19e1b91-55b6-4e9f-85b3-5c53072ac8ba"",""f4a64913-a37c-4481-bbf9-848b44d996e0"",""eval:public_tests"",""eval:hidden_tests""]"
vibe_app__pricing_rules_core__001,experiments/python/openhands/qwen3-coder-30b-a3b-instruct/main-20260702-212731/vibe_app__pricing_rules_core__001,openai/Qwen3-Coder-30B-A3B-Instruct,legacy_vibe_clutter,true,true,true,true,0.100917,6,66,0,0,0,0,false,false,true,explicit_finish,passed,experiments/python/openhands/qwen3-coder-30b-a3b-instruct/main-20260702-212731/vibe_app__pricing_rules_core__001/agent/openhands_events.jsonl,experiments/python/openhands/qwen3-coder-30b-a3b-instruct/main-20260702-212731/vibe_app__pricing_rules_core__001/eval/result.json,"[""74d45f7e-f915-4ae2-a98c-b967d34bca18"",""915c73d1-5aae-4781-a1cc-6b46c7309d18""]"
websockets__handshake_parse_core__001,experiments/python/openhands/qwen3-coder-30b-a3b-instruct/main-20260702-212731/websockets__handshake_parse_core__001,openai/Qwen3-Coder-30B-A3B-Instruct,parser_state_coupling,false,true,false,false,0.107017,8,1333,0,0,0,0,false,false,true,explicit_finish,hidden_interface_or_closure_failure,experiments/python/openhands/qwen3-coder-30b-a3b-instruct/main-20260702-212731/websockets__handshake_parse_core__001/agent/openhands_events.jsonl,experiments/python/openhands/qwen3-coder-30b-a3b-instruct/main-20260702-212731/websockets__handshake_parse_core__001/eval/result.json,"[""aecdaac4-d9bc-4c7c-9784-6a238bb54ef4"",""3da59e17-466e-4329-93f0-ed9545727bd6"",""eval:hidden_tests""]"
vibe_app__session_registry_core__001,experiments/python/openhands/qwen3-coder-30b-a3b-instruct/main-20260702-212731/vibe_app__session_registry_core__001,openai/Qwen3-Coder-30B-A3B-Instruct,legacy_vibe_clutter,true,true,true,true,0.107100,5,89,0,0,1,0,false,false,true,explicit_finish,passed,experiments/python/openhands/qwen3-coder-30b-a3b-instruct/main-20260702-212731/vibe_app__session_registry_core__001/agent/openhands_events.jsonl,experiments/python/openhands/qwen3-coder-30b-a3b-instruct/main-20260702-212731/vibe_app__session_registry_core__001/eval/result.json,"[""6132dbd3-111c-43bf-b025-4233ffe6121e"",""544f2c6e-b221-43e1-90fb-ad85249d1e4b"",""72da006d-a64e-4e6f-ac47-d953b6b797d7""]"
wsproto__frame_parse_core__001,experiments/python/openhands/qwen3-coder-30b-a3b-instruct/main-20260702-212731/wsproto__frame_parse_core__001,openai/Qwen3-Coder-30B-A3B-Instruct,parser_state_coupling,true,true,false,false,0.126787,2,399,0,0,0,0,false,false,true,explicit_finish,hidden_behavior_contract_failure,experiments/python/openhands/qwen3-coder-30b-a3b-instruct/main-20260702-212731/wsproto__frame_parse_core__001/agent/openhands_events.jsonl,experiments/python/openhands/qwen3-coder-30b-a3b-instruct/main-20260702-212731/wsproto__frame_parse_core__001/eval/result.json,"[""69aeaa4b-f210-46d2-8e57-1ca5845e7d75"",""f8d208d1-901b-42da-955a-8bc0a116e9c9"",""eval:hidden_tests""]"
sortedcontainers__sorted_list_core__001,experiments/python/openhands/qwen3-coder-30b-a3b-instruct/main-20260702-212731/sortedcontainers__sorted_list_core__001,openai/Qwen3-Coder-30B-A3B-Instruct,data_model_coupling,false,true,false,false,0.130624,2,1083,4,0,0,0,false,false,true,explicit_finish,hidden_behavior_contract_failure,experiments/python/openhands/qwen3-coder-30b-a3b-instruct/main-20260702-212731/sortedcontainers__sorted_list_core__001/agent/openhands_events.jsonl,experiments/python/openhands/qwen3-coder-30b-a3b-instruct/main-20260702-212731/sortedcontainers__sorted_list_core__001/eval/result.json,"[""85519524-93ad-486f-b457-56022e8506f3"",""f0142f2f-fb07-4ea4-a8a6-13ad7680edca"",""12154242-e109-4074-bef8-fae794bafc4e"",""4a21dda1-3bba-4ed8-bad4-5d18a87705cf"",""eval:hidden_tests""]"
cerberus__schema_validate_core__001,experiments/python/openhands/qwen3-coder-30b-a3b-instruct/main-20260702-212731/cerberus__schema_validate_core__001,openai/Qwen3-Coder-30B-A3B-Instruct,data_model_coupling,false,true,false,false,0.133920,6,792,2,1,3,0,false,false,true,explicit_finish,hidden_behavior_contract_failure,experiments/python/openhands/qwen3-coder-30b-a3b-instruct/main-20260702-212731/cerberus__schema_validate_core__001/agent/openhands_events.jsonl,experiments/python/openhands/qwen3-coder-30b-a3b-instruct/main-20260702-212731/cerberus__schema_validate_core__001/eval/result.json,"[""980efdd6-9cd5-455b-9e69-1bf6c3bd0891"",""b253e0ca-03be-4943-ae64-e4684b8edd81"",""8ffe61cc-5274-4a6d-bc53-c8e87e09efa9"",""a7711557-7756-4064-a315-aa45a84b42b5"",""dcd14157-21b2-4095-819a-83d5a6b46a87"",""67cbe4ed-c29e-412c-9fbe-b0a9a2703440"",""eval:hidden_tests""]"
vibe_app__rules_engine_core__001,experiments/python/openhands/qwen3-coder-30b-a3b-instruct/main-20260702-212731/vibe_app__rules_engine_core__001,openai/Qwen3-Coder-30B-A3B-Instruct,legacy_vibe_clutter,true,true,true,true,0.135981,6,113,0,0,0,0,false,false,true,explicit_finish,passed,experiments/python/openhands/qwen3-coder-30b-a3b-instruct/main-20260702-212731/vibe_app__rules_engine_core__001/agent/openhands_events.jsonl,experiments/python/openhands/qwen3-coder-30b-a3b-instruct/main-20260702-212731/vibe_app__rules_engine_core__001/eval/result.json,"[""2fe1b505-b202-413e-af68-dd29ba542c7b"",""7e01fadb-8d58-4675-a1c7-b334902cbeeb""]"
python_box__config_box_core__001,experiments/python/openhands/qwen3-coder-30b-a3b-instruct/main-20260702-212731/python_box__config_box_core__001,openai/Qwen3-Coder-30B-A3B-Instruct,data_model_coupling,false,true,true,true,0.136060,4,306,5,1,2,0,false,false,true,explicit_finish,passed,experiments/python/openhands/qwen3-coder-30b-a3b-instruct/main-20260702-212731/python_box__config_box_core__001/agent/openhands_events.jsonl,experiments/python/openhands/qwen3-coder-30b-a3b-instruct/main-20260702-212731/python_box__config_box_core__001/eval/result.json,"[""86bd9683-9f90-48d2-8652-03ecd7c4d25d"",""0886f6bf-eaae-47a7-a264-5dddafe99276"",""1042fc66-0fd6-4370-be84-3ad2be061f63"",""ec9645df-644b-4abb-b39c-fe03e6ef31f8"",""68fcd8a4-4294-4e86-a4ce-216c52dff410"",""5883598b-afeb-4f72-8b12-9f0ea0b79e9a"",""22f9ea5d-5345-468d-a601-8d17070227e7""]"
pendulum__parse_format_core__001,experiments/python/openhands/qwen3-coder-30b-a3b-instruct/main-20260702-212731/pendulum__parse_format_core__001,openai/Qwen3-Coder-30B-A3B-Instruct,parser_state_coupling,false,,,false,0.138335,15,1630,10,0,5,0,false,false,false,step_limit_exceeded,evaluator_or_environment_error,experiments/python/openhands/qwen3-coder-30b-a3b-instruct/main-20260702-212731/pendulum__parse_format_core__001/agent/openhands_events.jsonl,experiments/python/openhands/qwen3-coder-30b-a3b-instruct/main-20260702-212731/pendulum__parse_format_core__001/eval/result.json,"[""a12400bf-67be-4262-8b8e-5b4f13f64401"",""360767bf-c5ff-484a-814c-5729fae753c7"",""7e65e3cd-eebb-4448-a875-d6deb4d0f177"",""2e74d4db-1489-4d21-961d-f63585ceaad9"",""96ea1546-622e-4066-95c0-9497d534c825"",""eval:build"",""eval:dependency_install_failed""]"
attrs__validators_core__001,experiments/python/openhands/qwen3-coder-30b-a3b-instruct/main-20260702-212731/attrs__validators_core__001,openai/Qwen3-Coder-30B-A3B-Instruct,data_model_coupling,true,false,false,false,0.148279,6,629,3,1,0,0,false,false,true,explicit_finish,public_behavior_failure,experiments/python/openhands/qwen3-coder-30b-a3b-instruct/main-20260702-212731/attrs__validators_core__001/agent/openhands_events.jsonl,experiments/python/openhands/qwen3-coder-30b-a3b-instruct/main-20260702-212731/attrs__validators_core__001/eval/result.json,"[""55ac63bd-a3e1-4ef9-bde2-069c08f102c5"",""be124c04-6da8-4412-ae97-10a2268be5a9"",""b66dd86a-6fdb-42ee-8415-7c2b5f9016ca"",""0cf5b617-9fb3-40d7-a977-4c4a57d91e80"",""eval:public_tests"",""eval:hidden_tests""]"
lark__visitor_transform_core__001,experiments/python/openhands/qwen3-coder-30b-a3b-instruct/main-20260702-212731/lark__visitor_transform_core__001,openai/Qwen3-Coder-30B-A3B-Instruct,data_model_coupling,false,false,false,false,0.151251,7,955,1,0,1,0,false,false,false,explicit_finish,public_api_or_interface_failure,experiments/python/openhands/qwen3-coder-30b-a3b-instruct/main-20260702-212731/lark__visitor_transform_core__001/agent/openhands_events.jsonl,experiments/python/openhands/qwen3-coder-30b-a3b-instruct/main-20260702-212731/lark__visitor_transform_core__001/eval/result.json,"[""91f679b6-4436-4103-be0b-63bb587c864e"",""605ff95b-31de-49b1-9dbc-58df31763f4c"",""c471f88b-b381-457a-8fc3-e105adb06781"",""eval:public_tests"",""eval:hidden_tests""]"
deepdiff__deep_compare_core__001,experiments/python/openhands/qwen3-coder-30b-a3b-instruct/main-20260702-212731/deepdiff__deep_compare_core__001,openai/Qwen3-Coder-30B-A3B-Instruct,data_model_coupling,false,,,false,0.152060,7,1532,20,2,4,0,false,false,false,step_limit_exceeded,dependency_closure_omission,experiments/python/openhands/qwen3-coder-30b-a3b-instruct/main-20260702-212731/deepdiff__deep_compare_core__001/agent/openhands_events.jsonl,experiments/python/openhands/qwen3-coder-30b-a3b-instruct/main-20260702-212731/deepdiff__deep_compare_core__001/eval/result.json,"[""889aef87-370e-46c8-a7c6-6b4518b4a3bd"",""8ad35a03-23ba-40d2-97e6-5b0c50bae25c"",""d4bee245-3135-490f-bea5-6ce79d87bc3d"",""4bf81dc0-a8d1-414d-8d43-c0a8318c9ac4"",""3307b424-7402-4841-b5d4-000afc83f747"",""37f4dad8-d338-43a6-975f-f7a1623b17a2"",""eval:build""]"
marshmallow__schema_core__001,experiments/python/openhands/qwen3-coder-30b-a3b-instruct/main-20260702-212731/marshmallow__schema_core__001,openai/Qwen3-Coder-30B-A3B-Instruct,data_model_coupling,false,true,false,false,0.155781,10,613,15,3,2,0,false,false,true,explicit_finish,hidden_interface_or_closure_failure,experiments/python/openhands/qwen3-coder-30b-a3b-instruct/main-20260702-212731/marshmallow__schema_core__001/agent/openhands_events.jsonl,experiments/python/openhands/qwen3-coder-30b-a3b-instruct/main-20260702-212731/marshmallow__schema_core__001/eval/result.json,"[""74af486b-776b-4f4d-b731-a16e723bdece"",""51c4c6c7-c5b4-474a-8a23-07e699ec71cf"",""d57efb9c-fb51-4b1a-a8ef-2d5837c09c52"",""1bd516ba-6ef9-4158-aa90-2c99cbcde194"",""f7a2643a-26c2-49a2-9c72-af0218111cc4"",""8f92eed9-19ff-494a-9a7d-82b9f2ac240b"",""a22a28a2-39f8-4607-af13-c851fef96057"",""ab368ed7-f38e-47bf-9879-e79487aeca6e"",""eval:hidden_tests""]"
boltons__iterutils_core__001,experiments/python/openhands/qwen3-coder-30b-a3b-instruct/main-20260702-212731/boltons__iterutils_core__001,openai/Qwen3-Coder-30B-A3B-Instruct,data_model_coupling,false,true,true,true,0.156643,2,685,17,0,1,0,false,true,true,explicit_finish,passed,experiments/python/openhands/qwen3-coder-30b-a3b-instruct/main-20260702-212731/boltons__iterutils_core__001/agent/openhands_events.jsonl,experiments/python/openhands/qwen3-coder-30b-a3b-instruct/main-20260702-212731/boltons__iterutils_core__001/eval/result.json,"[""9c041a60-9e51-4491-90d7-c709b1198c3a"",""80f867cf-071b-4387-97ec-84feb6061c10"",""18685ee2-e48f-4d9c-9ca8-f1c71431dfd4"",""a289ed3c-7ade-43aa-8fc3-95ae00b31b36"",""85500047-f20d-485e-8fb8-620b0e6d1e36""]"
arrow__parse_format_core__001,experiments/python/openhands/qwen3-coder-30b-a3b-instruct/main-20260702-212731/arrow__parse_format_core__001,openai/Qwen3-Coder-30B-A3B-Instruct,parser_state_coupling,false,,,false,0.165439,9,1392,3,0,0,0,false,false,true,explicit_finish,evaluator_or_environment_error,experiments/python/openhands/qwen3-coder-30b-a3b-instruct/main-20260702-212731/arrow__parse_format_core__001/agent/openhands_events.jsonl,experiments/python/openhands/qwen3-coder-30b-a3b-instruct/main-20260702-212731/arrow__parse_format_core__001/eval/result.json,"[""3dad0fe5-0e13-4f59-a286-4ce7df9b764b"",""7a9f25c7-4ab5-4984-affe-4d0521e49a9d"",""00541467-5f5d-455c-91c4-b0dbc8d00469"",""7e3d7dbc-7dfb-42d7-a4d8-5bc6163fc81b"",""eval:build"",""eval:dependency_install_failed""]"
h2__frame_parse_core__001,experiments/python/openhands/qwen3-coder-30b-a3b-instruct/main-20260702-212731/h2__frame_parse_core__001,openai/Qwen3-Coder-30B-A3B-Instruct,parser_state_coupling,false,true,true,true,0.169946,8,881,2,0,1,0,false,true,true,explicit_finish,passed,experiments/python/openhands/qwen3-coder-30b-a3b-instruct/main-20260702-212731/h2__frame_parse_core__001/agent/openhands_events.jsonl,experiments/python/openhands/qwen3-coder-30b-a3b-instruct/main-20260702-212731/h2__frame_parse_core__001/eval/result.json,"[""2a685eb9-df07-4456-aa9c-3334c9dc092b"",""97140f88-a6b5-44a8-b1e9-c76eb1598aab"",""23eab989-15d6-449b-994d-2ab18037195b"",""fbb18514-91d9-4538-9326-821221d7eef3"",""b8e0c808-5d15-4528-ba64-e1c96aae3f03""]"
python_dateutil__rrule_core__001,experiments/python/openhands/qwen3-coder-30b-a3b-instruct/main-20260702-212731/python_dateutil__rrule_core__001,openai/Qwen3-Coder-30B-A3B-Instruct,parser_state_coupling,true,true,false,false,0.173624,3,994,0,0,0,0,false,false,true,explicit_finish,hidden_behavior_contract_failure,experiments/python/openhands/qwen3-coder-30b-a3b-instruct/main-20260702-212731/python_dateutil__rrule_core__001/agent/openhands_events.jsonl,experiments/python/openhands/qwen3-coder-30b-a3b-instruct/main-20260702-212731/python_dateutil__rrule_core__001/eval/result.json,"[""9d9435f6-d84e-492d-99b2-b85f1dedc39d"",""22be0fda-f6a7-4f79-8a39-059743b69f4b"",""eval:hidden_tests""]"
vibe_app__csv_transform_core__001,experiments/python/openhands/qwen3-coder-30b-a3b-instruct/main-20260702-212731/vibe_app__csv_transform_core__001,openai/Qwen3-Coder-30B-A3B-Instruct,legacy_vibe_clutter,true,true,true,true,0.175841,13,115,0,0,1,0,false,false,true,explicit_finish,passed,experiments/python/openhands/qwen3-coder-30b-a3b-instruct/main-20260702-212731/vibe_app__csv_transform_core__001/agent/openhands_events.jsonl,experiments/python/openhands/qwen3-coder-30b-a3b-instruct/main-20260702-212731/vibe_app__csv_transform_core__001/eval/result.json,"[""22f5f4bb-6efe-4935-a987-92bb48c4fc27"",""714c0082-3f3b-4a9e-8d71-8f209520030a"",""fda9c759-df36-4ccd-8bed-8228aef824f3""]"
typer__command_parser_core__001,experiments/python/openhands/qwen3-coder-30b-a3b-instruct/main-20260702-212731/typer__command_parser_core__001,openai/Qwen3-Coder-30B-A3B-Instruct,framework_coupling,false,,,false,0.180708,9,2130,1,1,0,0,false,true,true,explicit_finish,dependency_closure_omission,experiments/python/openhands/qwen3-coder-30b-a3b-instruct/main-20260702-212731/typer__command_parser_core__001/agent/openhands_events.jsonl,experiments/python/openhands/qwen3-coder-30b-a3b-instruct/main-20260702-212731/typer__command_parser_core__001/eval/result.json,"[""48e3e537-2467-45ba-b200-4019a55edaac"",""96a6d935-4fb1-4dda-858d-c3791c360d9e"",""eval:build""]"
cachetools__cache_eviction_core__001,experiments/python/openhands/qwen3-coder-30b-a3b-instruct/main-20260702-212731/cachetools__cache_eviction_core__001,openai/Qwen3-Coder-30B-A3B-Instruct,data_model_coupling,true,true,true,true,0.182994,4,665,19,0,2,0,false,true,true,explicit_finish,passed,experiments/python/openhands/qwen3-coder-30b-a3b-instruct/main-20260702-212731/cachetools__cache_eviction_core__001/agent/openhands_events.jsonl,experiments/python/openhands/qwen3-coder-30b-a3b-instruct/main-20260702-212731/cachetools__cache_eviction_core__001/eval/result.json,"[""07944950-3c59-4518-b273-1d2e69062e65"",""f8eb6ba9-6321-43df-9a17-32e6a42cb649"",""4383f64b-5dad-4453-8a87-a55a7306a374"",""1e41e5db-6d40-4a8f-9c0e-9a53f267723c"",""b96539eb-3616-4d90-99e9-1aead536e9c0"",""6e40dd21-bce3-4aee-b77c-49475ea59156""]"
pydantic_settings__env_source_core__001,experiments/python/openhands/qwen3-coder-30b-a3b-instruct/main-20260702-212731/pydantic_settings__env_source_core__001,openai/Qwen3-Coder-30B-A3B-Instruct,config_environment_coupling,false,,,false,0.190706,8,870,7,6,4,0,false,true,true,explicit_finish,evaluator_or_environment_error,experiments/python/openhands/qwen3-coder-30b-a3b-instruct/main-20260702-212731/pydantic_settings__env_source_core__001/agent/openhands_events.jsonl,experiments/python/openhands/qwen3-coder-30b-a3b-instruct/main-20260702-212731/pydantic_settings__env_source_core__001/eval/result.json,"[""c3e282de-bc07-4cf5-95d9-652d6ebc0b55"",""6009e09f-db84-4765-a797-c0e04ae05475"",""114af2d0-d327-4563-b3c7-7a024434d579"",""e0370515-9710-49b3-a4ed-0a9e56ea25f2"",""00ff19ae-9c84-4374-ad6f-3fbc8b1af735"",""f5c625ea-1ec9-4a4b-82c6-7b19e7addb54"",""eval:build"",""eval:dependency_install_failed""]"
phonenumbers__parse_format_core__001,experiments/python/openhands/qwen3-coder-30b-a3b-instruct/main-20260702-212731/phonenumbers__parse_format_core__001,openai/Qwen3-Coder-30B-A3B-Instruct,resource_coupling,true,true,false,false,0.195843,9,1319,15,1,4,0,false,true,true,explicit_finish,hidden_behavior_contract_failure,experiments/python/openhands/qwen3-coder-30b-a3b-instruct/main-20260702-212731/phonenumbers__parse_format_core__001/agent/openhands_events.jsonl,experiments/python/openhands/qwen3-coder-30b-a3b-instruct/main-20260702-212731/phonenumbers__parse_format_core__001/eval/result.json,"[""eee0c67b-d48a-4fe4-be85-193dc88d0e0a"",""f26dd3f4-0f49-4e08-b0a9-01e75fdc53a0"",""a93b88e7-e51d-41b8-8222-3d6310d4c84e"",""90e58ac6-4bdd-4df6-a305-56e6b366b397"",""b3d88944-d690-442e-a1b8-eb716c5505c5"",""99b4d629-e652-4820-afff-64f43b827d64"",""8a42286e-ef71-4350-afb7-21916b186685"",""eval:hidden_tests""]"
vibe_app__orm_query_ast_core__001,experiments/python/openhands/qwen3-coder-30b-a3b-instruct/main-20260702-212731/vibe_app__orm_query_ast_core__001,openai/Qwen3-Coder-30B-A3B-Instruct,framework_coupling,true,true,true,true,0.213970,6,242,0,0,0,0,false,false,true,explicit_finish,passed,experiments/python/openhands/qwen3-coder-30b-a3b-instruct/main-20260702-212731/vibe_app__orm_query_ast_core__001/agent/openhands_events.jsonl,experiments/python/openhands/qwen3-coder-30b-a3b-instruct/main-20260702-212731/vibe_app__orm_query_ast_core__001/eval/result.json,"[""acfe3a38-93ba-41fc-b538-8a5bccbd4029"",""3f286589-c7b3-4748-9f6f-4be5950a15b5""]"
python_dotenv__env_parse_core__001,experiments/python/openhands/qwen3-coder-30b-a3b-instruct/main-20260702-212731/python_dotenv__env_parse_core__001,openai/Qwen3-Coder-30B-A3B-Instruct,config_environment_coupling,false,true,true,true,0.223293,4,579,0,0,0,0,false,true,true,explicit_finish,passed,experiments/python/openhands/qwen3-coder-30b-a3b-instruct/main-20260702-212731/python_dotenv__env_parse_core__001/agent/openhands_events.jsonl,experiments/python/openhands/qwen3-coder-30b-a3b-instruct/main-20260702-212731/python_dotenv__env_parse_core__001/eval/result.json,"[""e25b2535-4dd6-497a-a67c-7f3bdf9d9320"",""3df6e85b-da70-408e-aa5c-38526f56c8a0""]"
yarl__url_model_core__001,experiments/python/openhands/qwen3-coder-30b-a3b-instruct/main-20260702-212731/yarl__url_model_core__001,openai/Qwen3-Coder-30B-A3B-Instruct,parser_state_coupling,true,true,true,true,0.227641,8,1797,0,0,3,0,false,false,true,explicit_finish,passed,experiments/python/openhands/qwen3-coder-30b-a3b-instruct/main-20260702-212731/yarl__url_model_core__001/agent/openhands_events.jsonl,experiments/python/openhands/qwen3-coder-30b-a3b-instruct/main-20260702-212731/yarl__url_model_core__001/eval/result.json,"[""0864bb58-6719-4011-b349-030a9e9eb569"",""a4c7aee5-3654-4a29-b332-bc564ff7be35"",""c9618b62-30b2-4d60-a238-5da7138939ab"",""85ce717d-01f9-4281-87f8-b77b895149dd""]"
click__option_parser__001,experiments/python/openhands/qwen3-coder-30b-a3b-instruct/main-20260702-212731/click__option_parser__001,openai/Qwen3-Coder-30B-A3B-Instruct,framework_coupling,true,false,false,false,0.231160,13,1776,20,1,8,0,false,true,false,step_limit_exceeded,public_behavior_failure,experiments/python/openhands/qwen3-coder-30b-a3b-instruct/main-20260702-212731/click__option_parser__001/agent/openhands_events.jsonl,experiments/python/openhands/qwen3-coder-30b-a3b-instruct/main-20260702-212731/click__option_parser__001/eval/result.json,"[""f26adb5e-6a75-4204-985a-d7a8eaec319a"",""60ab6778-bcab-4536-9757-307d11644f2a"",""2c183ce1-86d9-4927-ac55-a7d27d268c23"",""a60f6e86-aa75-4c9c-9d97-95b86a47fdc8"",""cbdfe98e-8cfa-4104-b586-48992f9b9b29"",""eval:public_tests"",""eval:hidden_tests""]"
mako__lexer_expression_core__001,experiments/python/openhands/qwen3-coder-30b-a3b-instruct/main-20260702-212731/mako__lexer_expression_core__001,openai/Qwen3-Coder-30B-A3B-Instruct,parser_state_coupling,false,,,false,0.234521,9,1534,5,1,2,0,false,true,true,explicit_finish,evaluator_or_environment_error,experiments/python/openhands/qwen3-coder-30b-a3b-instruct/main-20260702-212731/mako__lexer_expression_core__001/agent/openhands_events.jsonl,experiments/python/openhands/qwen3-coder-30b-a3b-instruct/main-20260702-212731/mako__lexer_expression_core__001/eval/result.json,"[""e5bab273-8ca3-4707-9d76-4eb3debb7e68"",""32094177-4216-4014-89db-7c3801d0c859"",""db234ba2-1a5d-4c59-a88d-75affb09c91f"",""922a7a23-ddea-4556-a1e0-e6fc588832ae"",""5cca293c-ed5a-45a5-a8c9-bf82666963cf"",""71ec49ff-4047-41c4-8d27-037f5ac22f13"",""07e267bf-a961-490a-b833-eaed20d2a375"",""eval:build"",""eval:dependency_install_failed""]"
urllib3__retry_backoff_core__001,experiments/python/openhands/qwen3-coder-30b-a3b-instruct/main-20260702-212731/urllib3__retry_backoff_core__001,openai/Qwen3-Coder-30B-A3B-Instruct,config_environment_coupling,false,true,false,false,0.239455,3,562,0,0,0,0,false,true,true,explicit_finish,hidden_behavior_contract_failure,experiments/python/openhands/qwen3-coder-30b-a3b-instruct/main-20260702-212731/urllib3__retry_backoff_core__001/agent/openhands_events.jsonl,experiments/python/openhands/qwen3-coder-30b-a3b-instruct/main-20260702-212731/urllib3__retry_backoff_core__001/eval/result.json,"[""11227692-a6d0-4eb5-8ce4-2edde25da5b5"",""79180094-0318-48d0-9a41-300a06992e09"",""eval:hidden_tests""]"
redis__resp_parser_core__001,experiments/python/openhands/qwen3-coder-30b-a3b-instruct/main-20260702-212731/redis__resp_parser_core__001,openai/Qwen3-Coder-30B-A3B-Instruct,parser_state_coupling,false,true,true,true,0.242344,10,1013,3,0,0,0,false,false,true,explicit_finish,passed,experiments/python/openhands/qwen3-coder-30b-a3b-instruct/main-20260702-212731/redis__resp_parser_core__001/agent/openhands_events.jsonl,experiments/python/openhands/qwen3-coder-30b-a3b-instruct/main-20260702-212731/redis__resp_parser_core__001/eval/result.json,"[""daa54045-8a99-4f5d-aea3-45835323a371"",""d2045a97-35dd-4ffa-95a9-aee5a98bb964"",""d1caec49-970e-4ea5-b9af-503ff421e42c"",""467feabe-eeeb-4908-add3-0374585550af""]"
dataclasses_json__serde_core__001,experiments/python/openhands/qwen3-coder-30b-a3b-instruct/main-20260702-212731/dataclasses_json__serde_core__001,openai/Qwen3-Coder-30B-A3B-Instruct,data_model_coupling,false,,,false,0.248315,16,958,2,0,0,0,false,false,true,explicit_finish,evaluator_or_environment_error,experiments/python/openhands/qwen3-coder-30b-a3b-instruct/main-20260702-212731/dataclasses_json__serde_core__001/agent/openhands_events.jsonl,experiments/python/openhands/qwen3-coder-30b-a3b-instruct/main-20260702-212731/dataclasses_json__serde_core__001/eval/result.json,"[""1ddf8b96-f92b-42d6-b8cd-ea715f151286"",""e0961712-47fa-4211-a434-7137d3235aa0"",""99ad2943-2390-4d43-b853-d70d8ec1a1c5"",""aa960232-7edc-453c-ab6d-26ed9c59fbd0"",""eval:build"",""eval:dependency_install_failed""]"
humanize__naturaltime_core__001,experiments/python/openhands/qwen3-coder-30b-a3b-instruct/main-20260702-212731/humanize__naturaltime_core__001,openai/Qwen3-Coder-30B-A3B-Instruct,data_model_coupling,false,true,false,false,0.249368,2,592,0,0,0,0,false,false,true,explicit_finish,hidden_behavior_contract_failure,experiments/python/openhands/qwen3-coder-30b-a3b-instruct/main-20260702-212731/humanize__naturaltime_core__001/agent/openhands_events.jsonl,experiments/python/openhands/qwen3-coder-30b-a3b-instruct/main-20260702-212731/humanize__naturaltime_core__001/eval/result.json,"[""c9c0dc8d-d7f9-4f7f-8973-354ac166e646"",""c40462b3-f1be-49bf-985c-588b5ca2bb72"",""eval:hidden_tests""]"
python_dateutil__relativedelta_core__001,experiments/python/openhands/qwen3-coder-30b-a3b-instruct/main-20260702-212731/python_dateutil__relativedelta_core__001,openai/Qwen3-Coder-30B-A3B-Instruct,data_model_coupling,false,true,false,false,0.249885,3,544,1,0,0,0,false,false,false,explicit_finish,hidden_behavior_contract_failure,experiments/python/openhands/qwen3-coder-30b-a3b-instruct/main-20260702-212731/python_dateutil__relativedelta_core__001/agent/openhands_events.jsonl,experiments/python/openhands/qwen3-coder-30b-a3b-instruct/main-20260702-212731/python_dateutil__relativedelta_core__001/eval/result.json,"[""5a340931-7a72-4004-8c0a-90d52f4028a5"",""28c628a6-710f-4d7b-96a4-5789a0ba9759"",""46056b1c-054f-4acd-b658-e2a81aa62093"",""eval:hidden_tests""]"
pluggy__hook_call_order__001,experiments/python/openhands/qwen3-coder-30b-a3b-instruct/main-20260702-212731/pluggy__hook_call_order__001,openai/Qwen3-Coder-30B-A3B-Instruct,framework_coupling,true,true,true,true,0.917367,5,655,0,0,1,0,false,false,true,explicit_finish,passed,experiments/python/openhands/qwen3-coder-30b-a3b-instruct/main-20260702-212731/pluggy__hook_call_order__001/agent/openhands_events.jsonl,experiments/python/openhands/qwen3-coder-30b-a3b-instruct/main-20260702-212731/pluggy__hook_call_order__001/eval/result.json,"[""bc3700e3-fa3a-43e3-94bf-be763f202879"",""7b29217c-3f26-41d1-b057-ec96a8f51a23"",""4ee290c9-693d-4382-a5f9-60105df4f4e9""]"
coverage__config_merge_core__001,experiments/python/openhands/qwen3-coder-30b-a3b-instruct/main-20260702-212731/coverage__config_merge_core__001,openai/Qwen3-Coder-30B-A3B-Instruct,config_environment_coupling,false,true,false,false,1.000000,2,148,0,0,2,0,false,false,true,explicit_finish,hidden_interface_or_closure_failure,experiments/python/openhands/qwen3-coder-30b-a3b-instruct/main-20260702-212731/coverage__config_merge_core__001/agent/openhands_events.jsonl,experiments/python/openhands/qwen3-coder-30b-a3b-instruct/main-20260702-212731/coverage__config_merge_core__001/eval/result.json,"[""38032231-6567-4bc9-99d2-9efc8ea4bfca"",""ee7565f1-3d7b-45c9-b78d-5ee1a8cebc4a"",""ec720fb9-8d68-4b5b-85f0-e1ee68ebe66e"",""a082adde-70e9-4640-81f1-0c749c8da176"",""eval:hidden_tests""]"
coverage__glob_matcher_core__001,experiments/python/openhands/qwen3-coder-30b-a3b-instruct/main-20260702-212731/coverage__glob_matcher_core__001,openai/Qwen3-Coder-30B-A3B-Instruct,resource_coupling,true,true,false,false,1.000000,3,60,0,0,1,0,false,false,true,explicit_finish,hidden_behavior_contract_failure,experiments/python/openhands/qwen3-coder-30b-a3b-instruct/main-20260702-212731/coverage__glob_matcher_core__001/agent/openhands_events.jsonl,experiments/python/openhands/qwen3-coder-30b-a3b-instruct/main-20260702-212731/coverage__glob_matcher_core__001/eval/result.json,"[""0197b019-0f62-4737-a5ef-dd5a49ca9348"",""179a9e47-c3fe-48a7-a644-bba97a70e4c2"",""cc26eeb8-17a5-4604-b393-63e560458852"",""eval:hidden_tests""]"
coverage__path_remap_core__001,experiments/python/openhands/qwen3-coder-30b-a3b-instruct/main-20260702-212731/coverage__path_remap_core__001,openai/Qwen3-Coder-30B-A3B-Instruct,resource_coupling,true,true,false,false,1.000000,3,66,0,0,1,0,false,true,true,explicit_finish,hidden_behavior_contract_failure,experiments/python/openhands/qwen3-coder-30b-a3b-instruct/main-20260702-212731/coverage__path_remap_core__001/agent/openhands_events.jsonl,experiments/python/openhands/qwen3-coder-30b-a3b-instruct/main-20260702-212731/coverage__path_remap_core__001/eval/result.json,"[""d206bd00-25d8-43af-8521-d681c1b30cb0"",""601c4127-7076-429e-b691-43f37dc66be6"",""e87b46f0-fb58-4d70-a8fe-2a68693e12e1"",""eval:hidden_tests""]"
coverage__source_selection_core__001,experiments/python/openhands/qwen3-coder-30b-a3b-instruct/main-20260702-212731/coverage__source_selection_core__001,openai/Qwen3-Coder-30B-A3B-Instruct,config_environment_coupling,true,true,false,false,1.000000,2,101,0,0,0,0,false,true,true,explicit_finish,hidden_interface_or_closure_failure,experiments/python/openhands/qwen3-coder-30b-a3b-instruct/main-20260702-212731/coverage__source_selection_core__001/agent/openhands_events.jsonl,experiments/python/openhands/qwen3-coder-30b-a3b-instruct/main-20260702-212731/coverage__source_selection_core__001/eval/result.json,"[""98227e60-611e-481c-83d0-b32252e81c1c"",""103d3d82-335c-4fd2-acc3-01cae5d09b88"",""eval:hidden_tests""]"
pyyaml__safe_load_dump__001,experiments/python/openhands/qwen3-coder-30b-a3b-instruct/main-20260702-212731/pyyaml__safe_load_dump__001,openai/Qwen3-Coder-30B-A3B-Instruct,parser_state_coupling,false,true,true,false,1.002022,17,4459,4,1,1,0,false,false,true,explicit_finish,isolation_or_forbidden_import_failure,experiments/python/openhands/qwen3-coder-30b-a3b-instruct/main-20260702-212731/pyyaml__safe_load_dump__001/agent/openhands_events.jsonl,experiments/python/openhands/qwen3-coder-30b-a3b-instruct/main-20260702-212731/pyyaml__safe_load_dump__001/eval/result.json,"[""e355fb56-3a68-4c5d-88d7-f33498675e8e"",""043fd0df-7da6-4c20-82da-0af4d49ca216"",""61e3efb5-ff31-4183-9ede-f91e33e1deb5"",""2d95128b-1926-44f3-a5d0-cc5502f4f82a"",""3efca204-2383-4e72-b969-c1d80169967b""]"
faker__provider_core__001,experiments/python/openhands/qwen3.6-27b-fp8/qwen36-27b-fp8-main-20260704-001328/faker__provider_core__001,openai/Qwen3.6-27B-FP8,resource_coupling,true,false,false,false,0.000440,8,148,4,1,0,2,false,false,false,agent_exit:passed,public_api_or_interface_failure,experiments/python/openhands/qwen3.6-27b-fp8/qwen36-27b-fp8-main-20260704-001328/faker__provider_core__001/agent/openhands_events.jsonl,experiments/python/openhands/qwen3.6-27b-fp8/qwen36-27b-fp8-main-20260704-001328/faker__provider_core__001/eval/result.json,"[""07648e1b-0324-4200-96ad-30b15fe5318d"",""488f1ef1-49a6-4c6b-b512-65e6d43c9da6"",""1408c7df-fff1-4bd7-be6b-67c9f24d635b"",""a9b9f891-bb1b-4206-9442-72dad09ba053"",""fdf852e1-9058-4ba5-8697-082bd68e3f5c"",""eval:public_tests"",""eval:hidden_tests""]"
pytest__ini_markers_core__001,experiments/python/openhands/qwen3.6-27b-fp8/qwen36-27b-fp8-main-20260704-001328/pytest__ini_markers_core__001,openai/Qwen3.6-27B-FP8,config_environment_coupling,true,true,false,false,0.000707,1,54,1,0,0,1,false,false,false,explicit_finish,hidden_behavior_contract_failure,experiments/python/openhands/qwen3.6-27b-fp8/qwen36-27b-fp8-main-20260704-001328/pytest__ini_markers_core__001/agent/openhands_events.jsonl,experiments/python/openhands/qwen3.6-27b-fp8/qwen36-27b-fp8-main-20260704-001328/pytest__ini_markers_core__001/eval/result.json,"[""bef8b68a-d3ed-4704-886e-6b1365fb57d0"",""e7d7f9ca-ff36-456c-a74d-7a7d6f8a7279"",""ece96a0a-cf71-45f9-9e28-b15c2353106a"",""01f8ac41-66c0-4db3-a043-bbf6a6ed5ad1"",""eval:hidden_tests""]"
pytest__skipif_eval_core__001,experiments/python/openhands/qwen3.6-27b-fp8/qwen36-27b-fp8-main-20260704-001328/pytest__skipif_eval_core__001,openai/Qwen3.6-27B-FP8,framework_coupling,true,true,false,false,0.001677,1,128,0,0,0,1,false,false,true,explicit_finish,hidden_interface_or_closure_failure,experiments/python/openhands/qwen3.6-27b-fp8/qwen36-27b-fp8-main-20260704-001328/pytest__skipif_eval_core__001/agent/openhands_events.jsonl,experiments/python/openhands/qwen3.6-27b-fp8/qwen36-27b-fp8-main-20260704-001328/pytest__skipif_eval_core__001/eval/result.json,"[""52e35414-428d-46f1-8d6c-71c230444afc"",""07406790-191f-4db4-97f2-18bed0e25aa6"",""14b7a11b-85bb-4a8e-8064-f5df96103e7b"",""eval:hidden_tests""]"
pytest__mark_expression_core__001,experiments/python/openhands/qwen3.6-27b-fp8/qwen36-27b-fp8-main-20260704-001328/pytest__mark_expression_core__001,openai/Qwen3.6-27B-FP8,parser_state_coupling,false,true,true,true,0.003628,2,277,0,0,0,0,false,false,false,agent_exit:passed,passed,experiments/python/openhands/qwen3.6-27b-fp8/qwen36-27b-fp8-main-20260704-001328/pytest__mark_expression_core__001/agent/openhands_events.jsonl,experiments/python/openhands/qwen3.6-27b-fp8/qwen36-27b-fp8-main-20260704-001328/pytest__mark_expression_core__001/eval/result.json,"[""461ce10f-0edc-4d45-852d-b6dbd5446bcf""]"
pytest__fixture_resolve_core__001,experiments/python/openhands/qwen3.6-27b-fp8/qwen36-27b-fp8-main-20260704-001328/pytest__fixture_resolve_core__001,openai/Qwen3.6-27B-FP8,framework_coupling,true,true,false,false,0.004466,3,341,0,0,0,0,false,false,false,explicit_finish,hidden_interface_or_closure_failure,experiments/python/openhands/qwen3.6-27b-fp8/qwen36-27b-fp8-main-20260704-001328/pytest__fixture_resolve_core__001/agent/openhands_events.jsonl,experiments/python/openhands/qwen3.6-27b-fp8/qwen36-27b-fp8-main-20260704-001328/pytest__fixture_resolve_core__001/eval/result.json,"[""0fbf581a-a682-45a4-bebc-c6fd4c2b8f10"",""49af78fc-c026-417f-a294-11f8aea97c4c"",""eval:hidden_tests""]"
pygments__formatter_core__001,experiments/python/openhands/qwen3.6-27b-fp8/qwen36-27b-fp8-main-20260704-001328/pygments__formatter_core__001,openai/Qwen3.6-27B-FP8,parser_state_coupling,false,false,false,false,0.014729,13,1511,10,2,2,1,true,false,false,agent_exit:passed,public_api_or_interface_failure,experiments/python/openhands/qwen3.6-27b-fp8/qwen36-27b-fp8-main-20260704-001328/pygments__formatter_core__001/agent/openhands_events.jsonl,experiments/python/openhands/qwen3.6-27b-fp8/qwen36-27b-fp8-main-20260704-001328/pygments__formatter_core__001/eval/result.json,"[""a9ef84ad-1b3c-4750-9ab0-371382be493b"",""c592829b-e43f-4540-8f74-9ce3c2550381"",""91be8f9f-83db-4fd8-a7a5-ca67989d824d"",""8f6c46ad-7ed0-4be9-9574-628c8ac9e43c"",""5d9f9df7-8747-45da-a49f-836998ca4516"",""2843a87a-99fc-44cc-9f20-0c8e88c91786"",""85dcc1e6-a552-45d4-bff1-c672f31a76a4"",""2f57f3e0-e65f-45fb-9a18-89be5a15bbd2"",""eval:public_tests"",""eval:hidden_tests""]"
pygments__lexer_core__001,experiments/python/openhands/qwen3.6-27b-fp8/qwen36-27b-fp8-main-20260704-001328/pygments__lexer_core__001,openai/Qwen3.6-27B-FP8,parser_state_coupling,true,true,false,false,0.034195,13,3508,7,2,3,2,false,false,false,step_limit_exceeded,hidden_behavior_contract_failure,experiments/python/openhands/qwen3.6-27b-fp8/qwen36-27b-fp8-main-20260704-001328/pygments__lexer_core__001/agent/openhands_events.jsonl,experiments/python/openhands/qwen3.6-27b-fp8/qwen36-27b-fp8-main-20260704-001328/pygments__lexer_core__001/eval/result.json,"[""f2a9006b-ff09-4353-a28f-9d2e0c2da9b0"",""f63e12d3-94b6-4938-9c59-7498bb45def3"",""1a31f474-e6d2-4980-808a-0c63db3bca5d"",""1cb0ec4d-9cbf-4eb6-bd47-2b33638f95f8"",""db4cd242-46a6-48d8-b3cb-7d5102055a8c"",""baa71ff0-464e-4d8c-95be-7f96b83226ce"",""54547a8e-87db-49da-9670-a5e919cd506d"",""d275935d-6ef3-4b51-aeaa-38675b4b20f4"",""c26003a8-fd37-4994-893e-05c87cf7507f"",""eval:hidden_tests""]"
coverage__report_core__001,experiments/python/openhands/qwen3.6-27b-fp8/qwen36-27b-fp8-main-20260704-001328/coverage__report_core__001,openai/Qwen3.6-27B-FP8,config_environment_coupling,false,true,true,true,0.044777,12,1524,2,1,0,0,false,false,true,explicit_finish,passed,experiments/python/openhands/qwen3.6-27b-fp8/qwen36-27b-fp8-main-20260704-001328/coverage__report_core__001/agent/openhands_events.jsonl,experiments/python/openhands/qwen3.6-27b-fp8/qwen36-27b-fp8-main-20260704-001328/coverage__report_core__001/eval/result.json,"[""0aa6fb6d-280b-42de-974a-5d3336377765"",""1891deba-dae7-410f-a844-de704e900f21"",""0ecd632b-e7b6-4dd0-abc4-be1ed10ef16d"",""3325b2a6-465e-455f-92f7-3f612798f4fb""]"
vibe_app__plugin_registry_core__001,experiments/python/openhands/qwen3.6-27b-fp8/qwen36-27b-fp8-main-20260704-001328/vibe_app__plugin_registry_core__001,openai/Qwen3.6-27B-FP8,legacy_vibe_clutter,true,true,true,true,0.066313,5,75,0,0,0,0,false,false,false,explicit_finish,passed,experiments/python/openhands/qwen3.6-27b-fp8/qwen36-27b-fp8-main-20260704-001328/vibe_app__plugin_registry_core__001/agent/openhands_events.jsonl,experiments/python/openhands/qwen3.6-27b-fp8/qwen36-27b-fp8-main-20260704-001328/vibe_app__plugin_registry_core__001/eval/result.json,"[""08b0ab8f-8fd8-4978-8b3b-475333e24826"",""485a078f-178b-42a7-8bb2-3e266ff71e83""]"
sortedcontainers__sorted_list_core__001,experiments/python/openhands/qwen3.6-27b-fp8/qwen36-27b-fp8-main-20260704-001328/sortedcontainers__sorted_list_core__001,openai/Qwen3.6-27B-FP8,data_model_coupling,false,true,true,true,0.078036,2,647,4,0,0,0,false,false,false,explicit_finish,passed,experiments/python/openhands/qwen3.6-27b-fp8/qwen36-27b-fp8-main-20260704-001328/sortedcontainers__sorted_list_core__001/agent/openhands_events.jsonl,experiments/python/openhands/qwen3.6-27b-fp8/qwen36-27b-fp8-main-20260704-001328/sortedcontainers__sorted_list_core__001/eval/result.json,"[""fa1ab434-86f0-4efe-98a0-e54d6f154f3f"",""89c02a58-ac4a-4997-a046-3998624b27d7"",""4dfeff01-fcc6-4f1c-9cdd-ccd6c4713f7b"",""3017006e-b7c2-4b9c-b406-2aaad98c055e""]"
boltons__iterutils_core__001,experiments/python/openhands/qwen3.6-27b-fp8/qwen36-27b-fp8-main-20260704-001328/boltons__iterutils_core__001,openai/Qwen3.6-27B-FP8,data_model_coupling,false,true,true,true,0.088040,2,385,5,0,0,1,false,false,true,explicit_finish,passed,experiments/python/openhands/qwen3.6-27b-fp8/qwen36-27b-fp8-main-20260704-001328/boltons__iterutils_core__001/agent/openhands_events.jsonl,experiments/python/openhands/qwen3.6-27b-fp8/qwen36-27b-fp8-main-20260704-001328/boltons__iterutils_core__001/eval/result.json,"[""8282d6d2-6748-42e9-bab6-03dc2f8b9c30"",""5e72714d-c6a0-4aee-af89-ef62a4d4993f"",""ac31bd03-65d6-4056-ab00-c9ae8eb3bb35"",""e248be92-8db9-4b0f-adf2-55667c4dd15e"",""d322e472-185f-4bb5-8a82-e53d2067a97d""]"
vibe_app__pricing_rules_core__001,experiments/python/openhands/qwen3.6-27b-fp8/qwen36-27b-fp8-main-20260704-001328/vibe_app__pricing_rules_core__001,openai/Qwen3.6-27B-FP8,legacy_vibe_clutter,true,true,true,true,0.091743,5,60,0,0,0,0,false,false,false,agent_exit:passed,passed,experiments/python/openhands/qwen3.6-27b-fp8/qwen36-27b-fp8-main-20260704-001328/vibe_app__pricing_rules_core__001/agent/openhands_events.jsonl,experiments/python/openhands/qwen3.6-27b-fp8/qwen36-27b-fp8-main-20260704-001328/vibe_app__pricing_rules_core__001/eval/result.json,"[""eb6a17ee-57fc-4c75-beeb-5f5dbdcb315d""]"
dynaconf__settings_merge_core__001,experiments/python/openhands/qwen3.6-27b-fp8/qwen36-27b-fp8-main-20260704-001328/dynaconf__settings_merge_core__001,openai/Qwen3.6-27B-FP8,config_environment_coupling,false,false,false,false,0.092258,13,1984,14,4,0,2,false,false,false,agent_exit:passed,public_api_or_interface_failure,experiments/python/openhands/qwen3.6-27b-fp8/qwen36-27b-fp8-main-20260704-001328/dynaconf__settings_merge_core__001/agent/openhands_events.jsonl,experiments/python/openhands/qwen3.6-27b-fp8/qwen36-27b-fp8-main-20260704-001328/dynaconf__settings_merge_core__001/eval/result.json,"[""df5ff81c-cff7-4207-be55-3e3313e3fda8"",""c900a701-5986-4200-8958-41e012f1c3c9"",""fb1e35cd-7307-428e-a676-391baaf7cb5a"",""dbfcdc45-9df6-4e96-b21d-2a4383b0b494"",""6b60861e-9ac3-401a-b4bd-9af942785111"",""c3c67210-da17-4182-8b45-9f41b0ba1857"",""8f7dc5eb-7a3d-49c6-a85d-5878fb732111"",""eval:public_tests"",""eval:hidden_tests""]"
websockets__handshake_parse_core__001,experiments/python/openhands/qwen3.6-27b-fp8/qwen36-27b-fp8-main-20260704-001328/websockets__handshake_parse_core__001,openai/Qwen3.6-27B-FP8,parser_state_coupling,false,true,false,false,0.094011,7,1171,2,0,0,0,false,false,false,explicit_finish,hidden_behavior_contract_failure,experiments/python/openhands/qwen3.6-27b-fp8/qwen36-27b-fp8-main-20260704-001328/websockets__handshake_parse_core__001/agent/openhands_events.jsonl,experiments/python/openhands/qwen3.6-27b-fp8/qwen36-27b-fp8-main-20260704-001328/websockets__handshake_parse_core__001/eval/result.json,"[""57ddf931-1405-4c86-89df-72aa9431a7ec"",""afc15328-300b-434d-8861-f80a63c5c8ed"",""3724f59f-e36c-4431-9778-b039fcd2e33a"",""15c4f7cd-87ee-42f0-baaa-f03e9df2f6be"",""eval:hidden_tests""]"
pendulum__parse_format_core__001,experiments/python/openhands/qwen3.6-27b-fp8/qwen36-27b-fp8-main-20260704-001328/pendulum__parse_format_core__001,openai/Qwen3.6-27B-FP8,parser_state_coupling,false,,,false,0.101417,11,1195,11,7,1,1,false,false,false,agent_exit:passed,evaluator_or_environment_error,experiments/python/openhands/qwen3.6-27b-fp8/qwen36-27b-fp8-main-20260704-001328/pendulum__parse_format_core__001/agent/openhands_events.jsonl,experiments/python/openhands/qwen3.6-27b-fp8/qwen36-27b-fp8-main-20260704-001328/pendulum__parse_format_core__001/eval/result.json,"[""8fb3ffc9-1665-46d4-a3fc-ff42afd5d97f"",""23e976dd-f41b-4576-9662-4f43dd65f800"",""7899b0b1-c051-45bc-b4b6-6f8169ff0396"",""6050202e-b3e1-463c-992a-30ed4e148e4c"",""aa6bba22-be37-41bb-a599-acada74077e5"",""b114ae05-1a9c-4406-8fd7-9f9fb67a4384"",""094cdcab-f586-48e6-9067-0cce62ce1abb"",""eval:build"",""eval:dependency_install_failed""]"
vibe_app__session_registry_core__001,experiments/python/openhands/qwen3.6-27b-fp8/qwen36-27b-fp8-main-20260704-001328/vibe_app__session_registry_core__001,openai/Qwen3.6-27B-FP8,legacy_vibe_clutter,true,true,true,true,0.103490,5,86,0,0,0,0,false,false,true,explicit_finish,passed,experiments/python/openhands/qwen3.6-27b-fp8/qwen36-27b-fp8-main-20260704-001328/vibe_app__session_registry_core__001/agent/openhands_events.jsonl,experiments/python/openhands/qwen3.6-27b-fp8/qwen36-27b-fp8-main-20260704-001328/vibe_app__session_registry_core__001/eval/result.json,"[""47ac9aac-e3a6-4f2f-af50-f57c9a167316"",""e387a4d3-d0ab-451c-a390-50b060dd51cc""]"
vibe_app__rules_engine_core__001,experiments/python/openhands/qwen3.6-27b-fp8/qwen36-27b-fp8-main-20260704-001328/vibe_app__rules_engine_core__001,openai/Qwen3.6-27B-FP8,legacy_vibe_clutter,true,true,true,true,0.111913,5,93,0,0,0,0,false,false,false,explicit_finish,passed,experiments/python/openhands/qwen3.6-27b-fp8/qwen36-27b-fp8-main-20260704-001328/vibe_app__rules_engine_core__001/agent/openhands_events.jsonl,experiments/python/openhands/qwen3.6-27b-fp8/qwen36-27b-fp8-main-20260704-001328/vibe_app__rules_engine_core__001/eval/result.json,"[""7934ef48-710d-4b37-8e0f-6ea83edf2909"",""0b82ec4e-d241-4217-b1ce-57a0b9dae684""]"
networkx__dag_topo_core__001,experiments/python/openhands/qwen3.6-27b-fp8/qwen36-27b-fp8-main-20260704-001328/networkx__dag_topo_core__001,openai/Qwen3.6-27B-FP8,data_model_coupling,false,,,false,0.112583,8,1224,11,1,2,1,false,false,false,agent_exit:passed,dependency_closure_omission,experiments/python/openhands/qwen3.6-27b-fp8/qwen36-27b-fp8-main-20260704-001328/networkx__dag_topo_core__001/agent/openhands_events.jsonl,experiments/python/openhands/qwen3.6-27b-fp8/qwen36-27b-fp8-main-20260704-001328/networkx__dag_topo_core__001/eval/result.json,"[""5c2f0def-4c22-4db7-aa14-2ce3820fbba5"",""ea1a7e93-0896-42af-90f1-f2a519fb6333"",""613dbe3b-973d-4bd2-8b86-7f9cc5773d42"",""ebea6141-2989-49ee-a328-970fe77a3a44"",""9c0c6c1a-a318-4855-93f6-0298a243f258"",""caf32726-fd3e-420e-97d6-347bdbff0a0b"",""3d72d443-e9d1-46a3-8bab-05139cc8ba81"",""eval:build""]"
babel__plural_core__001,experiments/python/openhands/qwen3.6-27b-fp8/qwen36-27b-fp8-main-20260704-001328/babel__plural_core__001,openai/Qwen3.6-27B-FP8,third_party_dependency_coupling,true,false,false,false,0.132170,808,1113,20,10,0,2,false,false,false,agent_exit:passed,public_behavior_failure,experiments/python/openhands/qwen3.6-27b-fp8/qwen36-27b-fp8-main-20260704-001328/babel__plural_core__001/agent/openhands_events.jsonl,experiments/python/openhands/qwen3.6-27b-fp8/qwen36-27b-fp8-main-20260704-001328/babel__plural_core__001/eval/result.json,"[""6c01b046-3204-44bc-9485-da3c4fee7541"",""3b50793a-a08c-41e0-9489-fc85ce06516a"",""d440bf0f-761d-46e0-a901-3400732eabbf"",""aa42a5a5-0c9d-4a04-84cf-20aeddafbce2"",""ff2f044c-019e-4c5d-ba7f-117158ba4cbc"",""ab7443ea-c90e-45a5-a178-ad4b2b1f87cc"",""0ac61d32-bcd7-4634-88ba-3aa38e23c8a0"",""eval:public_tests"",""eval:hidden_tests""]"
werkzeug__routing_core__001,experiments/python/openhands/qwen3.6-27b-fp8/qwen36-27b-fp8-main-20260704-001328/werkzeug__routing_core__001,openai/Qwen3.6-27B-FP8,framework_coupling,true,false,false,false,0.143101,10,2267,21,6,3,3,false,false,true,step_limit_exceeded,public_api_or_interface_failure,experiments/python/openhands/qwen3.6-27b-fp8/qwen36-27b-fp8-main-20260704-001328/werkzeug__routing_core__001/agent/openhands_events.jsonl,experiments/python/openhands/qwen3.6-27b-fp8/qwen36-27b-fp8-main-20260704-001328/werkzeug__routing_core__001/eval/result.json,"[""2fb1b3a2-c9b6-4790-af37-1c1af43fb2f0"",""ab3e41f5-33e7-4bb4-a7d8-adfd944fb4f9"",""902d7344-d1b1-46ff-ba24-cd76e87faad1"",""1e62ba8a-9eb5-4388-b8ba-a126704dfa38"",""95d9d527-2e10-488b-a7c4-dea36457af46"",""30fa0a17-88ba-4784-8a0c-1d32f86e7f05"",""63c3f155-2473-4a04-bdd5-613a7b807354"",""01cda537-b0eb-4a7a-b27a-692ebd7a593f"",""03938f66-9ac4-4d76-a09f-cab196a028a4"",""eval:public_tests"",""eval:hidden_tests""]"
redis__resp_parser_core__001,experiments/python/openhands/qwen3.6-27b-fp8/qwen36-27b-fp8-main-20260704-001328/redis__resp_parser_core__001,openai/Qwen3.6-27B-FP8,parser_state_coupling,false,true,true,true,0.151675,8,634,1,0,0,0,false,true,true,agent_exit:passed,passed,experiments/python/openhands/qwen3.6-27b-fp8/qwen36-27b-fp8-main-20260704-001328/redis__resp_parser_core__001/agent/openhands_events.jsonl,experiments/python/openhands/qwen3.6-27b-fp8/qwen36-27b-fp8-main-20260704-001328/redis__resp_parser_core__001/eval/result.json,"[""e60661f4-f3fe-44d1-a902-9384db959856"",""4d0947c0-1b8c-44bd-a9f8-377fe2cb6e7d""]"
jinja2__lexer_parser_core__001,experiments/python/openhands/qwen3.6-27b-fp8/qwen36-27b-fp8-main-20260704-001328/jinja2__lexer_parser_core__001,openai/Qwen3.6-27B-FP8,parser_state_coupling,true,,,false,0.153538,9,2795,6,0,1,1,false,false,false,explicit_finish,evaluator_or_environment_error,experiments/python/openhands/qwen3.6-27b-fp8/qwen36-27b-fp8-main-20260704-001328/jinja2__lexer_parser_core__001/agent/openhands_events.jsonl,experiments/python/openhands/qwen3.6-27b-fp8/qwen36-27b-fp8-main-20260704-001328/jinja2__lexer_parser_core__001/eval/result.json,"[""d5facc8e-5a55-46df-8210-8cb0a2b58b3d"",""82492259-fe52-4269-911e-71f795442e8f"",""f4f66869-9de4-42ff-ab8e-21e30424584a"",""9bfb1453-655c-4300-a9c3-aa24c6e8f9f6"",""f53b4945-3ddd-485d-af39-bcf554c6f6bb"",""91160550-569a-441d-8f1b-976a4b2cc5b5"",""eval:build"",""eval:dependency_install_failed""]"
wsproto__frame_parse_core__001,experiments/python/openhands/qwen3.6-27b-fp8/qwen36-27b-fp8-main-20260704-001328/wsproto__frame_parse_core__001,openai/Qwen3.6-27B-FP8,parser_state_coupling,true,true,true,true,0.159835,2,503,2,0,0,0,false,false,true,explicit_finish,passed,experiments/python/openhands/qwen3.6-27b-fp8/qwen36-27b-fp8-main-20260704-001328/wsproto__frame_parse_core__001/agent/openhands_events.jsonl,experiments/python/openhands/qwen3.6-27b-fp8/qwen36-27b-fp8-main-20260704-001328/wsproto__frame_parse_core__001/eval/result.json,"[""2ba1975e-394e-453e-8974-ddfaf911319a"",""594b056f-4f68-48b8-9d9c-3e82217f9ace"",""48cb6271-a17d-4331-a774-71bebf121bc0"",""1a02ff79-2e86-4418-872e-2469d411b5c5""]"
urllib3__retry_backoff_core__001,experiments/python/openhands/qwen3.6-27b-fp8/qwen36-27b-fp8-main-20260704-001328/urllib3__retry_backoff_core__001,openai/Qwen3.6-27B-FP8,config_environment_coupling,false,true,true,true,0.162761,4,382,1,0,0,0,true,false,true,agent_exit:passed,passed,experiments/python/openhands/qwen3.6-27b-fp8/qwen36-27b-fp8-main-20260704-001328/urllib3__retry_backoff_core__001/agent/openhands_events.jsonl,experiments/python/openhands/qwen3.6-27b-fp8/qwen36-27b-fp8-main-20260704-001328/urllib3__retry_backoff_core__001/eval/result.json,"[""5695cee4-47d9-43f0-8dbe-4b06a722bbfc"",""7fb54ad0-57ae-4272-9fff-36c28a55abb3""]"
h2__frame_parse_core__001,experiments/python/openhands/qwen3.6-27b-fp8/qwen36-27b-fp8-main-20260704-001328/h2__frame_parse_core__001,openai/Qwen3.6-27B-FP8,parser_state_coupling,false,true,true,true,0.169174,8,877,3,0,0,1,false,false,false,agent_exit:passed,passed,experiments/python/openhands/qwen3.6-27b-fp8/qwen36-27b-fp8-main-20260704-001328/h2__frame_parse_core__001/agent/openhands_events.jsonl,experiments/python/openhands/qwen3.6-27b-fp8/qwen36-27b-fp8-main-20260704-001328/h2__frame_parse_core__001/eval/result.json,"[""cda2e462-3d6a-4e78-a2e3-348054b7f896"",""dc8e7881-9021-401d-b466-18e74ecee628"",""2b2ce251-3a4a-4b47-a28a-d10d9e5e66d6"",""58058cf5-ce55-4f6f-b095-8d1d2e9ddf60""]"
cachetools__cache_eviction_core__001,experiments/python/openhands/qwen3.6-27b-fp8/qwen36-27b-fp8-main-20260704-001328/cachetools__cache_eviction_core__001,openai/Qwen3.6-27B-FP8,data_model_coupling,true,true,true,true,0.178591,1,649,0,0,0,0,false,false,true,explicit_finish,passed,experiments/python/openhands/qwen3.6-27b-fp8/qwen36-27b-fp8-main-20260704-001328/cachetools__cache_eviction_core__001/agent/openhands_events.jsonl,experiments/python/openhands/qwen3.6-27b-fp8/qwen36-27b-fp8-main-20260704-001328/cachetools__cache_eviction_core__001/eval/result.json,"[""c64a3647-7938-4d0e-8f87-601b490282f1"",""9d2c3df8-a3a8-4232-bf62-529f22968b63""]"
vibe_app__csv_transform_core__001,experiments/python/openhands/qwen3.6-27b-fp8/qwen36-27b-fp8-main-20260704-001328/vibe_app__csv_transform_core__001,openai/Qwen3.6-27B-FP8,legacy_vibe_clutter,true,true,true,true,0.180428,11,118,0,0,0,0,false,false,true,explicit_finish,passed,experiments/python/openhands/qwen3.6-27b-fp8/qwen36-27b-fp8-main-20260704-001328/vibe_app__csv_transform_core__001/agent/openhands_events.jsonl,experiments/python/openhands/qwen3.6-27b-fp8/qwen36-27b-fp8-main-20260704-001328/vibe_app__csv_transform_core__001/eval/result.json,"[""66f99ba9-93fc-4812-92dc-cf0c3e58de28"",""b63619d8-d8d7-48ed-a9b7-928e47935f1a""]"
jsonschema__validator_core__001,experiments/python/openhands/qwen3.6-27b-fp8/qwen36-27b-fp8-main-20260704-001328/jsonschema__validator_core__001,openai/Qwen3.6-27B-FP8,data_model_coupling,true,,,false,0.190182,9,1631,8,4,18,2,false,false,false,step_limit_exceeded,evaluator_or_environment_error,experiments/python/openhands/qwen3.6-27b-fp8/qwen36-27b-fp8-main-20260704-001328/jsonschema__validator_core__001/agent/openhands_events.jsonl,experiments/python/openhands/qwen3.6-27b-fp8/qwen36-27b-fp8-main-20260704-001328/jsonschema__validator_core__001/eval/result.json,"[""16c578e7-e5ce-4a5b-a10c-2d2dd97c43ec"",""aeb59f90-c551-4004-93bd-21fff89b50ea"",""9fe09733-32d7-4595-99bb-4d177fa75a2f"",""5bd28de7-70e0-41d9-a17b-e8f2ddecde79"",""f0606050-9c0e-483d-aebc-3826cf1831b2"",""d84c24a0-d482-42d5-8d44-178c75b12137"",""4ed20cb5-1a8a-4767-9d36-a38d284d70f5"",""dabfccf3-65e6-493f-bc70-ef42154b4077"",""7312a951-eaea-4fb1-b421-49c3453f3584"",""eval:build"",""eval:dependency_install_failed""]"
arrow__parse_format_core__001,experiments/python/openhands/qwen3.6-27b-fp8/qwen36-27b-fp8-main-20260704-001328/arrow__parse_format_core__001,openai/Qwen3.6-27B-FP8,parser_state_coupling,false,,,false,0.200143,9,1684,11,1,1,0,false,false,false,explicit_finish,evaluator_or_environment_error,experiments/python/openhands/qwen3.6-27b-fp8/qwen36-27b-fp8-main-20260704-001328/arrow__parse_format_core__001/agent/openhands_events.jsonl,experiments/python/openhands/qwen3.6-27b-fp8/qwen36-27b-fp8-main-20260704-001328/arrow__parse_format_core__001/eval/result.json,"[""deb357e7-6078-45f7-b288-ec839e6b6f4c"",""af59acfe-ab50-41e5-8120-cafcb4447c75"",""cb106f5d-28be-4e93-b80b-ffc27231fe84"",""c9f6cc49-518e-4b30-909f-604eeed7fd55"",""ae9e3ce1-32e1-4572-bfbe-9404e4f6eba1"",""eval:build"",""eval:dependency_install_failed""]"
python_dotenv__env_parse_core__001,experiments/python/openhands/qwen3.6-27b-fp8/qwen36-27b-fp8-main-20260704-001328/python_dotenv__env_parse_core__001,openai/Qwen3.6-27B-FP8,config_environment_coupling,false,true,true,true,0.200540,4,520,0,0,0,0,false,false,false,explicit_finish,passed,experiments/python/openhands/qwen3.6-27b-fp8/qwen36-27b-fp8-main-20260704-001328/python_dotenv__env_parse_core__001/agent/openhands_events.jsonl,experiments/python/openhands/qwen3.6-27b-fp8/qwen36-27b-fp8-main-20260704-001328/python_dotenv__env_parse_core__001/eval/result.json,"[""6a8b72ea-ece2-4707-ab87-d17f61d194c2"",""5ed0c457-815f-4078-9791-466e0e14e6b0""]"
humanize__naturaltime_core__001,experiments/python/openhands/qwen3.6-27b-fp8/qwen36-27b-fp8-main-20260704-001328/humanize__naturaltime_core__001,openai/Qwen3.6-27B-FP8,data_model_coupling,false,true,true,true,0.202612,4,481,3,0,0,1,false,false,true,explicit_finish,passed,experiments/python/openhands/qwen3.6-27b-fp8/qwen36-27b-fp8-main-20260704-001328/humanize__naturaltime_core__001/agent/openhands_events.jsonl,experiments/python/openhands/qwen3.6-27b-fp8/qwen36-27b-fp8-main-20260704-001328/humanize__naturaltime_core__001/eval/result.json,"[""c7fe82dc-d3f9-47ba-bd7b-9f1f9d804bc1"",""cfe1e65c-2940-4ab9-b27a-a06e70ff69e5"",""94183144-f028-49c4-b94c-0ed7453d7cce"",""7f5e01ea-626f-47c7-80e7-2f885ff980ed"",""fe046967-de67-4789-9e9d-a73434c7a41b""]"
vibe_app__orm_query_ast_core__001,experiments/python/openhands/qwen3.6-27b-fp8/qwen36-27b-fp8-main-20260704-001328/vibe_app__orm_query_ast_core__001,openai/Qwen3.6-27B-FP8,framework_coupling,true,true,true,true,0.212202,5,240,0,0,0,0,false,false,false,explicit_finish,passed,experiments/python/openhands/qwen3.6-27b-fp8/qwen36-27b-fp8-main-20260704-001328/vibe_app__orm_query_ast_core__001/agent/openhands_events.jsonl,experiments/python/openhands/qwen3.6-27b-fp8/qwen36-27b-fp8-main-20260704-001328/vibe_app__orm_query_ast_core__001/eval/result.json,"[""7addfd31-75ce-4446-9ff6-f88b10b2abe9"",""c89b2e08-5ae5-4396-a9b6-a4cc5cf085b0""]"
httpx__request_model_core__001,experiments/python/openhands/qwen3.6-27b-fp8/qwen36-27b-fp8-main-20260704-001328/httpx__request_model_core__001,openai/Qwen3.6-27B-FP8,data_model_coupling,false,true,false,false,0.215186,10,1570,6,1,0,0,false,false,true,explicit_finish,hidden_interface_or_closure_failure,experiments/python/openhands/qwen3.6-27b-fp8/qwen36-27b-fp8-main-20260704-001328/httpx__request_model_core__001/agent/openhands_events.jsonl,experiments/python/openhands/qwen3.6-27b-fp8/qwen36-27b-fp8-main-20260704-001328/httpx__request_model_core__001/eval/result.json,"[""c6713d63-dcd8-4939-8ac4-83aa5118aa32"",""37693446-103e-40ad-941f-1934f5495f53"",""e1e96d98-acb5-430b-8a75-b5f6fdfab9cc"",""e2943114-c318-4e26-a570-a0722c547cc2"",""4bf28059-a37c-4503-a9f7-181ec3243ec3"",""eval:hidden_tests""]"
python_dateutil__relativedelta_core__001,experiments/python/openhands/qwen3.6-27b-fp8/qwen36-27b-fp8-main-20260704-001328/python_dateutil__relativedelta_core__001,openai/Qwen3.6-27B-FP8,data_model_coupling,false,true,true,true,0.219568,2,478,2,0,0,1,false,false,false,explicit_finish,passed,experiments/python/openhands/qwen3.6-27b-fp8/qwen36-27b-fp8-main-20260704-001328/python_dateutil__relativedelta_core__001/agent/openhands_events.jsonl,experiments/python/openhands/qwen3.6-27b-fp8/qwen36-27b-fp8-main-20260704-001328/python_dateutil__relativedelta_core__001/eval/result.json,"[""7cf17c72-c7c0-4dfe-8bfb-0c22f72eea33"",""a1412de1-971d-4960-8dd1-93637f30ae65"",""0019f716-b7cf-4b99-a02d-fbb6228e352f"",""620423f7-436f-47b9-b459-32d54aa987a9"",""40db9ad7-2d6e-419f-8e6e-dcb2fa589e6c""]"
yarl__url_model_core__001,experiments/python/openhands/qwen3.6-27b-fp8/qwen36-27b-fp8-main-20260704-001328/yarl__url_model_core__001,openai/Qwen3.6-27B-FP8,parser_state_coupling,true,true,true,true,0.224601,8,1773,5,0,0,1,false,false,true,explicit_finish,passed,experiments/python/openhands/qwen3.6-27b-fp8/qwen36-27b-fp8-main-20260704-001328/yarl__url_model_core__001/agent/openhands_events.jsonl,experiments/python/openhands/qwen3.6-27b-fp8/qwen36-27b-fp8-main-20260704-001328/yarl__url_model_core__001/eval/result.json,"[""ba6e6b8e-7366-45c5-bba0-261d7a90363b"",""d28653da-c405-4280-9968-2313e302e51b"",""121a9b4a-59d0-4c3f-b23a-f837da6a16fb"",""e42f5366-a7be-4746-9592-72b5fb635772"",""e3e0b892-2427-4b4e-8dfc-277e3703f0ed""]"
dataclasses_json__serde_core__001,experiments/python/openhands/qwen3.6-27b-fp8/qwen36-27b-fp8-main-20260704-001328/dataclasses_json__serde_core__001,openai/Qwen3.6-27B-FP8,data_model_coupling,false,,,false,0.228097,7,880,0,0,0,0,false,false,false,agent_exit:passed,evaluator_or_environment_error,experiments/python/openhands/qwen3.6-27b-fp8/qwen36-27b-fp8-main-20260704-001328/dataclasses_json__serde_core__001/agent/openhands_events.jsonl,experiments/python/openhands/qwen3.6-27b-fp8/qwen36-27b-fp8-main-20260704-001328/dataclasses_json__serde_core__001/eval/result.json,"[""f2f8bb1a-225c-4949-a80b-836b1f0da2df"",""eval:build"",""eval:dependency_install_failed""]"
python_dateutil__rrule_core__001,experiments/python/openhands/qwen3.6-27b-fp8/qwen36-27b-fp8-main-20260704-001328/python_dateutil__rrule_core__001,openai/Qwen3.6-27B-FP8,parser_state_coupling,true,true,false,false,0.228996,3,1311,6,0,0,1,false,false,false,explicit_finish,hidden_interface_or_closure_failure,experiments/python/openhands/qwen3.6-27b-fp8/qwen36-27b-fp8-main-20260704-001328/python_dateutil__rrule_core__001/agent/openhands_events.jsonl,experiments/python/openhands/qwen3.6-27b-fp8/qwen36-27b-fp8-main-20260704-001328/python_dateutil__rrule_core__001/eval/result.json,"[""978eaf57-d427-4fd2-a118-380610781735"",""a327e21b-1c97-4d06-b6c1-1cdd0e0097dc"",""c7619387-65fc-4700-90f7-448ba1e233bf"",""600633e5-2404-423e-a4c2-7efa031b6e1f"",""2e2dbc08-b9e9-4ef0-83bc-cbc9e1094118"",""eval:hidden_tests""]"
jsonpointer__resolve_core__001,experiments/python/openhands/qwen3.6-27b-fp8/qwen36-27b-fp8-main-20260704-001328/jsonpointer__resolve_core__001,openai/Qwen3.6-27B-FP8,parser_state_coupling,false,true,true,true,0.233444,1,141,0,0,1,0,false,false,false,explicit_finish,passed,experiments/python/openhands/qwen3.6-27b-fp8/qwen36-27b-fp8-main-20260704-001328/jsonpointer__resolve_core__001/agent/openhands_events.jsonl,experiments/python/openhands/qwen3.6-27b-fp8/qwen36-27b-fp8-main-20260704-001328/jsonpointer__resolve_core__001/eval/result.json,"[""cad130e7-5591-4d74-bc6a-e2828deee8ed"",""60297285-75f3-4992-984a-565c8e4aebc2"",""32069f3f-74d9-4197-a479-2aa8153a8690""]"
pydantic_settings__env_source_core__001,experiments/python/openhands/qwen3.6-27b-fp8/qwen36-27b-fp8-main-20260704-001328/pydantic_settings__env_source_core__001,openai/Qwen3.6-27B-FP8,config_environment_coupling,false,,,false,0.238930,9,1090,10,2,8,0,false,false,true,agent_exit:passed,evaluator_or_environment_error,experiments/python/openhands/qwen3.6-27b-fp8/qwen36-27b-fp8-main-20260704-001328/pydantic_settings__env_source_core__001/agent/openhands_events.jsonl,experiments/python/openhands/qwen3.6-27b-fp8/qwen36-27b-fp8-main-20260704-001328/pydantic_settings__env_source_core__001/eval/result.json,"[""a099e1c4-2a43-4cc6-9d0d-e40833c58333"",""dcd96836-6e09-4e32-b643-585ca93eca32"",""d7537de5-3437-44e9-a7c6-8ab039e147b5"",""13746d27-2f37-4413-8868-83d9e368a0fa"",""fe5aae69-ed21-4a87-9772-935136d09154"",""bea3c71b-cf55-4ac4-a836-67d9c380e214"",""e21aa364-5e00-4847-b596-b7e231920bd0"",""eval:build"",""eval:dependency_install_failed""]"
passlib__hash_context_core__001,experiments/python/openhands/qwen3.6-27b-fp8/qwen36-27b-fp8-main-20260704-001328/passlib__hash_context_core__001,openai/Qwen3.6-27B-FP8,data_model_coupling,true,true,true,true,0.249200,15,7320,0,0,0,0,true,false,false,explicit_finish,passed,experiments/python/openhands/qwen3.6-27b-fp8/qwen36-27b-fp8-main-20260704-001328/passlib__hash_context_core__001/agent/openhands_events.jsonl,experiments/python/openhands/qwen3.6-27b-fp8/qwen36-27b-fp8-main-20260704-001328/passlib__hash_context_core__001/eval/result.json,"[""f84a2efa-56d3-4b63-be5d-ac0c3bb539b7"",""220f6c64-4b2d-4940-ac58-5214ce225df7""]"
attrs__validators_core__001,experiments/python/openhands/qwen3.6-27b-fp8/qwen36-27b-fp8-main-20260704-001328/attrs__validators_core__001,openai/Qwen3.6-27B-FP8,data_model_coupling,true,true,true,true,0.800330,9,3395,0,0,0,1,false,false,true,explicit_finish,passed,experiments/python/openhands/qwen3.6-27b-fp8/qwen36-27b-fp8-main-20260704-001328/attrs__validators_core__001/agent/openhands_events.jsonl,experiments/python/openhands/qwen3.6-27b-fp8/qwen36-27b-fp8-main-20260704-001328/attrs__validators_core__001/eval/result.json,"[""e7efe930-d9ce-4e39-ab50-5d552dc75828"",""57532e91-4f31-4347-9e7e-acc52707e9b8"",""f02bb18b-177c-43df-9604-c28d14308a8e""]"
click__option_parser__001,experiments/python/openhands/qwen3.6-27b-fp8/qwen36-27b-fp8-main-20260704-001328/click__option_parser__001,openai/Qwen3.6-27B-FP8,framework_coupling,true,true,true,true,0.842509,14,6473,0,0,0,1,false,false,false,explicit_finish,passed,experiments/python/openhands/qwen3.6-27b-fp8/qwen36-27b-fp8-main-20260704-001328/click__option_parser__001/agent/openhands_events.jsonl,experiments/python/openhands/qwen3.6-27b-fp8/qwen36-27b-fp8-main-20260704-001328/click__option_parser__001/eval/result.json,"[""abf4a2a6-5468-4959-8724-3bb104a4705c"",""2dca3dc1-c937-4d7a-b6a0-bec74e0225a0"",""b87ae447-3288-4a13-ba50-0fdcc6c36efa""]"
pyyaml__safe_load_dump__001,experiments/python/openhands/qwen3.6-27b-fp8/qwen36-27b-fp8-main-20260704-001328/pyyaml__safe_load_dump__001,openai/Qwen3.6-27B-FP8,parser_state_coupling,false,true,true,true,0.842697,16,3750,0,0,0,1,false,false,true,agent_exit:passed,passed,experiments/python/openhands/qwen3.6-27b-fp8/qwen36-27b-fp8-main-20260704-001328/pyyaml__safe_load_dump__001/agent/openhands_events.jsonl,experiments/python/openhands/qwen3.6-27b-fp8/qwen36-27b-fp8-main-20260704-001328/pyyaml__safe_load_dump__001/eval/result.json,"[""c7d321c2-a763-499d-9b4e-dc8a97b1900a"",""54fac190-c8e8-4298-86b1-d44a2974b855""]"
pluggy__hook_specs_core__001,experiments/python/openhands/qwen3.6-27b-fp8/qwen36-27b-fp8-main-20260704-001328/pluggy__hook_specs_core__001,openai/Qwen3.6-27B-FP8,framework_coupling,true,true,true,true,0.934174,6,667,0,0,0,0,false,false,false,explicit_finish,passed,experiments/python/openhands/qwen3.6-27b-fp8/qwen36-27b-fp8-main-20260704-001328/pluggy__hook_specs_core__001/agent/openhands_events.jsonl,experiments/python/openhands/qwen3.6-27b-fp8/qwen36-27b-fp8-main-20260704-001328/pluggy__hook_specs_core__001/eval/result.json,"[""4b2c2691-e1fb-4eb1-bd1b-1c94fc75a6ae"",""378d939c-50df-4cda-bb85-1424424f3e62""]"
jsonpath_ng__expression_eval_core__001,experiments/python/openhands/qwen3.6-27b-fp8/qwen36-27b-fp8-main-20260704-001328/jsonpath_ng__expression_eval_core__001,openai/Qwen3.6-27B-FP8,parser_state_coupling,false,,,false,0.955094,14,3956,3,0,1,4,false,false,true,explicit_finish,evaluator_or_environment_error,experiments/python/openhands/qwen3.6-27b-fp8/qwen36-27b-fp8-main-20260704-001328/jsonpath_ng__expression_eval_core__001/agent/openhands_events.jsonl,experiments/python/openhands/qwen3.6-27b-fp8/qwen36-27b-fp8-main-20260704-001328/jsonpath_ng__expression_eval_core__001/eval/result.json,"[""1cea5015-3d2d-4730-b84e-dafe0b244196"",""3b205dfe-910f-4092-9a7d-b62ff1ce5ccd"",""e603bba3-7747-4963-acce-786d9e84be82"",""7d948cf9-dbd4-4222-9211-851d14e4f49e"",""136f1292-bddd-481d-900f-7d902e050e1e"",""c6eb7c88-0829-47a6-8a5e-2f181227c29e"",""f821d1db-56ce-49b6-a19b-4f9196d70c02"",""eval:build"",""eval:dependency_install_failed""]"
marshmallow__schema_core__001,experiments/python/openhands/qwen3.6-27b-fp8/qwen36-27b-fp8-main-20260704-001328/marshmallow__schema_core__001,openai/Qwen3.6-27B-FP8,data_model_coupling,false,true,true,true,0.979924,12,3856,10,0,3,1,true,false,true,explicit_finish,passed,experiments/python/openhands/qwen3.6-27b-fp8/qwen36-27b-fp8-main-20260704-001328/marshmallow__schema_core__001/agent/openhands_events.jsonl,experiments/python/openhands/qwen3.6-27b-fp8/qwen36-27b-fp8-main-20260704-001328/marshmallow__schema_core__001/eval/result.json,"[""8901d48c-921d-47f2-b829-ab0f57adc81a"",""42487c36-3baa-4d62-946b-b935c393a23d"",""2d69c23c-69f1-413c-bc6e-cfa9befbc3ba"",""b872e35c-c3b7-46a1-b444-a530e8352055"",""f59fd959-1638-4b2c-b3a0-6cdf2cfd16a9"",""e1f6d60b-fa8a-4512-8d13-dca08cd89b19"",""4fca839f-7b3c-4ea3-be6a-9e6ac148c26f""]"
markdown_it__commonmark_render__001,experiments/python/openhands/qwen3.6-27b-fp8/qwen36-27b-fp8-main-20260704-001328/markdown_it__commonmark_render__001,openai/Qwen3.6-27B-FP8,parser_state_coupling,false,,,false,0.980880,63,4412,0,0,0,0,false,false,false,explicit_finish,evaluator_or_environment_error,experiments/python/openhands/qwen3.6-27b-fp8/qwen36-27b-fp8-main-20260704-001328/markdown_it__commonmark_render__001/agent/openhands_events.jsonl,experiments/python/openhands/qwen3.6-27b-fp8/qwen36-27b-fp8-main-20260704-001328/markdown_it__commonmark_render__001/eval/result.json,"[""de62206e-ed14-4415-8a63-7454795868c9"",""4344cf3b-c0ce-483e-9e39-912a9e6b2522"",""eval:build"",""eval:dependency_install_failed""]"
pluggy__hook_call_order__001,experiments/python/openhands/qwen3.6-27b-fp8/qwen36-27b-fp8-main-20260704-001328/pluggy__hook_call_order__001,openai/Qwen3.6-27B-FP8,framework_coupling,true,true,true,true,0.992997,6,709,0,0,0,0,false,false,false,explicit_finish,passed,experiments/python/openhands/qwen3.6-27b-fp8/qwen36-27b-fp8-main-20260704-001328/pluggy__hook_call_order__001/agent/openhands_events.jsonl,experiments/python/openhands/qwen3.6-27b-fp8/qwen36-27b-fp8-main-20260704-001328/pluggy__hook_call_order__001/eval/result.json,"[""513100ae-7160-4d0a-9f04-cd1a168630dd"",""3e34dad0-3956-4105-a842-3e551218a9dd""]"
coverage__config_merge_core__001,experiments/python/openhands/qwen3.6-27b-fp8/qwen36-27b-fp8-main-20260704-001328/coverage__config_merge_core__001,openai/Qwen3.6-27B-FP8,config_environment_coupling,false,true,false,false,1.000000,2,232,0,0,0,0,false,false,false,explicit_finish,hidden_behavior_contract_failure,experiments/python/openhands/qwen3.6-27b-fp8/qwen36-27b-fp8-main-20260704-001328/coverage__config_merge_core__001/agent/openhands_events.jsonl,experiments/python/openhands/qwen3.6-27b-fp8/qwen36-27b-fp8-main-20260704-001328/coverage__config_merge_core__001/eval/result.json,"[""92171967-3612-424a-ba42-42bdd53aacc7"",""38ca8feb-7689-4d13-945f-a8c3bda0bfba"",""eval:hidden_tests""]"
coverage__glob_matcher_core__001,experiments/python/openhands/qwen3.6-27b-fp8/qwen36-27b-fp8-main-20260704-001328/coverage__glob_matcher_core__001,openai/Qwen3.6-27B-FP8,resource_coupling,true,true,false,false,1.000000,2,157,0,0,0,0,false,false,true,explicit_finish,hidden_behavior_contract_failure,experiments/python/openhands/qwen3.6-27b-fp8/qwen36-27b-fp8-main-20260704-001328/coverage__glob_matcher_core__001/agent/openhands_events.jsonl,experiments/python/openhands/qwen3.6-27b-fp8/qwen36-27b-fp8-main-20260704-001328/coverage__glob_matcher_core__001/eval/result.json,"[""f0d5cd7d-b67a-4716-9c76-46ab720f9ad9"",""3b194415-c81b-49ba-b9c6-d2a9252525e8"",""eval:hidden_tests""]"
coverage__path_remap_core__001,experiments/python/openhands/qwen3.6-27b-fp8/qwen36-27b-fp8-main-20260704-001328/coverage__path_remap_core__001,openai/Qwen3.6-27B-FP8,resource_coupling,true,true,true,true,1.000000,3,231,0,0,0,1,false,false,true,explicit_finish,passed,experiments/python/openhands/qwen3.6-27b-fp8/qwen36-27b-fp8-main-20260704-001328/coverage__path_remap_core__001/agent/openhands_events.jsonl,experiments/python/openhands/qwen3.6-27b-fp8/qwen36-27b-fp8-main-20260704-001328/coverage__path_remap_core__001/eval/result.json,"[""c09dd6e5-12a4-4471-a323-3c7803bcdd51"",""f6beed1d-a445-4d08-b296-a5153cb4e0bf"",""3a653300-98b2-4741-a009-e9ef20fab80d""]"
coverage__source_selection_core__001,experiments/python/openhands/qwen3.6-27b-fp8/qwen36-27b-fp8-main-20260704-001328/coverage__source_selection_core__001,openai/Qwen3.6-27B-FP8,config_environment_coupling,true,true,true,true,1.000000,10,375,25,7,2,1,true,false,false,explicit_finish,passed,experiments/python/openhands/qwen3.6-27b-fp8/qwen36-27b-fp8-main-20260704-001328/coverage__source_selection_core__001/agent/openhands_events.jsonl,experiments/python/openhands/qwen3.6-27b-fp8/qwen36-27b-fp8-main-20260704-001328/coverage__source_selection_core__001/eval/result.json,"[""c67ab094-06b4-4a75-acdb-bbcd07bd6d71"",""52871fe8-9131-4787-9afe-d9ebca782a8f"",""b97ccff1-6ce2-4c59-b632-3a3085ba9778"",""d99de3a3-d152-4529-b532-ebb2250aec17"",""eeb1066d-3b1d-44d7-99dc-3b8d6c863e63"",""4ea2675e-8b08-41a4-bc11-597da3c5983c"",""793ef269-e9a1-4d99-9936-b14281ef41cd"",""0d3d5837-97e1-44dc-906b-49567866b88c"",""527d76d7-97bc-4375-9f05-7ee80faa2aff""]"
pytest__ini_markers_core__001,experiments/python/openhands/qwen3.6-35b-a3b-fp8/qwen36-35b-a3b-fp8-main-20260704-001313/pytest__ini_markers_core__001,openai/Qwen3.6-35B-A3B-FP8,config_environment_coupling,true,true,false,false,0.000668,1,51,0,0,0,5,false,false,true,explicit_finish,hidden_behavior_contract_failure,experiments/python/openhands/qwen3.6-35b-a3b-fp8/qwen36-35b-a3b-fp8-main-20260704-001313/pytest__ini_markers_core__001/agent/openhands_events.jsonl,experiments/python/openhands/qwen3.6-35b-a3b-fp8/qwen36-35b-a3b-fp8-main-20260704-001313/pytest__ini_markers_core__001/eval/result.json,"[""e5e8b7a5-09a5-49a6-b360-fd12819629ce"",""7bcadb1e-cbb7-4b6d-bd08-1a446cf359d2"",""881a8482-1816-48fa-9035-e73c0f66d1e8"",""4c631c7d-1c7c-45f8-8ef2-0463b4ec3623"",""eval:hidden_tests""]"
pygments__lexer_core__001,experiments/python/openhands/qwen3.6-35b-a3b-fp8/qwen36-35b-a3b-fp8-main-20260704-001313/pygments__lexer_core__001,openai/Qwen3.6-35B-A3B-FP8,parser_state_coupling,true,false,false,false,0.001443,1,148,0,0,0,10,false,false,false,agent_exit:passed,public_api_or_interface_failure,experiments/python/openhands/qwen3.6-35b-a3b-fp8/qwen36-35b-a3b-fp8-main-20260704-001313/pygments__lexer_core__001/agent/openhands_events.jsonl,experiments/python/openhands/qwen3.6-35b-a3b-fp8/qwen36-35b-a3b-fp8-main-20260704-001313/pygments__lexer_core__001/eval/result.json,"[""d0a54e6e-c12b-4a96-9c6d-f7375e1d70c9"",""9e47e7cd-953d-4fb4-8c21-e4f267d2c649"",""48c5c1eb-f336-4580-a53c-62597edad905"",""eval:public_tests"",""eval:hidden_tests""]"
pytest__skipif_eval_core__001,experiments/python/openhands/qwen3.6-35b-a3b-fp8/qwen36-35b-a3b-fp8-main-20260704-001313/pytest__skipif_eval_core__001,openai/Qwen3.6-35B-A3B-FP8,framework_coupling,true,true,true,true,0.001624,3,124,0,0,0,5,false,false,true,explicit_finish,passed,experiments/python/openhands/qwen3.6-35b-a3b-fp8/qwen36-35b-a3b-fp8-main-20260704-001313/pytest__skipif_eval_core__001/agent/openhands_events.jsonl,experiments/python/openhands/qwen3.6-35b-a3b-fp8/qwen36-35b-a3b-fp8-main-20260704-001313/pytest__skipif_eval_core__001/eval/result.json,"[""8aec4177-3dce-495f-af1c-18afc0f55a66"",""164c14af-6d41-4eab-8957-6467ae9833d9"",""c69a191c-8a64-4615-81ca-91ad016fb145"",""23a37223-0487-4230-8eb5-0730e0e5e1b1""]"
pytest__fixture_resolve_core__001,experiments/python/openhands/qwen3.6-35b-a3b-fp8/qwen36-35b-a3b-fp8-main-20260704-001313/pytest__fixture_resolve_core__001,openai/Qwen3.6-35B-A3B-FP8,framework_coupling,true,true,false,false,0.002554,2,195,8,0,0,3,false,false,false,explicit_finish,hidden_interface_or_closure_failure,experiments/python/openhands/qwen3.6-35b-a3b-fp8/qwen36-35b-a3b-fp8-main-20260704-001313/pytest__fixture_resolve_core__001/agent/openhands_events.jsonl,experiments/python/openhands/qwen3.6-35b-a3b-fp8/qwen36-35b-a3b-fp8-main-20260704-001313/pytest__fixture_resolve_core__001/eval/result.json,"[""cb4f1119-49d9-4cc1-ae5c-ff4d6bfe8624"",""228d6411-6f1c-4339-9d20-eea010d47215"",""240c4474-e554-43f9-b124-1e094b50c2cd"",""69ca8ea4-de36-4102-8126-0d9dc38c24d6"",""125042e4-7b8b-452f-a47c-f689a24dde8b"",""9edf78ef-8ca1-42a6-be01-b556876186d3"",""eval:hidden_tests""]"
pytest__mark_expression_core__001,experiments/python/openhands/qwen3.6-35b-a3b-fp8/qwen36-35b-a3b-fp8-main-20260704-001313/pytest__mark_expression_core__001,openai/Qwen3.6-35B-A3B-FP8,parser_state_coupling,false,true,true,true,0.003497,2,267,0,0,1,0,false,false,true,explicit_finish,passed,experiments/python/openhands/qwen3.6-35b-a3b-fp8/qwen36-35b-a3b-fp8-main-20260704-001313/pytest__mark_expression_core__001/agent/openhands_events.jsonl,experiments/python/openhands/qwen3.6-35b-a3b-fp8/qwen36-35b-a3b-fp8-main-20260704-001313/pytest__mark_expression_core__001/eval/result.json,"[""46543812-5eb6-47d4-afb0-06d0e4ae8fc7"",""3b2cfa70-8117-475b-99d3-f86895cb8f6e"",""670afb8c-7167-4a50-b688-8576737c40f6""]"
pygments__formatter_core__001,experiments/python/openhands/qwen3.6-35b-a3b-fp8/qwen36-35b-a3b-fp8-main-20260704-001313/pygments__formatter_core__001,openai/Qwen3.6-35B-A3B-FP8,parser_state_coupling,false,false,false,false,0.003811,5,391,5,3,0,7,false,false,false,agent_exit:passed,public_api_or_interface_failure,experiments/python/openhands/qwen3.6-35b-a3b-fp8/qwen36-35b-a3b-fp8-main-20260704-001313/pygments__formatter_core__001/agent/openhands_events.jsonl,experiments/python/openhands/qwen3.6-35b-a3b-fp8/qwen36-35b-a3b-fp8-main-20260704-001313/pygments__formatter_core__001/eval/result.json,"[""c625f3e8-aa83-4beb-ad7f-1acc3f649593"",""340af915-aed3-463d-b580-e8f139b2418c"",""de574e1d-e630-4155-92bc-dcf1626ae188"",""0cfbb532-ae9b-47b9-b4e3-df7acb61ff2a"",""4585fd1d-8dd2-4268-9516-0b17378de011"",""11cdd37e-110d-4730-adce-7a7445f5df89"",""626c2327-faf8-4e43-adac-dfeef008a5cb"",""eval:public_tests"",""eval:hidden_tests""]"
pendulum__parse_format_core__001,experiments/python/openhands/qwen3.6-35b-a3b-fp8/qwen36-35b-a3b-fp8-main-20260704-001313/pendulum__parse_format_core__001,openai/Qwen3.6-35B-A3B-FP8,parser_state_coupling,false,,,false,0.011118,4,131,17,17,1,13,false,false,true,agent_exit:passed,evaluator_or_environment_error,experiments/python/openhands/qwen3.6-35b-a3b-fp8/qwen36-35b-a3b-fp8-main-20260704-001313/pendulum__parse_format_core__001/agent/openhands_events.jsonl,experiments/python/openhands/qwen3.6-35b-a3b-fp8/qwen36-35b-a3b-fp8-main-20260704-001313/pendulum__parse_format_core__001/eval/result.json,"[""8752ff48-1d63-4649-91fa-8bc7ecb17101"",""d4ae3849-6966-49ad-a0f2-3e8fa0a207f6"",""3eef4200-3b71-4adf-bfba-f50bc05fe0f0"",""da796451-fe07-4f02-bc86-6ad30bdf88c8"",""7a0d47d6-cddd-4630-a6ea-b25ff66b3723"",""eval:build"",""eval:dependency_install_failed""]"
faker__provider_core__001,experiments/python/openhands/qwen3.6-35b-a3b-fp8/qwen36-35b-a3b-fp8-main-20260704-001313/faker__provider_core__001,openai/Qwen3.6-35B-A3B-FP8,resource_coupling,true,false,false,false,0.032126,12,10813,1,1,4,21,false,false,true,agent_exit:passed,public_api_or_interface_failure,experiments/python/openhands/qwen3.6-35b-a3b-fp8/qwen36-35b-a3b-fp8-main-20260704-001313/faker__provider_core__001/agent/openhands_events.jsonl,experiments/python/openhands/qwen3.6-35b-a3b-fp8/qwen36-35b-a3b-fp8-main-20260704-001313/faker__provider_core__001/eval/result.json,"[""ee5ea007-3bc4-44b4-aa74-87ffb8402bd1"",""fc516108-2ecf-413f-98c2-658a3331bd52"",""3cb34a73-ea4d-4905-b16a-2a010a8d1b93"",""549f659f-32c4-4e82-ba94-9daaf6da273c"",""b90784cb-c308-4fa5-a142-0388d1bcde0b"",""372da87f-545b-40cc-bd24-f43833b0f56a"",""eval:public_tests"",""eval:hidden_tests""]"
passlib__hash_context_core__001,experiments/python/openhands/qwen3.6-35b-a3b-fp8/qwen36-35b-a3b-fp8-main-20260704-001313/passlib__hash_context_core__001,openai/Qwen3.6-35B-A3B-FP8,data_model_coupling,true,,,false,0.034588,7,1016,1,1,6,17,false,false,false,agent_exit:passed,packaging_or_build_failure,experiments/python/openhands/qwen3.6-35b-a3b-fp8/qwen36-35b-a3b-fp8-main-20260704-001313/passlib__hash_context_core__001/agent/openhands_events.jsonl,experiments/python/openhands/qwen3.6-35b-a3b-fp8/qwen36-35b-a3b-fp8-main-20260704-001313/passlib__hash_context_core__001/eval/result.json,"[""c19f55c9-7bb0-473f-8c23-5f04adce36c3"",""99b01a91-b8a1-4a00-9c20-04a0d5abda6b"",""22747625-1ad5-4795-a699-33a1d04ff5e2"",""80d8963d-de84-436a-8056-9331345dd92d"",""a38761d8-0720-4d07-9512-f3af5a26c934"",""8ac5e31a-2eca-47b5-9f7f-a32535f5a608"",""eval:build""]"
dynaconf__settings_merge_core__001,experiments/python/openhands/qwen3.6-35b-a3b-fp8/qwen36-35b-a3b-fp8-main-20260704-001313/dynaconf__settings_merge_core__001,openai/Qwen3.6-35B-A3B-FP8,config_environment_coupling,false,false,false,false,0.043850,9,943,0,0,0,13,true,false,false,agent_exit:passed,public_api_or_interface_failure,experiments/python/openhands/qwen3.6-35b-a3b-fp8/qwen36-35b-a3b-fp8-main-20260704-001313/dynaconf__settings_merge_core__001/agent/openhands_events.jsonl,experiments/python/openhands/qwen3.6-35b-a3b-fp8/qwen36-35b-a3b-fp8-main-20260704-001313/dynaconf__settings_merge_core__001/eval/result.json,"[""6f49627a-a9e8-431a-b3df-a46d2a180f7d"",""35249f54-718e-4514-9d2d-f406f5e34151"",""6c4f4ebe-9fc8-459b-a71a-93e4e6ef7ac3"",""eval:public_tests"",""eval:hidden_tests""]"
coverage__report_core__001,experiments/python/openhands/qwen3.6-35b-a3b-fp8/qwen36-35b-a3b-fp8-main-20260704-001313/coverage__report_core__001,openai/Qwen3.6-35B-A3B-FP8,config_environment_coupling,false,true,true,true,0.052945,11,1802,1,0,0,1,false,false,true,explicit_finish,passed,experiments/python/openhands/qwen3.6-35b-a3b-fp8/qwen36-35b-a3b-fp8-main-20260704-001313/coverage__report_core__001/agent/openhands_events.jsonl,experiments/python/openhands/qwen3.6-35b-a3b-fp8/qwen36-35b-a3b-fp8-main-20260704-001313/coverage__report_core__001/eval/result.json,"[""ef0ddec2-476d-4f0a-9ffd-c90e5987c7db"",""2d742907-4d73-4821-9f41-6a2def303eee"",""16c5d179-fedf-48bd-9861-0fa6f00006fc"",""9cc06c2e-9770-4cec-9e72-e9230b12ae3c""]"
boltons__iterutils_core__001,experiments/python/openhands/qwen3.6-35b-a3b-fp8/qwen36-35b-a3b-fp8-main-20260704-001313/boltons__iterutils_core__001,openai/Qwen3.6-35B-A3B-FP8,data_model_coupling,false,true,true,true,0.079579,2,348,5,0,0,4,false,false,true,explicit_finish,passed,experiments/python/openhands/qwen3.6-35b-a3b-fp8/qwen36-35b-a3b-fp8-main-20260704-001313/boltons__iterutils_core__001/agent/openhands_events.jsonl,experiments/python/openhands/qwen3.6-35b-a3b-fp8/qwen36-35b-a3b-fp8-main-20260704-001313/boltons__iterutils_core__001/eval/result.json,"[""ab652326-d538-4f21-ad89-08b8b9c0b5ce"",""82e26cb7-ee0a-46aa-b0a3-4ac86f99d0da"",""5c3463e3-5349-4965-aa02-5154942fa6ea"",""d97fe99c-9068-46d6-a3c2-e5b44c0e8f44"",""515baa15-6510-48e0-b2b8-ed3cd66bcac9"",""8bde5e5a-cd7c-41ec-ae34-813d02f25e99""]"
sortedcontainers__sorted_list_core__001,experiments/python/openhands/qwen3.6-35b-a3b-fp8/qwen36-35b-a3b-fp8-main-20260704-001313/sortedcontainers__sorted_list_core__001,openai/Qwen3.6-35B-A3B-FP8,data_model_coupling,false,true,true,true,0.084670,2,702,5,0,0,4,true,false,true,explicit_finish,passed,experiments/python/openhands/qwen3.6-35b-a3b-fp8/qwen36-35b-a3b-fp8-main-20260704-001313/sortedcontainers__sorted_list_core__001/agent/openhands_events.jsonl,experiments/python/openhands/qwen3.6-35b-a3b-fp8/qwen36-35b-a3b-fp8-main-20260704-001313/sortedcontainers__sorted_list_core__001/eval/result.json,"[""3cf321fe-174e-4798-a5a9-d6bc50591aa8"",""8c1956bf-6a63-406d-b83a-a48880cc28e3"",""9018dbe6-0f9b-4ced-9cec-86854c31c28f"",""401dc9f3-b4ab-4eb8-82b9-40a3cb4fe671"",""dff0b9db-5402-40a5-b9b2-f60bc865dc98"",""aa08ae22-a933-442c-9c69-97fa36724f75""]"
vibe_app__plugin_registry_core__001,experiments/python/openhands/qwen3.6-35b-a3b-fp8/qwen36-35b-a3b-fp8-main-20260704-001313/vibe_app__plugin_registry_core__001,openai/Qwen3.6-35B-A3B-FP8,legacy_vibe_clutter,true,true,true,true,0.086649,5,98,0,0,0,2,false,false,true,explicit_finish,passed,experiments/python/openhands/qwen3.6-35b-a3b-fp8/qwen36-35b-a3b-fp8-main-20260704-001313/vibe_app__plugin_registry_core__001/agent/openhands_events.jsonl,experiments/python/openhands/qwen3.6-35b-a3b-fp8/qwen36-35b-a3b-fp8-main-20260704-001313/vibe_app__plugin_registry_core__001/eval/result.json,"[""77e47c19-358c-4982-8a02-b9537fb354bf"",""6e45d0d2-e8d2-4fd5-a0e8-fd99cf11acf2"",""e9863b6c-ec0f-4f1a-8dd0-de7c2621964b"",""b2642258-2de8-4039-af03-5e66eb3d0da6""]"
networkx__dag_topo_core__001,experiments/python/openhands/qwen3.6-35b-a3b-fp8/qwen36-35b-a3b-fp8-main-20260704-001313/networkx__dag_topo_core__001,openai/Qwen3.6-35B-A3B-FP8,data_model_coupling,false,false,false,false,0.092439,9,1005,0,0,1,5,true,false,true,explicit_finish,public_behavior_failure,experiments/python/openhands/qwen3.6-35b-a3b-fp8/qwen36-35b-a3b-fp8-main-20260704-001313/networkx__dag_topo_core__001/agent/openhands_events.jsonl,experiments/python/openhands/qwen3.6-35b-a3b-fp8/qwen36-35b-a3b-fp8-main-20260704-001313/networkx__dag_topo_core__001/eval/result.json,"[""69cba4e8-1843-4e42-a03c-95d5ef420de2"",""5d2fe6f3-1697-4bc0-973b-7338ca199f36"",""43f0b4ac-c921-46c3-aec8-21a2e9a6eff9"",""1199b0ec-c3df-4939-a0f0-4deadd4f4284"",""07d69ae9-c4c6-44ab-9fd9-b287f4a0ae96"",""eval:public_tests"",""eval:hidden_tests""]"
babel__plural_core__001,experiments/python/openhands/qwen3.6-35b-a3b-fp8/qwen36-35b-a3b-fp8-main-20260704-001313/babel__plural_core__001,openai/Qwen3.6-35B-A3B-FP8,third_party_dependency_coupling,true,true,true,true,0.094763,810,798,0,0,0,5,false,false,true,explicit_finish,passed,experiments/python/openhands/qwen3.6-35b-a3b-fp8/qwen36-35b-a3b-fp8-main-20260704-001313/babel__plural_core__001/agent/openhands_events.jsonl,experiments/python/openhands/qwen3.6-35b-a3b-fp8/qwen36-35b-a3b-fp8-main-20260704-001313/babel__plural_core__001/eval/result.json,"[""591b0618-6f16-48e0-85c7-81acd7ef4e23"",""83889427-5837-41ba-98b0-7a7cf04ef650"",""5d506557-e244-47e0-99e8-4b8ac497e44d"",""294f8711-c47b-4dc3-b229-b532b1702e72""]"
vibe_app__pricing_rules_core__001,experiments/python/openhands/qwen3.6-35b-a3b-fp8/qwen36-35b-a3b-fp8-main-20260704-001313/vibe_app__pricing_rules_core__001,openai/Qwen3.6-35B-A3B-FP8,legacy_vibe_clutter,true,true,true,true,0.094801,5,62,0,0,0,1,false,false,true,explicit_finish,passed,experiments/python/openhands/qwen3.6-35b-a3b-fp8/qwen36-35b-a3b-fp8-main-20260704-001313/vibe_app__pricing_rules_core__001/agent/openhands_events.jsonl,experiments/python/openhands/qwen3.6-35b-a3b-fp8/qwen36-35b-a3b-fp8-main-20260704-001313/vibe_app__pricing_rules_core__001/eval/result.json,"[""a98eb0fa-6f19-4999-a0bf-948629962b6e"",""c5431efc-c8e8-4a05-acc9-c5c55da290a7"",""62245eec-2c73-405a-8f2a-980c46ca7e4e""]"
httpx__request_model_core__001,experiments/python/openhands/qwen3.6-35b-a3b-fp8/qwen36-35b-a3b-fp8-main-20260704-001313/httpx__request_model_core__001,openai/Qwen3.6-35B-A3B-FP8,data_model_coupling,false,false,false,false,0.097314,6,710,11,7,1,6,true,false,true,agent_exit:passed,public_api_or_interface_failure,experiments/python/openhands/qwen3.6-35b-a3b-fp8/qwen36-35b-a3b-fp8-main-20260704-001313/httpx__request_model_core__001/agent/openhands_events.jsonl,experiments/python/openhands/qwen3.6-35b-a3b-fp8/qwen36-35b-a3b-fp8-main-20260704-001313/httpx__request_model_core__001/eval/result.json,"[""94fa7d61-18b0-435b-a05e-605fe4f4a539"",""8d69d75d-89e6-42db-a4af-cb75be6ee752"",""423c9efb-72b2-4240-b8d8-eed5d2398978"",""aecf6b60-0481-4aae-84a5-a86b08ba5a37"",""0ecd5712-e397-4f89-88d7-18bf1af7bd81"",""b485c42a-cdc9-4666-be56-31bb56780b92"",""4090dea9-55bc-4415-a60f-e693700e9a98"",""eval:public_tests"",""eval:hidden_tests""]"
vibe_app__session_registry_core__001,experiments/python/openhands/qwen3.6-35b-a3b-fp8/qwen36-35b-a3b-fp8-main-20260704-001313/vibe_app__session_registry_core__001,openai/Qwen3.6-35B-A3B-FP8,legacy_vibe_clutter,true,true,true,true,0.107100,5,89,0,0,0,2,false,false,false,explicit_finish,passed,experiments/python/openhands/qwen3.6-35b-a3b-fp8/qwen36-35b-a3b-fp8-main-20260704-001313/vibe_app__session_registry_core__001/agent/openhands_events.jsonl,experiments/python/openhands/qwen3.6-35b-a3b-fp8/qwen36-35b-a3b-fp8-main-20260704-001313/vibe_app__session_registry_core__001/eval/result.json,"[""f84d4098-90cf-4767-b8b4-874e0b0f0000"",""7c4b055f-8c1e-4f0e-9905-37c8b7017fb2"",""77e08660-07cf-4655-ad23-7f2bbc018947"",""3ec02e3a-fc12-492a-9fc8-60c0e70ddf1c""]"
vibe_app__rules_engine_core__001,experiments/python/openhands/qwen3.6-35b-a3b-fp8/qwen36-35b-a3b-fp8-main-20260704-001313/vibe_app__rules_engine_core__001,openai/Qwen3.6-35B-A3B-FP8,legacy_vibe_clutter,true,true,true,true,0.132371,5,110,0,0,0,1,false,false,true,explicit_finish,passed,experiments/python/openhands/qwen3.6-35b-a3b-fp8/qwen36-35b-a3b-fp8-main-20260704-001313/vibe_app__rules_engine_core__001/agent/openhands_events.jsonl,experiments/python/openhands/qwen3.6-35b-a3b-fp8/qwen36-35b-a3b-fp8-main-20260704-001313/vibe_app__rules_engine_core__001/eval/result.json,"[""73792d0b-741d-40cc-92bf-f9ee08d14ab9"",""7be71316-8b04-45cb-9d88-a1983c2979e8"",""35b484ed-b9f5-425e-a746-c2fc3be4ef82""]"
redis__resp_parser_core__001,experiments/python/openhands/qwen3.6-35b-a3b-fp8/qwen36-35b-a3b-fp8-main-20260704-001313/redis__resp_parser_core__001,openai/Qwen3.6-35B-A3B-FP8,parser_state_coupling,false,true,true,true,0.141148,9,590,7,6,6,10,false,false,true,explicit_finish,passed,experiments/python/openhands/qwen3.6-35b-a3b-fp8/qwen36-35b-a3b-fp8-main-20260704-001313/redis__resp_parser_core__001/agent/openhands_events.jsonl,experiments/python/openhands/qwen3.6-35b-a3b-fp8/qwen36-35b-a3b-fp8-main-20260704-001313/redis__resp_parser_core__001/eval/result.json,"[""4339d0fb-26eb-4d92-8a7b-3cafc8080eb1"",""058ea411-32f1-4a0f-8f9f-813024d0578c"",""7923b8d1-bffc-4ab7-9155-599c645395bd"",""061d6707-516a-4fd9-90ae-69585f2c825f"",""b6690dba-06dd-49ab-a654-0fd877c556ea"",""4e10dedc-a974-43d9-85ca-871c9cedf673"",""ea52ceb4-9057-4650-b899-0b1d729d06d5"",""f5bc19f0-1c09-4177-8fa4-88dea3a73aca"",""4778b808-a23b-400f-8bcc-ddbc9c5b0c85""]"
jinja2__lexer_parser_core__001,experiments/python/openhands/qwen3.6-35b-a3b-fp8/qwen36-35b-a3b-fp8-main-20260704-001313/jinja2__lexer_parser_core__001,openai/Qwen3.6-35B-A3B-FP8,parser_state_coupling,true,,,false,0.147989,8,2694,0,0,1,6,true,false,true,explicit_finish,evaluator_or_environment_error,experiments/python/openhands/qwen3.6-35b-a3b-fp8/qwen36-35b-a3b-fp8-main-20260704-001313/jinja2__lexer_parser_core__001/agent/openhands_events.jsonl,experiments/python/openhands/qwen3.6-35b-a3b-fp8/qwen36-35b-a3b-fp8-main-20260704-001313/jinja2__lexer_parser_core__001/eval/result.json,"[""1fb06227-236a-4ffc-ae4f-ad30d4f29d94"",""4f15131f-a422-4eb1-a4fb-5c243c281155"",""2fee9370-bbf9-4089-9157-2893e9f9a3fd"",""ee722c79-a4ee-44eb-87a6-062c4720a179"",""04f61f53-0f88-4a72-8cec-d5798fcfa4ee"",""eval:build"",""eval:dependency_install_failed""]"
werkzeug__routing_core__001,experiments/python/openhands/qwen3.6-35b-a3b-fp8/qwen36-35b-a3b-fp8-main-20260704-001313/werkzeug__routing_core__001,openai/Qwen3.6-35B-A3B-FP8,framework_coupling,true,true,true,true,0.149855,14,2374,0,0,0,12,false,false,true,explicit_finish,passed,experiments/python/openhands/qwen3.6-35b-a3b-fp8/qwen36-35b-a3b-fp8-main-20260704-001313/werkzeug__routing_core__001/agent/openhands_events.jsonl,experiments/python/openhands/qwen3.6-35b-a3b-fp8/qwen36-35b-a3b-fp8-main-20260704-001313/werkzeug__routing_core__001/eval/result.json,"[""4156eb3e-6d2e-4437-9246-cc2d684d2dc1"",""a7fa3305-0955-4b07-9d80-80c908705bad"",""565d0eac-da8e-4d38-bda8-6a6f89c35ad3"",""bd0a0d8f-01f9-4d2f-a856-ec4af9aba421""]"
wsproto__frame_parse_core__001,experiments/python/openhands/qwen3.6-35b-a3b-fp8/qwen36-35b-a3b-fp8-main-20260704-001313/wsproto__frame_parse_core__001,openai/Qwen3.6-35B-A3B-FP8,parser_state_coupling,true,true,true,true,0.155068,2,488,0,0,0,2,false,false,true,explicit_finish,passed,experiments/python/openhands/qwen3.6-35b-a3b-fp8/qwen36-35b-a3b-fp8-main-20260704-001313/wsproto__frame_parse_core__001/agent/openhands_events.jsonl,experiments/python/openhands/qwen3.6-35b-a3b-fp8/qwen36-35b-a3b-fp8-main-20260704-001313/wsproto__frame_parse_core__001/eval/result.json,"[""94ccc504-1073-4e02-a67e-6c2aa3cc8ea1"",""d8552abb-15c6-45ac-81f4-364598231367"",""b1013b4f-4088-443a-93e2-804fe8c72a7d"",""657a43d9-0abc-404d-b52b-5fb89973ec29""]"
urllib3__retry_backoff_core__001,experiments/python/openhands/qwen3.6-35b-a3b-fp8/qwen36-35b-a3b-fp8-main-20260704-001313/urllib3__retry_backoff_core__001,openai/Qwen3.6-35B-A3B-FP8,config_environment_coupling,false,true,true,true,0.167874,4,394,1,0,0,2,false,false,true,explicit_finish,passed,experiments/python/openhands/qwen3.6-35b-a3b-fp8/qwen36-35b-a3b-fp8-main-20260704-001313/urllib3__retry_backoff_core__001/agent/openhands_events.jsonl,experiments/python/openhands/qwen3.6-35b-a3b-fp8/qwen36-35b-a3b-fp8-main-20260704-001313/urllib3__retry_backoff_core__001/eval/result.json,"[""685f6966-ca08-42cf-aa64-517b2d954852"",""c60dabc7-5753-44b3-a9d5-9465da4ef1e9"",""b9fa1d0e-effe-4ec5-89c7-2b799e48b3a8"",""eda589b8-a69b-484d-a21f-d494942f5e7b"",""9e64e3ed-0b4e-4440-b412-df188c8918c2""]"
vibe_app__csv_transform_core__001,experiments/python/openhands/qwen3.6-35b-a3b-fp8/qwen36-35b-a3b-fp8-main-20260704-001313/vibe_app__csv_transform_core__001,openai/Qwen3.6-35B-A3B-FP8,legacy_vibe_clutter,true,true,true,true,0.169725,11,111,0,0,1,1,false,false,true,explicit_finish,passed,experiments/python/openhands/qwen3.6-35b-a3b-fp8/qwen36-35b-a3b-fp8-main-20260704-001313/vibe_app__csv_transform_core__001/agent/openhands_events.jsonl,experiments/python/openhands/qwen3.6-35b-a3b-fp8/qwen36-35b-a3b-fp8-main-20260704-001313/vibe_app__csv_transform_core__001/eval/result.json,"[""44d83fc6-130c-4fa7-82e9-8b0c48943670"",""213a42b6-1ea4-4283-a40f-cce2706cbec0"",""0507015b-7197-4806-8401-3fe4eeaac25c"",""c64e74fd-7e68-4b70-8768-801e499ba381""]"
cachetools__cache_eviction_core__001,experiments/python/openhands/qwen3.6-35b-a3b-fp8/qwen36-35b-a3b-fp8-main-20260704-001313/cachetools__cache_eviction_core__001,openai/Qwen3.6-35B-A3B-FP8,data_model_coupling,true,true,true,true,0.181068,3,658,4,0,0,2,false,false,true,explicit_finish,passed,experiments/python/openhands/qwen3.6-35b-a3b-fp8/qwen36-35b-a3b-fp8-main-20260704-001313/cachetools__cache_eviction_core__001/agent/openhands_events.jsonl,experiments/python/openhands/qwen3.6-35b-a3b-fp8/qwen36-35b-a3b-fp8-main-20260704-001313/cachetools__cache_eviction_core__001/eval/result.json,"[""13044f20-3f4a-4ad2-8941-760318ef5927"",""5456a2cd-e712-4831-8f32-322a4133d69c"",""64c21da1-3dcf-45ef-b6d0-18c43e1ea7b4"",""509b5953-d3ab-49da-afa3-7075a6ef3b6b"",""875d8e5f-7d70-4bb6-a4b8-7dec45aa2a42"",""f1f11c63-c9fa-45ac-8c67-83275daabe62""]"
h2__frame_parse_core__001,experiments/python/openhands/qwen3.6-35b-a3b-fp8/qwen36-35b-a3b-fp8-main-20260704-001313/h2__frame_parse_core__001,openai/Qwen3.6-35B-A3B-FP8,parser_state_coupling,false,true,true,true,0.183642,8,952,5,0,0,1,false,false,true,explicit_finish,passed,experiments/python/openhands/qwen3.6-35b-a3b-fp8/qwen36-35b-a3b-fp8-main-20260704-001313/h2__frame_parse_core__001/agent/openhands_events.jsonl,experiments/python/openhands/qwen3.6-35b-a3b-fp8/qwen36-35b-a3b-fp8-main-20260704-001313/h2__frame_parse_core__001/eval/result.json,"[""5b68b453-da2a-4c98-a007-d18d65fb39fb"",""3dab70b1-9247-4080-b444-fd395055d75c"",""255876f8-a0d2-446c-b814-4abcecace8f9"",""3f297255-7e9e-43dd-861a-9aa22908b6d1"",""24e83a14-c4f3-488e-a89b-47d2dd5056da""]"
websockets__handshake_parse_core__001,experiments/python/openhands/qwen3.6-35b-a3b-fp8/qwen36-35b-a3b-fp8-main-20260704-001313/websockets__handshake_parse_core__001,openai/Qwen3.6-35B-A3B-FP8,parser_state_coupling,false,false,false,false,0.186818,11,2327,8,4,0,3,true,false,true,agent_exit:passed,public_api_or_interface_failure,experiments/python/openhands/qwen3.6-35b-a3b-fp8/qwen36-35b-a3b-fp8-main-20260704-001313/websockets__handshake_parse_core__001/agent/openhands_events.jsonl,experiments/python/openhands/qwen3.6-35b-a3b-fp8/qwen36-35b-a3b-fp8-main-20260704-001313/websockets__handshake_parse_core__001/eval/result.json,"[""1ac64cb5-e088-4294-89c7-c79982b3620d"",""b310f8ac-c4e2-48e4-ade6-3f2ed143a40c"",""60e7ccb3-a475-4a4e-bdd4-bfb873ff213d"",""360c8a3d-6e54-4475-a623-7f50f663fd33"",""a306b9e2-8afe-4d83-b597-f1acfaf91cd3"",""0b912954-1622-45e5-bbb5-abaa9ca5ddbb"",""d4a16e60-74ab-4bdf-af6f-c55bbea9e967"",""eval:public_tests"",""eval:hidden_tests""]"
voluptuous__schema_validate_core__001,experiments/python/openhands/qwen3.6-35b-a3b-fp8/qwen36-35b-a3b-fp8-main-20260704-001313/voluptuous__schema_validate_core__001,openai/Qwen3.6-35B-A3B-FP8,data_model_coupling,false,true,true,true,0.192202,4,769,9,0,0,3,false,false,true,explicit_finish,passed,experiments/python/openhands/qwen3.6-35b-a3b-fp8/qwen36-35b-a3b-fp8-main-20260704-001313/voluptuous__schema_validate_core__001/agent/openhands_events.jsonl,experiments/python/openhands/qwen3.6-35b-a3b-fp8/qwen36-35b-a3b-fp8-main-20260704-001313/voluptuous__schema_validate_core__001/eval/result.json,"[""723b639b-8d29-45ed-83e0-20cac93dfcfd"",""9a03d5b9-43b7-43d0-a647-afefc4328719"",""f296ae6d-709c-4ecb-b14b-11b9c12f8bd7"",""0641a467-75a2-46a7-988f-434db22f1e24"",""b6388762-3707-4d3f-9764-6c381040a909"",""ffa0801e-6450-4148-b798-9d27e93ac223""]"
yarl__url_model_core__001,experiments/python/openhands/qwen3.6-35b-a3b-fp8/qwen36-35b-a3b-fp8-main-20260704-001313/yarl__url_model_core__001,openai/Qwen3.6-35B-A3B-FP8,parser_state_coupling,true,,,false,0.192298,7,1518,1,1,1,3,false,false,true,agent_exit:passed,dependency_closure_omission,experiments/python/openhands/qwen3.6-35b-a3b-fp8/qwen36-35b-a3b-fp8-main-20260704-001313/yarl__url_model_core__001/agent/openhands_events.jsonl,experiments/python/openhands/qwen3.6-35b-a3b-fp8/qwen36-35b-a3b-fp8-main-20260704-001313/yarl__url_model_core__001/eval/result.json,"[""75273862-dc7e-4570-9dc3-8bef848829ff"",""df70b0ae-97a7-4ed7-a708-7776f0739357"",""4266007d-4e32-4ca1-8d43-5b262903d9ac"",""49cc37ba-c0e3-4778-b39a-2f0d55cb8af1"",""ec4e0a0a-dc7f-4b09-8342-4bce2f4d1700"",""eval:build""]"
croniter__cron_parse_core__001,experiments/python/openhands/qwen3.6-35b-a3b-fp8/qwen36-35b-a3b-fp8-main-20260704-001313/croniter__cron_parse_core__001,openai/Qwen3.6-35B-A3B-FP8,parser_state_coupling,false,,,false,0.199242,2,631,5,0,0,1,false,false,true,explicit_finish,evaluator_or_environment_error,experiments/python/openhands/qwen3.6-35b-a3b-fp8/qwen36-35b-a3b-fp8-main-20260704-001313/croniter__cron_parse_core__001/agent/openhands_events.jsonl,experiments/python/openhands/qwen3.6-35b-a3b-fp8/qwen36-35b-a3b-fp8-main-20260704-001313/croniter__cron_parse_core__001/eval/result.json,"[""4f2294cc-bbf1-4499-b85d-a1f3240010d2"",""11006787-dc40-4674-abd3-08fd0e246c91"",""9f89065b-f34e-4d51-b469-cd79dc4fa802"",""c9e62d80-4aab-41b6-b45f-77c4e38584db"",""d04a4369-2a73-4bba-b8dd-7da25bb515d3"",""eval:build"",""eval:dependency_install_failed""]"
jsonschema__validator_core__001,experiments/python/openhands/qwen3.6-35b-a3b-fp8/qwen36-35b-a3b-fp8-main-20260704-001313/jsonschema__validator_core__001,openai/Qwen3.6-35B-A3B-FP8,data_model_coupling,true,,,false,0.202775,8,1739,5,1,2,7,false,false,false,agent_exit:passed,evaluator_or_environment_error,experiments/python/openhands/qwen3.6-35b-a3b-fp8/qwen36-35b-a3b-fp8-main-20260704-001313/jsonschema__validator_core__001/agent/openhands_events.jsonl,experiments/python/openhands/qwen3.6-35b-a3b-fp8/qwen36-35b-a3b-fp8-main-20260704-001313/jsonschema__validator_core__001/eval/result.json,"[""8b9db271-49c9-4fbe-950c-8188213d4572"",""6168878e-fdd4-4269-ae25-455401f08f47"",""692efa3d-bdbf-46a5-b450-e31d305b5e4d"",""79f6f734-8623-472e-85e4-58c357939b6a"",""3a9c8717-d68b-41d1-9d5d-5fe16d876699"",""08087712-1ad7-4e00-b8d9-fb32f8e2129c"",""e750e6fb-0d43-45ff-8f7b-26c99bca7e4e"",""eval:build"",""eval:dependency_install_failed""]"
cerberus__schema_validate_core__001,experiments/python/openhands/qwen3.6-35b-a3b-fp8/qwen36-35b-a3b-fp8-main-20260704-001313/cerberus__schema_validate_core__001,openai/Qwen3.6-35B-A3B-FP8,data_model_coupling,false,,,false,0.207474,6,1227,18,1,0,13,false,false,true,explicit_finish,dependency_closure_omission,experiments/python/openhands/qwen3.6-35b-a3b-fp8/qwen36-35b-a3b-fp8-main-20260704-001313/cerberus__schema_validate_core__001/agent/openhands_events.jsonl,experiments/python/openhands/qwen3.6-35b-a3b-fp8/qwen36-35b-a3b-fp8-main-20260704-001313/cerberus__schema_validate_core__001/eval/result.json,"[""351d16a4-1b7b-4a60-85b8-7e38c77ba7e3"",""e5bbeaae-fa47-4778-8b7e-e4a60c95bb00"",""159ffbe5-6a2a-48a0-9dd0-e0843c584a70"",""b700c15f-b9b5-4cf1-88b7-9540e837264c"",""45a3f791-8ea6-48a0-8dbc-bda3524227dc"",""cfe0cc21-4d4d-43d7-ae3f-8e2aa0c35eb3"",""eval:build""]"
vibe_app__orm_query_ast_core__001,experiments/python/openhands/qwen3.6-35b-a3b-fp8/qwen36-35b-a3b-fp8-main-20260704-001313/vibe_app__orm_query_ast_core__001,openai/Qwen3.6-35B-A3B-FP8,framework_coupling,true,true,true,true,0.213086,5,241,0,0,1,1,false,false,false,explicit_finish,passed,experiments/python/openhands/qwen3.6-35b-a3b-fp8/qwen36-35b-a3b-fp8-main-20260704-001313/vibe_app__orm_query_ast_core__001/agent/openhands_events.jsonl,experiments/python/openhands/qwen3.6-35b-a3b-fp8/qwen36-35b-a3b-fp8-main-20260704-001313/vibe_app__orm_query_ast_core__001/eval/result.json,"[""638ebc5e-4f8c-445d-8bd2-f3fd6011785d"",""f9641221-aa5a-4b83-aea6-f0f62d66616d"",""edc0f7b0-eb9a-4a83-bc63-a1e330904384"",""a0c6f558-acc7-4b34-9ebc-f874735eaf3d""]"
humanize__naturaltime_core__001,experiments/python/openhands/qwen3.6-35b-a3b-fp8/qwen36-35b-a3b-fp8-main-20260704-001313/humanize__naturaltime_core__001,openai/Qwen3.6-35B-A3B-FP8,data_model_coupling,false,true,true,true,0.213142,4,506,3,0,1,2,false,false,true,explicit_finish,passed,experiments/python/openhands/qwen3.6-35b-a3b-fp8/qwen36-35b-a3b-fp8-main-20260704-001313/humanize__naturaltime_core__001/agent/openhands_events.jsonl,experiments/python/openhands/qwen3.6-35b-a3b-fp8/qwen36-35b-a3b-fp8-main-20260704-001313/humanize__naturaltime_core__001/eval/result.json,"[""d712903f-6954-4ebf-a289-4412b1444ca0"",""0bec1687-6bd8-46c5-9114-8ee6a9432449"",""51ff9768-10e6-457d-ad69-569c5859c5d7"",""275e7db5-a5a6-44c3-83a0-060b408c0449"",""5959cd51-165f-4609-987d-b14e507ed4cc"",""cbd01008-b954-444d-84b9-d4299c8809ee"",""daec62ae-a2d4-4bed-9569-b9e1d5ab1586""]"
arrow__parse_format_core__001,experiments/python/openhands/qwen3.6-35b-a3b-fp8/qwen36-35b-a3b-fp8-main-20260704-001313/arrow__parse_format_core__001,openai/Qwen3.6-35B-A3B-FP8,parser_state_coupling,false,,,false,0.222724,9,1874,8,0,3,5,false,false,true,agent_exit:passed,evaluator_or_environment_error,experiments/python/openhands/qwen3.6-35b-a3b-fp8/qwen36-35b-a3b-fp8-main-20260704-001313/arrow__parse_format_core__001/agent/openhands_events.jsonl,experiments/python/openhands/qwen3.6-35b-a3b-fp8/qwen36-35b-a3b-fp8-main-20260704-001313/arrow__parse_format_core__001/eval/result.json,"[""2a4eccda-4cc8-4881-b232-fb61726780d8"",""c3dfeaaa-f12f-4648-a7ea-aecd0c7f07b4"",""e419b73e-7f37-4c38-a992-10a55ab4b517"",""ab01bb05-5401-47ce-9f0c-0eb25cf1e10f"",""2dee6b51-5a96-4f28-aaed-4fb276c12a8b"",""9d4cec85-c49d-4639-8bb7-904717cf038c"",""13110bdb-1741-4324-8c52-85e0e41a1036"",""eval:build"",""eval:dependency_install_failed""]"
python_dateutil__rrule_core__001,experiments/python/openhands/qwen3.6-35b-a3b-fp8/qwen36-35b-a3b-fp8-main-20260704-001313/python_dateutil__rrule_core__001,openai/Qwen3.6-35B-A3B-FP8,parser_state_coupling,true,true,false,false,0.230393,4,1319,34,10,1,5,false,false,false,agent_exit:passed,hidden_behavior_contract_failure,experiments/python/openhands/qwen3.6-35b-a3b-fp8/qwen36-35b-a3b-fp8-main-20260704-001313/python_dateutil__rrule_core__001/agent/openhands_events.jsonl,experiments/python/openhands/qwen3.6-35b-a3b-fp8/qwen36-35b-a3b-fp8-main-20260704-001313/python_dateutil__rrule_core__001/eval/result.json,"[""72020dc9-5dcf-47e8-b126-36d6dca02c07"",""87f5ef73-7f81-43f2-8f81-e5fea8e6adc8"",""eb6cd481-5798-4c67-9d48-79889acbad43"",""431c476d-8e02-4050-bc72-8040ba224b5b"",""df56ea6f-546d-49b7-94f6-8e7c3cd6814c"",""e5ce1dff-c88c-42e8-a156-2878335fad5e"",""4363597f-a91c-461a-8363-97b1c7301a05"",""cb117269-fb66-4254-9c19-5409e0af93e8"",""eval:hidden_tests""]"
python_frontmatter__roundtrip_core__001,experiments/python/openhands/qwen3.6-35b-a3b-fp8/qwen36-35b-a3b-fp8-main-20260704-001313/python_frontmatter__roundtrip_core__001,openai/Qwen3.6-35B-A3B-FP8,parser_state_coupling,false,,,false,0.232836,3,234,0,0,0,2,false,false,true,explicit_finish,evaluator_or_environment_error,experiments/python/openhands/qwen3.6-35b-a3b-fp8/qwen36-35b-a3b-fp8-main-20260704-001313/python_frontmatter__roundtrip_core__001/agent/openhands_events.jsonl,experiments/python/openhands/qwen3.6-35b-a3b-fp8/qwen36-35b-a3b-fp8-main-20260704-001313/python_frontmatter__roundtrip_core__001/eval/result.json,"[""51b9dd24-2623-4368-a8bf-db9a964133fc"",""7c744d3a-edeb-414d-8959-0ef8e6e44ed7"",""ee9fedf3-bdf1-4edc-b058-d474d0956201"",""aa80950c-fd27-4dc9-8069-ee95ad99db24"",""eval:build"",""eval:dependency_install_failed""]"
python_dotenv__env_parse_core__001,experiments/python/openhands/qwen3.6-35b-a3b-fp8/qwen36-35b-a3b-fp8-main-20260704-001313/python_dotenv__env_parse_core__001,openai/Qwen3.6-35B-A3B-FP8,config_environment_coupling,false,true,true,true,0.236791,4,614,0,0,0,4,false,false,true,explicit_finish,passed,experiments/python/openhands/qwen3.6-35b-a3b-fp8/qwen36-35b-a3b-fp8-main-20260704-001313/python_dotenv__env_parse_core__001/agent/openhands_events.jsonl,experiments/python/openhands/qwen3.6-35b-a3b-fp8/qwen36-35b-a3b-fp8-main-20260704-001313/python_dotenv__env_parse_core__001/eval/result.json,"[""08f8bc55-b1f1-4a2f-b927-cba1456c745a"",""dd7963a8-f989-4f46-b6bf-a4305838f07a"",""19c044ef-f6d7-4129-aa2e-38948a8ac727"",""cf096651-1c5f-47fe-a05f-8bd94f060408""]"
attrs__validators_core__001,experiments/python/openhands/qwen3.6-35b-a3b-fp8/qwen36-35b-a3b-fp8-main-20260704-001313/attrs__validators_core__001,openai/Qwen3.6-35B-A3B-FP8,data_model_coupling,true,false,false,false,0.238802,5,1013,0,0,0,10,true,false,true,agent_exit:passed,public_api_or_interface_failure,experiments/python/openhands/qwen3.6-35b-a3b-fp8/qwen36-35b-a3b-fp8-main-20260704-001313/attrs__validators_core__001/agent/openhands_events.jsonl,experiments/python/openhands/qwen3.6-35b-a3b-fp8/qwen36-35b-a3b-fp8-main-20260704-001313/attrs__validators_core__001/eval/result.json,"[""d2935bfd-8284-4bb5-97d7-1131e2fdc4b2"",""96c8777b-d66a-4f59-89c8-a2ab3d3e42bf"",""fa73d64a-c6d6-4eec-86f3-b155e1065b3c"",""eval:public_tests"",""eval:hidden_tests""]"
pluggy__hook_specs_core__001,experiments/python/openhands/qwen3.6-35b-a3b-fp8/qwen36-35b-a3b-fp8-main-20260704-001313/pluggy__hook_specs_core__001,openai/Qwen3.6-35B-A3B-FP8,framework_coupling,true,true,true,true,0.805322,5,575,0,0,0,1,false,false,true,explicit_finish,passed,experiments/python/openhands/qwen3.6-35b-a3b-fp8/qwen36-35b-a3b-fp8-main-20260704-001313/pluggy__hook_specs_core__001/agent/openhands_events.jsonl,experiments/python/openhands/qwen3.6-35b-a3b-fp8/qwen36-35b-a3b-fp8-main-20260704-001313/pluggy__hook_specs_core__001/eval/result.json,"[""572d48df-37cc-496d-b617-2931e9a1ef7c"",""5b1a3562-a83d-4b10-a4db-80fc346a2070"",""9dbea4fe-1f8d-4552-814f-b8dbd1732df5""]"
markdown_it__commonmark_render__001,experiments/python/openhands/qwen3.6-35b-a3b-fp8/qwen36-35b-a3b-fp8-main-20260704-001313/markdown_it__commonmark_render__001,openai/Qwen3.6-35B-A3B-FP8,parser_state_coupling,false,,,false,0.837928,55,3769,0,0,0,4,false,false,true,explicit_finish,evaluator_or_environment_error,experiments/python/openhands/qwen3.6-35b-a3b-fp8/qwen36-35b-a3b-fp8-main-20260704-001313/markdown_it__commonmark_render__001/agent/openhands_events.jsonl,experiments/python/openhands/qwen3.6-35b-a3b-fp8/qwen36-35b-a3b-fp8-main-20260704-001313/markdown_it__commonmark_render__001/eval/result.json,"[""37c295b8-0b99-4ced-ae25-a37b6fa88ff3"",""83d34b69-41a7-4943-9d6f-b7174421cadc"",""d3437403-260f-4f1c-a9a7-581483819dbd"",""25c88f50-31e8-4080-8593-fc1b38212f37"",""eval:build"",""eval:dependency_install_failed""]"
lark__grammar_loader_core__001,experiments/python/openhands/qwen3.6-35b-a3b-fp8/qwen36-35b-a3b-fp8-main-20260704-001313/lark__grammar_loader_core__001,openai/Qwen3.6-35B-A3B-FP8,resource_coupling,true,true,true,true,0.869966,25,5941,0,0,14,9,true,true,true,agent_exit:passed,passed,experiments/python/openhands/qwen3.6-35b-a3b-fp8/qwen36-35b-a3b-fp8-main-20260704-001313/lark__grammar_loader_core__001/agent/openhands_events.jsonl,experiments/python/openhands/qwen3.6-35b-a3b-fp8/qwen36-35b-a3b-fp8-main-20260704-001313/lark__grammar_loader_core__001/eval/result.json,"[""c1da7ded-fb82-4876-b4ab-d9109cdbe453"",""50aa7077-0e83-4731-acfb-f09e9cb5e74b"",""1486bae3-79da-401f-a5ae-336e228b8b38"",""9d31da2d-8986-40cb-b58c-6f52b3d9c9fc"",""f0f7a86e-47c5-4b6f-a9a3-bdaa25a4316a""]"
typer__command_parser_core__001,experiments/python/openhands/qwen3.6-35b-a3b-fp8/qwen36-35b-a3b-fp8-main-20260704-001313/typer__command_parser_core__001,openai/Qwen3.6-35B-A3B-FP8,framework_coupling,false,,,false,0.884025,26,10420,0,0,0,9,false,false,false,agent_exit:passed,dependency_closure_omission,experiments/python/openhands/qwen3.6-35b-a3b-fp8/qwen36-35b-a3b-fp8-main-20260704-001313/typer__command_parser_core__001/agent/openhands_events.jsonl,experiments/python/openhands/qwen3.6-35b-a3b-fp8/qwen36-35b-a3b-fp8-main-20260704-001313/typer__command_parser_core__001/eval/result.json,"[""24cb297b-eda5-4dbd-82b1-d192b4bab33c"",""65d37397-e21e-44a7-b292-4a8508c15960"",""8da8db63-8663-4690-9b6e-da3b1ad64145"",""eval:build""]"
pyyaml__safe_load_dump__001,experiments/python/openhands/qwen3.6-35b-a3b-fp8/qwen36-35b-a3b-fp8-main-20260704-001313/pyyaml__safe_load_dump__001,openai/Qwen3.6-35B-A3B-FP8,parser_state_coupling,false,true,true,true,0.926292,16,4122,0,0,0,3,false,false,true,explicit_finish,passed,experiments/python/openhands/qwen3.6-35b-a3b-fp8/qwen36-35b-a3b-fp8-main-20260704-001313/pyyaml__safe_load_dump__001/agent/openhands_events.jsonl,experiments/python/openhands/qwen3.6-35b-a3b-fp8/qwen36-35b-a3b-fp8-main-20260704-001313/pyyaml__safe_load_dump__001/eval/result.json,"[""c8954368-7498-4b7d-9c0b-901deb5bfe04"",""2eaec164-82e5-4054-8c5c-10623b11422a"",""15e34e7b-f881-49be-9098-abb86572e356"",""d7e2c574-f194-4c97-a70b-f689e08add9b""]"
lark__visitor_transform_core__001,experiments/python/openhands/qwen3.6-35b-a3b-fp8/qwen36-35b-a3b-fp8-main-20260704-001313/lark__visitor_transform_core__001,openai/Qwen3.6-35B-A3B-FP8,data_model_coupling,false,,,false,0.951695,31,6009,1,0,0,3,true,false,true,agent_exit:passed,dependency_closure_omission,experiments/python/openhands/qwen3.6-35b-a3b-fp8/qwen36-35b-a3b-fp8-main-20260704-001313/lark__visitor_transform_core__001/agent/openhands_events.jsonl,experiments/python/openhands/qwen3.6-35b-a3b-fp8/qwen36-35b-a3b-fp8-main-20260704-001313/lark__visitor_transform_core__001/eval/result.json,"[""b5330120-100a-475d-84ed-e61e21705365"",""38d9ace0-93d4-4fb3-b9c9-ff3f65d5aaad"",""e1fb671d-b8e5-42ce-bb9b-1e27ae2e140b"",""eval:build""]"
pluggy__hook_call_order__001,experiments/python/openhands/qwen3.6-35b-a3b-fp8/qwen36-35b-a3b-fp8-main-20260704-001313/pluggy__hook_call_order__001,openai/Qwen3.6-35B-A3B-FP8,framework_coupling,true,true,true,true,0.967787,6,691,0,0,0,3,false,false,false,explicit_finish,passed,experiments/python/openhands/qwen3.6-35b-a3b-fp8/qwen36-35b-a3b-fp8-main-20260704-001313/pluggy__hook_call_order__001/agent/openhands_events.jsonl,experiments/python/openhands/qwen3.6-35b-a3b-fp8/qwen36-35b-a3b-fp8-main-20260704-001313/pluggy__hook_call_order__001/eval/result.json,"[""942c8ff7-5013-4a83-90b1-a73a5806b12a"",""f7d22201-0b0c-4abc-a834-b266c3bac8e1"",""527fe7ff-375e-4d29-b9b8-7d8a1a8b6c10"",""1775dd2b-1fd2-41a2-8cab-12e598716214""]"
marshmallow__schema_core__001,experiments/python/openhands/qwen3.6-35b-a3b-fp8/qwen36-35b-a3b-fp8-main-20260704-001313/marshmallow__schema_core__001,openai/Qwen3.6-35B-A3B-FP8,data_model_coupling,false,true,true,true,0.986785,12,3883,19,7,0,9,false,false,true,agent_exit:passed,passed,experiments/python/openhands/qwen3.6-35b-a3b-fp8/qwen36-35b-a3b-fp8-main-20260704-001313/marshmallow__schema_core__001/agent/openhands_events.jsonl,experiments/python/openhands/qwen3.6-35b-a3b-fp8/qwen36-35b-a3b-fp8-main-20260704-001313/marshmallow__schema_core__001/eval/result.json,"[""bd19cf6b-4651-4aa6-8d6e-3d3b51dc3827"",""6b7deddc-ec42-4f59-a893-544b45cc69c5"",""1ce7f967-cd9f-4aad-9259-3f0fbfbfbca7"",""db382935-b419-40f2-a80d-7d785aea5351"",""0f4745fd-00d8-4559-b067-fe40853539e7"",""54db37e2-e31b-4774-bbd0-09a2d642e1b1"",""df1a691c-f84d-4cbc-b257-c5832e5c7f1e""]"
click__option_parser__001,experiments/python/openhands/qwen3.6-35b-a3b-fp8/qwen36-35b-a3b-fp8-main-20260704-001313/click__option_parser__001,openai/Qwen3.6-35B-A3B-FP8,framework_coupling,true,true,true,true,1.000000,17,7683,0,0,0,1,false,false,true,explicit_finish,passed,experiments/python/openhands/qwen3.6-35b-a3b-fp8/qwen36-35b-a3b-fp8-main-20260704-001313/click__option_parser__001/agent/openhands_events.jsonl,experiments/python/openhands/qwen3.6-35b-a3b-fp8/qwen36-35b-a3b-fp8-main-20260704-001313/click__option_parser__001/eval/result.json,"[""109486dc-c544-45dd-ab6b-68978c3e7757"",""59f133ef-d6df-44ff-88ff-4df494a0c359"",""89cf000e-2a23-4e96-8267-50623effd66e""]"
coverage__config_merge_core__001,experiments/python/openhands/qwen3.6-35b-a3b-fp8/qwen36-35b-a3b-fp8-main-20260704-001313/coverage__config_merge_core__001,openai/Qwen3.6-35B-A3B-FP8,config_environment_coupling,false,false,false,false,1.000000,6,742,22,14,2,3,false,false,true,agent_exit:passed,isolation_or_forbidden_import_failure,experiments/python/openhands/qwen3.6-35b-a3b-fp8/qwen36-35b-a3b-fp8-main-20260704-001313/coverage__config_merge_core__001/agent/openhands_events.jsonl,experiments/python/openhands/qwen3.6-35b-a3b-fp8/qwen36-35b-a3b-fp8-main-20260704-001313/coverage__config_merge_core__001/eval/result.json,"[""1e8f6f68-dbf0-4ff2-af3a-a0a0c3615a6c"",""1d7341a9-7346-407a-81d5-1165d8a878f6"",""d92f3d24-47d1-4703-a470-7f035ca28bd1"",""f44425ab-090c-43ab-8d22-40bd2f350426"",""5e116fb2-ca91-4dac-a9da-ca704d35602b"",""f045642b-152d-43b9-9880-cf87b1f34f5d"",""2909fe03-b71d-4d73-b1aa-18f5e71c28fa"",""eval:public_tests"",""eval:hidden_tests""]"
coverage__glob_matcher_core__001,experiments/python/openhands/qwen3.6-35b-a3b-fp8/qwen36-35b-a3b-fp8-main-20260704-001313/coverage__glob_matcher_core__001,openai/Qwen3.6-35B-A3B-FP8,resource_coupling,true,true,true,true,1.000000,3,168,1,0,0,2,false,false,true,explicit_finish,passed,experiments/python/openhands/qwen3.6-35b-a3b-fp8/qwen36-35b-a3b-fp8-main-20260704-001313/coverage__glob_matcher_core__001/agent/openhands_events.jsonl,experiments/python/openhands/qwen3.6-35b-a3b-fp8/qwen36-35b-a3b-fp8-main-20260704-001313/coverage__glob_matcher_core__001/eval/result.json,"[""de31d755-fc89-48f6-b813-8e362657a0fb"",""e1e74156-f496-4f69-b9bf-9f571b360755"",""045cb06d-2604-41a0-a5d2-16672490af2b"",""e2ea0e8a-33e2-4b8b-996c-76a9e39d175e"",""e5870053-57d2-4b9d-a006-019a02b4b62f""]"
coverage__path_remap_core__001,experiments/python/openhands/qwen3.6-35b-a3b-fp8/qwen36-35b-a3b-fp8-main-20260704-001313/coverage__path_remap_core__001,openai/Qwen3.6-35B-A3B-FP8,resource_coupling,true,true,true,true,1.000000,3,291,0,0,0,2,false,false,false,explicit_finish,passed,experiments/python/openhands/qwen3.6-35b-a3b-fp8/qwen36-35b-a3b-fp8-main-20260704-001313/coverage__path_remap_core__001/agent/openhands_events.jsonl,experiments/python/openhands/qwen3.6-35b-a3b-fp8/qwen36-35b-a3b-fp8-main-20260704-001313/coverage__path_remap_core__001/eval/result.json,"[""4c30f8b1-d463-4497-8813-8acd64416d83"",""a614de21-475f-487a-a733-cce8e1938500"",""92269175-5a8d-40f2-86b1-cd1e270ca5a6"",""a329923c-e8ff-4493-b2fc-5ae0286d2a83""]"
coverage__source_selection_core__001,experiments/python/openhands/qwen3.6-35b-a3b-fp8/qwen36-35b-a3b-fp8-main-20260704-001313/coverage__source_selection_core__001,openai/Qwen3.6-35B-A3B-FP8,config_environment_coupling,true,true,false,false,1.000000,4,312,5,5,9,8,false,false,false,agent_exit:passed,hidden_behavior_contract_failure,experiments/python/openhands/qwen3.6-35b-a3b-fp8/qwen36-35b-a3b-fp8-main-20260704-001313/coverage__source_selection_core__001/agent/openhands_events.jsonl,experiments/python/openhands/qwen3.6-35b-a3b-fp8/qwen36-35b-a3b-fp8-main-20260704-001313/coverage__source_selection_core__001/eval/result.json,"[""2e502ecc-675b-43bc-93b9-b4078ce96206"",""60449edd-11f5-4227-92c2-5bf545808e1e"",""c3bac60b-a8ba-4715-8ab0-54289b7d9bfd"",""79852bc2-a36e-44e0-9e7f-ddbae7b2acbe"",""8c94ef02-d481-4913-8381-e05c35641c89"",""9cf15831-2d8d-46dd-9247-ae4cd5aaf835"",""eval:hidden_tests""]"
markdown__extensions_core__001,experiments/python/openhands/qwen3.6-35b-a3b-fp8/qwen36-35b-a3b-fp8-main-20260704-001313/markdown__extensions_core__001,openai/Qwen3.6-35B-A3B-FP8,parser_state_coupling,true,false,false,false,2.000000,104,15148,18,14,7,10,false,false,false,agent_exit:passed,isolation_or_forbidden_import_failure,experiments/python/openhands/qwen3.6-35b-a3b-fp8/qwen36-35b-a3b-fp8-main-20260704-001313/markdown__extensions_core__001/agent/openhands_events.jsonl,experiments/python/openhands/qwen3.6-35b-a3b-fp8/qwen36-35b-a3b-fp8-main-20260704-001313/markdown__extensions_core__001/eval/result.json,"[""c55db698-2d25-4c39-999a-94e3d7f55ffd"",""566d5a53-b247-4d66-a58f-b167317be532"",""379af1a9-0757-4a52-b1d3-84e965f9c655"",""936098c9-23e1-4e3a-8fb1-692e8282b9b0"",""2c2b25a5-4072-4aaa-8d6e-e569ce85c401"",""46194c0f-5dc9-423f-b232-e9c2b6bcb792"",""781910b0-fc84-456b-9b5f-2959a72c2463"",""eval:public_tests"",""eval:hidden_tests""]"
