task_id,suite_split,construction_split_150,source_repo,source_commit,feature_family_selection,feature_family_v2,copytrap,paper_situation,lift_type,lift_label_status,entanglement_primary_original,entanglement_types_original,normalized_entanglement_types,public_test_count,hidden_test_count,paper_fit,taxonomy_coverage,classification_evidence,taxonomy_version
aiohttp__url_params_core__hard3_001,python150,hard50,aiohttp,649887ca860437e610fc4af5c8363a9be6f19681,validate_normalize_construct,validate_normalize_construct,false,schema_validate,Adapted,labeled,data_model_coupling,data_model_coupling;third_party_dependency_coupling,data_model_invariant;third_party_contract,1,4,,v2_full,artifacts/research_analysis/python150_task_taxonomy.csv;reports/lift_taxonomy/LIFT_LABELS.jsonl;benchmark/tasks/aiohttp__url_params_core__hard3_001/metadata.json,python200_hard_v1
alembic__revision_map_core__hard3_001,python150,hard50,alembic,c88fa5afaf2b9783a58a918f3fc73abc44daa0a9,algorithm_data_structure,algorithm_data_structure,false,schema_validate,Adapted,labeled,data_model_coupling,data_model_coupling;implicit_dependency_coupling;parser_state_coupling,data_model_invariant;implicit_runtime_dependency;parser_state;static_transitive_dependency,3,7,,v2_full,artifacts/research_analysis/python150_task_taxonomy.csv;reports/lift_taxonomy/LIFT_LABELS.jsonl;benchmark/tasks/alembic__revision_map_core__hard3_001/metadata.json,python200_hard_v1
anyio__task_group_core__001,hard50,NA,anyio,ae250440c90020b030ba4e83cccc37e9a84512c5,workflow_session_orchestration,workflow_session_orchestration,false,session_lifecycle,Adapted,planned_ledger,framework_coupling,framework_coupling;implicit_dependency_coupling,framework_lifecycle;implicit_runtime_dependency,2,5,RQ5 Adapted workflow over a backend factory (implicit backend pick).,ledger_seed,benchmark/selection/hard50_expansion_20260827.json;benchmark/hard50/anyio__task_group_core__001/metadata.json;benchmark/selection/hard50_design_cards/anyio__task_group_core__001.md,python200_hard_v1
apischema__serialization_core__001,hard50,NA,apischema,a35301341c71d354b2553ae3dabc5262be521756,validate_normalize_construct,validate_normalize_construct,false,schema_validate,Adapted,planned_ledger,data_model_coupling,data_model_coupling;implicit_dependency_coupling,data_model_invariant;implicit_runtime_dependency,3,4,RQ5 typed (de)ser not covered by mashumaro/pydantic slices.,ledger_seed,benchmark/selection/hard50_expansion_20260827.json;benchmark/hard50/apischema__serialization_core__001/metadata.json;benchmark/selection/hard50_design_cards/apischema__serialization_core__001.md,python200_hard_v1
apispec__plugin_documenter_core__001,hard50,NA,apispec,b8a369570aa6a8f24cb60577ab11cdbff26445f3,registry_plugin_dispatch,registry_plugin_dispatch,false,plugin_registry,Adapted,planned_ledger,framework_coupling,framework_coupling;data_model_coupling,framework_lifecycle;data_model_invariant,4,5,RQ5 Adapted plugin surface for OpenAPI documenters.,ledger_seed,benchmark/selection/hard50_expansion_20260827.json;benchmark/hard50/apispec__plugin_documenter_core__001/metadata.json;benchmark/selection/hard50_design_cards/apispec__plugin_documenter_core__001.md,python200_hard_v1
apscheduler__cron_trigger_core__hard3_001,python150,hard50,apscheduler,4de063392ff59f4df6ec0f4e3e2020539d79fdc9,protocol_state_transition,protocol_state_transition,false,parse_codec,Adapted,labeled,parser_state_coupling,implicit_dependency_coupling;parser_state_coupling,implicit_runtime_dependency;parser_state,1,3,,v2_full,artifacts/research_analysis/python150_task_taxonomy.csv;reports/lift_taxonomy/LIFT_LABELS.jsonl;benchmark/tasks/apscheduler__cron_trigger_core__hard3_001/metadata.json,python200_hard_v1
arrow__parse_format_core__001,python150,core100,arrow,1.2.3-installed-snapshot,parse_tokenize_decode,parse_tokenize_decode,false,parse_codec,Adapted,labeled,parser_state_coupling,data_model_coupling;implicit_dependency_coupling;parser_state_coupling,data_model_invariant;implicit_runtime_dependency;parser_state;static_transitive_dependency,3,7,,v2_full,artifacts/research_analysis/python150_task_taxonomy.csv;reports/lift_taxonomy/LIFT_LABELS.jsonl;benchmark/tasks/arrow__parse_format_core__001/metadata.json,python200_hard_v1
astroid__nodes_core__001,python150,core100,astroid,2.14.2-installed-snapshot,parse_tokenize_decode,parse_tokenize_decode,false,parse_codec,Adapted,labeled,data_model_coupling,data_model_coupling;framework_coupling;parser_state_coupling,data_model_invariant;dynamic_import_plugin;framework_lifecycle;parser_state;static_transitive_dependency,1,4,,v2_full,artifacts/research_analysis/python150_task_taxonomy.csv;reports/lift_taxonomy/LIFT_LABELS.jsonl;benchmark/tasks/astroid__nodes_core__001/metadata.json,python200_hard_v1
asttokens__token_annotate_core__001,hard50,NA,asttokens,f97a6e1403d9f0e93940a11b507524550a5c3896,parse_tokenize_decode,parse_tokenize_decode,false,parse_codec,Direct,planned_ledger,parser_state_coupling,parser_state_coupling;data_model_coupling,parser_state;data_model_invariant,3,4,RQ1 parser-state Direct with real AST coupling.,ledger_seed,benchmark/selection/hard50_expansion_20260827.json;benchmark/hard50/asttokens__token_annotate_core__001/metadata.json;benchmark/selection/hard50_design_cards/asttokens__token_annotate_core__001.md,python200_hard_v1
attrs__validators_core__001,python150,core100,attrs,23.1.0,validate_normalize_construct,validate_normalize_construct,false,schema_validate,Direct,labeled,data_model_coupling,data_model_coupling;framework_coupling;implicit_dependency_coupling,data_model_invariant;framework_lifecycle;implicit_runtime_dependency;static_transitive_dependency,2,5,,v2_full,artifacts/research_analysis/python150_task_taxonomy.csv;reports/lift_taxonomy/LIFT_LABELS.jsonl;benchmark/tasks/attrs__validators_core__001/metadata.json,python200_hard_v1
authlib__oauth2_server_core__001,hard50,NA,authlib,772bc72fe8440e6c5dd0a6615fb42d7466f85546,workflow_session_orchestration,workflow_session_orchestration,false,session_lifecycle,Adapted,planned_ledger,framework_coupling,framework_coupling;data_model_coupling,framework_lifecycle;data_model_invariant,2,4,"RQ1 session protocol. joserfc/pyjwt in E50 are token codecs, not grant workflow.",ledger_seed,benchmark/selection/hard50_expansion_20260827.json;benchmark/hard50/authlib__oauth2_server_core__001/metadata.json;benchmark/selection/hard50_design_cards/authlib__oauth2_server_core__001.md,python200_hard_v1
babel__plural_core__001,python150,core100,babel,2.11.0-installed-snapshot,cache_retry_policy,cache_retry_policy,false,session_lifecycle,Adapted,labeled,third_party_dependency_coupling,data_model_coupling;resource_coupling;third_party_dependency_coupling,data_model_invariant;resource_packaging;static_transitive_dependency;third_party_contract,1,4,,v2_full,artifacts/research_analysis/python150_task_taxonomy.csv;reports/lift_taxonomy/LIFT_LABELS.jsonl;benchmark/tasks/babel__plural_core__001/metadata.json,python200_hard_v1
bandit__config_plugin_core__001,hard50,NA,bandit,f8b9f1a2210f50539d0e28b1b457462cdb4036a1,config_resolve_discover,config_resolve_discover,false,config_merge,Direct,planned_ledger,config_environment_coupling,config_environment_coupling;implicit_dependency_coupling,config_environment;implicit_runtime_dependency,4,6,RQ2: security scanner repo as decoy around config+plugin ids.,ledger_seed,benchmark/selection/hard50_expansion_20260827.json;benchmark/hard50/bandit__config_plugin_core__001/metadata.json;benchmark/selection/hard50_design_cards/bandit__config_plugin_core__001.md,python200_hard_v1
beaker__session_cache_core__001,hard50,NA,Beaker,14368d97c2dafa16260bcc79df97a513b553a841,workflow_session_orchestration,workflow_session_orchestration,false,session_lifecycle,Adapted,planned_ledger,resource_coupling,resource_coupling;framework_coupling,resource_packaging;framework_lifecycle,2,4,RQ4 session+cache backends; unused backends are decoy.,ledger_seed,benchmark/selection/hard50_expansion_20260827.json;benchmark/hard50/beaker__session_cache_core__001/metadata.json;benchmark/selection/hard50_design_cards/beaker__session_cache_core__001.md,python200_hard_v1
betamax__cassette_match_core__001,hard50,NA,betamax,8f3d284103676a43d1481b5cffae96f3a601e0be,direct_tooling_copytrap,resource_metadata_loading,true,resource_or_copytrap,Direct,planned_ledger,resource_coupling,resource_coupling;framework_coupling,resource_packaging;framework_lifecycle,3,5,"RQ5 vs E50 vcrpy: requests Session integration, still copy-trap on unused matchers.",ledger_seed,benchmark/selection/hard50_expansion_20260827.json;benchmark/hard50/betamax__cassette_match_core__001/metadata.json;benchmark/selection/hard50_design_cards/betamax__cassette_match_core__001.md,python200_hard_v1
bidict__bidirectional_map_core__001,python150,core100,bidict,393bcfdc8edb861514d23aae55839272b5bd52f8,algorithm_data_structure,algorithm_data_structure,false,schema_validate,Direct,labeled,data_model_coupling,data_model_coupling;implicit_dependency_coupling,data_model_invariant;implicit_runtime_dependency;static_transitive_dependency,3,7,,v2_full,artifacts/research_analysis/python150_task_taxonomy.csv;reports/lift_taxonomy/LIFT_LABELS.jsonl;benchmark/tasks/bidict__bidirectional_map_core__001/metadata.json,python200_hard_v1
bleach__sanitize_core__001,python150,core100,bleach,4.1.0-installed-snapshot,validate_normalize_construct,validate_normalize_construct,false,schema_validate,Adapted,labeled,parser_state_coupling,data_model_coupling;parser_state_coupling,data_model_invariant;parser_state;static_transitive_dependency,3,7,,v2_full,artifacts/research_analysis/python150_task_taxonomy.csv;reports/lift_taxonomy/LIFT_LABELS.jsonl;benchmark/tasks/bleach__sanitize_core__001/metadata.json,python200_hard_v1
blinker__signal_registry_core__001,python150,core100,blinker,876a12a1988c1789799a1d6919abdce38a62a0ff,registry_plugin_dispatch,registry_plugin_dispatch,false,plugin_registry,Direct,labeled,framework_coupling,data_model_coupling;framework_coupling,data_model_invariant;framework_lifecycle;static_transitive_dependency,2,3,,v2_full,artifacts/research_analysis/python150_task_taxonomy.csv;reports/lift_taxonomy/LIFT_LABELS.jsonl;benchmark/tasks/blinker__signal_registry_core__001/metadata.json,python200_hard_v1
boltons__iterutils_core__001,python150,core100,boltons,23.0.0-installed-snapshot,algorithm_data_structure,algorithm_data_structure,false,schema_validate,Adapted,labeled,data_model_coupling,data_model_coupling;parser_state_coupling,data_model_invariant;parser_state,3,12,,v2_full,artifacts/research_analysis/python150_task_taxonomy.csv;reports/lift_taxonomy/LIFT_LABELS.jsonl;benchmark/tasks/boltons__iterutils_core__001/metadata.json,python200_hard_v1
build__pyproject_backend_core__hard3_001,python150,hard50,build,6c03264d186ce7a6c9f1e1990408a3a215dc7610,validate_normalize_construct,validate_normalize_construct,false,schema_validate,Adapted,labeled,data_model_coupling,config_environment_coupling;data_model_coupling,config_environment;data_model_invariant;static_transitive_dependency,1,3,,v2_full,artifacts/research_analysis/python150_task_taxonomy.csv;reports/lift_taxonomy/LIFT_LABELS.jsonl;benchmark/tasks/build__pyproject_backend_core__hard3_001/metadata.json,python200_hard_v1
cachetools__cache_eviction_core__001,python150,core100,cachetools,48284d73d0a8834c9c50f8d41bb99e6f93b2dfed,cache_retry_policy,cache_retry_policy,false,session_lifecycle,Direct,labeled,data_model_coupling,data_model_coupling;global_state_registry_coupling;parser_state_coupling,data_model_invariant;global_state_registry;parser_state;static_transitive_dependency,3,8,,v2_full,artifacts/research_analysis/python150_task_taxonomy.csv;reports/lift_taxonomy/LIFT_LABELS.jsonl;benchmark/tasks/cachetools__cache_eviction_core__001/metadata.json,python200_hard_v1
cattrs__structure_core__001,python150,core100,cattrs,5dc43b3f3887f443a58c61d7c89650357c236d51,serialize_format_render,serialize_format_render,false,parse_codec,Direct,labeled,data_model_coupling,data_model_coupling;framework_coupling;implicit_dependency_coupling;third_party_dependency_coupling,data_model_invariant;framework_lifecycle;implicit_runtime_dependency;static_transitive_dependency;third_party_contract,3,7,,v2_full,artifacts/research_analysis/python150_task_taxonomy.csv;reports/lift_taxonomy/LIFT_LABELS.jsonl;benchmark/tasks/cattrs__structure_core__001/metadata.json,python200_hard_v1
celery__signal_dispatch_core__hard3_001,python150,hard50,celery,201573a11fb8c6cf8f712deea3b23142146b2cbb,registry_plugin_dispatch,registry_plugin_dispatch,false,plugin_registry,Adapted,labeled,framework_coupling,framework_coupling;global_state_registry_coupling,framework_lifecycle;global_state_registry,1,5,,v2_full,artifacts/research_analysis/python150_task_taxonomy.csv;reports/lift_taxonomy/LIFT_LABELS.jsonl;benchmark/tasks/celery__signal_dispatch_core__hard3_001/metadata.json,python200_hard_v1
cement__controller_plugin_core__001,hard50,NA,cement,b5af20431d4c50f0c1bfb7ed5544b620edbe4c73,registry_plugin_dispatch,registry_plugin_dispatch,false,plugin_registry,Composite,planned_ledger,framework_coupling,framework_coupling;config_environment_coupling,framework_lifecycle;config_environment,3,5,"RQ4 framework plugin + hooks, a realistic extraction target.",ledger_seed,benchmark/selection/hard50_expansion_20260827.json;benchmark/hard50/cement__controller_plugin_core__001/metadata.json;benchmark/selection/hard50_design_cards/cement__controller_plugin_core__001.md,python200_hard_v1
cerberus__schema_validate_core__001,python150,core100,cerberus,f2221c5a901bbf8618efb694ef9364bd0882ac9a,validate_normalize_construct,validate_normalize_construct,false,schema_validate,Direct,labeled,data_model_coupling,data_model_coupling;framework_coupling;implicit_dependency_coupling,data_model_invariant;framework_lifecycle;implicit_runtime_dependency;static_transitive_dependency,3,6,,v2_full,artifacts/research_analysis/python150_task_taxonomy.csv;reports/lift_taxonomy/LIFT_LABELS.jsonl;benchmark/tasks/cerberus__schema_validate_core__001/metadata.json,python200_hard_v1
chameleon__template_compile_core__001,python150,core100,chameleon,4.6.0-installed-snapshot,serialize_format_render,serialize_format_render,false,parse_codec,Adapted,labeled,parser_state_coupling,framework_coupling;implicit_dependency_coupling;parser_state_coupling,dynamic_import_plugin;framework_lifecycle;implicit_runtime_dependency;parser_state;static_transitive_dependency,2,4,,v2_full,artifacts/research_analysis/python150_task_taxonomy.csv;reports/lift_taxonomy/LIFT_LABELS.jsonl;benchmark/tasks/chameleon__template_compile_core__001/metadata.json,python200_hard_v1
cherrypy__dispatch_tool_core__001,hard50,NA,CherryPy,1f75bc9eed8e0e385f64f368bd69f58d96fb8c2b,registry_plugin_dispatch,registry_plugin_dispatch,false,plugin_registry,Composite,planned_ledger,framework_coupling,framework_coupling;implicit_dependency_coupling,framework_lifecycle;implicit_runtime_dependency,4,6,Backup framework dispatch if falcon/connexion blocked.,ledger_seed,benchmark/selection/hard50_expansion_20260827.json;benchmark/hard50/cherrypy__dispatch_tool_core__001/metadata.json;benchmark/selection/hard50_design_cards/cherrypy__dispatch_tool_core__001.md,python200_hard_v1
click__lazy_command_core__hard3_001,python150,hard50,click,16fc00e2f4a2717a521084f193709a6058afc693,registry_plugin_dispatch,registry_plugin_dispatch,false,plugin_registry,Adapted,labeled,framework_coupling,framework_coupling;implicit_dependency_coupling,dynamic_import_plugin;framework_lifecycle;implicit_runtime_dependency,1,4,,v2_full,artifacts/research_analysis/python150_task_taxonomy.csv;reports/lift_taxonomy/LIFT_LABELS.jsonl;benchmark/tasks/click__lazy_command_core__hard3_001/metadata.json,python200_hard_v1
click__option_parser__001,python150,core100,click,8.1.7-installed-snapshot,parse_tokenize_decode,parse_tokenize_decode,false,parse_codec,Adapted,labeled,framework_coupling,config_environment_coupling;framework_coupling;global_state_registry_coupling;implicit_dependency_coupling,config_environment;framework_lifecycle;global_state_registry;implicit_runtime_dependency;static_transitive_dependency,1,3,,v2_full,artifacts/research_analysis/python150_task_taxonomy.csv;reports/lift_taxonomy/LIFT_LABELS.jsonl;benchmark/tasks/click__option_parser__001/metadata.json,python200_hard_v1
cliff__command_dispatch_core__001,hard50,NA,cliff,89efc71e3660e0f5b5fc56fa455890950c205401,registry_plugin_dispatch,registry_plugin_dispatch,false,plugin_registry,Adapted,planned_ledger,framework_coupling,framework_coupling;implicit_dependency_coupling,framework_lifecycle;implicit_runtime_dependency,4,6,RQ5 lift=Adapted registry: command plugins without writing a new CLI framework.,ledger_seed,benchmark/selection/hard50_expansion_20260827.json;benchmark/hard50/cliff__command_dispatch_core__001/metadata.json;benchmark/selection/hard50_design_cards/cliff__command_dispatch_core__001.md,python200_hard_v1
configobj__roundtrip_config_core__001,python150,core100,configobj,b7707c94c0317b8f89b704a01525a68eb6c72521,config_resolve_discover,config_resolve_discover,false,config_merge,Direct,labeled,config_environment_coupling,config_environment_coupling;parser_state_coupling,config_environment;parser_state;static_transitive_dependency,3,7,,v2_full,artifacts/research_analysis/python150_task_taxonomy.csv;reports/lift_taxonomy/LIFT_LABELS.jsonl;benchmark/tasks/configobj__roundtrip_config_core__001/metadata.json,python200_hard_v1
connexion__openapi_resolver_core__001,hard50,NA,connexion,a23d44e0e0421fd83f5ba132269bcfd04b855a16,registry_plugin_dispatch,registry_plugin_dispatch,false,plugin_registry,Composite,planned_ledger,framework_coupling,framework_coupling;implicit_dependency_coupling,framework_lifecycle;implicit_runtime_dependency,4,7,"RQ1 framework_plugin: spec-driven dispatch, not greenfield Flask.",ledger_seed,benchmark/selection/hard50_expansion_20260827.json;benchmark/hard50/connexion__openapi_resolver_core__001/metadata.json;benchmark/selection/hard50_design_cards/connexion__openapi_resolver_core__001.md,python200_hard_v1
cookiecutter__repo_finder_core__hard3_001,python150,hard50,cookiecutter,c88fbe921c97c58b65f1883ba90a0ab53cc91b34,config_resolve_discover,config_resolve_discover,false,config_merge,Composite,labeled,resource_coupling,config_environment_coupling;resource_coupling,config_environment;resource_packaging;static_transitive_dependency,1,4,,v2_full,artifacts/research_analysis/python150_task_taxonomy.csv;reports/lift_taxonomy/LIFT_LABELS.jsonl;benchmark/tasks/cookiecutter__repo_finder_core__hard3_001/metadata.json,python200_hard_v1
copier__template_answers_core__001,hard50,NA,copier,5f71fad40920cd03f0fe6bf2292daa43cf089fff,config_resolve_discover,config_resolve_discover,false,config_merge,Adapted,planned_ledger,config_environment_coupling,config_environment_coupling;implicit_dependency_coupling,config_environment;implicit_runtime_dependency,4,6,RQ2 large template engine with a bounded answers/config slice.,ledger_seed,benchmark/selection/hard50_expansion_20260827.json;benchmark/hard50/copier__template_answers_core__001/metadata.json;benchmark/selection/hard50_design_cards/copier__template_answers_core__001.md,python200_hard_v1
coverage__config_merge_core__001,python150,core100,coveragepy,f0dcf65f47120d9f74f6777134d3b8e92515ce6f,config_resolve_discover,config_resolve_discover,false,config_merge,Adapted,labeled,config_environment_coupling,config_environment_coupling;framework_coupling;implicit_dependency_coupling,config_environment;dynamic_import_plugin;framework_lifecycle;implicit_runtime_dependency;static_transitive_dependency,2,5,,v2_full,artifacts/research_analysis/python150_task_taxonomy.csv;reports/lift_taxonomy/LIFT_LABELS.jsonl;benchmark/tasks/coverage__config_merge_core__001/metadata.json,python200_hard_v1
coverage__glob_matcher_core__001,python150,core100,coveragepy,f0dcf65f47120d9f74f6777134d3b8e92515ce6f,config_resolve_discover,config_resolve_discover,false,config_merge,Direct,labeled,resource_coupling,config_environment_coupling;implicit_dependency_coupling;resource_coupling,config_environment;implicit_runtime_dependency;static_transitive_dependency,3,5,,v2_full,artifacts/research_analysis/python150_task_taxonomy.csv;reports/lift_taxonomy/LIFT_LABELS.jsonl;benchmark/tasks/coverage__glob_matcher_core__001/metadata.json,python200_hard_v1
coverage__path_remap_core__001,python150,core100,coveragepy,f0dcf65f47120d9f74f6777134d3b8e92515ce6f,config_resolve_discover,config_resolve_discover,false,config_merge,Adapted,labeled,resource_coupling,config_environment_coupling;implicit_dependency_coupling;resource_coupling,config_environment;implicit_runtime_dependency;static_transitive_dependency,2,5,,v2_full,artifacts/research_analysis/python150_task_taxonomy.csv;reports/lift_taxonomy/LIFT_LABELS.jsonl;benchmark/tasks/coverage__path_remap_core__001/metadata.json,python200_hard_v1
coverage__report_core__001,python150,core100,coveragepy,f0dcf65f47120d9f74f6777134d3b8e92515ce6f,serialize_format_render,serialize_format_render,false,parse_codec,Adapted,labeled,config_environment_coupling,config_environment_coupling;data_model_coupling;framework_coupling,config_environment;data_model_invariant;dynamic_import_plugin;framework_lifecycle;static_transitive_dependency,2,4,,v2_full,artifacts/research_analysis/python150_task_taxonomy.csv;reports/lift_taxonomy/LIFT_LABELS.jsonl;benchmark/tasks/coverage__report_core__001/metadata.json,python200_hard_v1
coverage__source_selection_core__001,python150,core100,coveragepy,f0dcf65f47120d9f74f6777134d3b8e92515ce6f,config_resolve_discover,config_resolve_discover,false,config_merge,Adapted,labeled,config_environment_coupling,config_environment_coupling;global_state_registry_coupling;implicit_dependency_coupling;resource_coupling,config_environment;dynamic_import_plugin;global_state_registry;implicit_runtime_dependency;resource_packaging;static_transitive_dependency,2,5,,v2_full,artifacts/research_analysis/python150_task_taxonomy.csv;reports/lift_taxonomy/LIFT_LABELS.jsonl;benchmark/tasks/coverage__source_selection_core__001/metadata.json,python200_hard_v1
croniter__cron_parse_core__001,python150,core100,croniter,dc04395e2291b44a74507919d27a13f922b7f77d,protocol_state_transition,protocol_state_transition,false,parse_codec,Direct,labeled,parser_state_coupling,config_environment_coupling;implicit_dependency_coupling;parser_state_coupling,config_environment;implicit_runtime_dependency;parser_state;static_transitive_dependency,4,6,,v2_full,artifacts/research_analysis/python150_task_taxonomy.csv;reports/lift_taxonomy/LIFT_LABELS.jsonl;benchmark/tasks/croniter__cron_parse_core__001/metadata.json,python200_hard_v1
dataclasses_json__serde_core__001,python150,core100,dataclasses-json,dc63902eeb5e1c5ce1ea4e078c50e0eb9bc1a541,serialize_format_render,serialize_format_render,false,parse_codec,Direct,labeled,data_model_coupling,data_model_coupling;framework_coupling;implicit_dependency_coupling,data_model_invariant;framework_lifecycle;implicit_runtime_dependency;static_transitive_dependency,4,9,,v2_full,artifacts/research_analysis/python150_task_taxonomy.csv;reports/lift_taxonomy/LIFT_LABELS.jsonl;benchmark/tasks/dataclasses_json__serde_core__001/metadata.json,python200_hard_v1
dateutil__zone_resolver_core__hard3_001,python150,hard50,dateutil,48bd1af97e71baf8e96fce5b663d589caac8f147,resource_metadata_loading,resource_metadata_loading,false,resource_or_copytrap,Composite,labeled,resource_coupling,parser_state_coupling;resource_coupling,parser_state;resource_packaging;static_transitive_dependency,1,4,,v2_full,artifacts/research_analysis/python150_task_taxonomy.csv;reports/lift_taxonomy/LIFT_LABELS.jsonl;benchmark/tasks/dateutil__zone_resolver_core__hard3_001/metadata.json,python200_hard_v1
decorator__signature_preserving_core__001,python150,core100,decorator,ad013a2c1ad7969963acf3dea948632be387f5a0,workflow_session_orchestration,workflow_session_orchestration,false,session_lifecycle,Direct,labeled,data_model_coupling,data_model_coupling;framework_coupling,data_model_invariant;framework_lifecycle,1,3,,v2_full,artifacts/research_analysis/python150_task_taxonomy.csv;reports/lift_taxonomy/LIFT_LABELS.jsonl;benchmark/tasks/decorator__signature_preserving_core__001/metadata.json,python200_hard_v1
deepdiff__deep_compare_core__001,python150,core100,deepdiff,9.1.0-installed-snapshot,algorithm_data_structure,algorithm_data_structure,false,schema_validate,Direct,labeled,data_model_coupling,data_model_coupling;parser_state_coupling,data_model_invariant;parser_state;static_transitive_dependency,2,6,,v2_full,artifacts/research_analysis/python150_task_taxonomy.csv;reports/lift_taxonomy/LIFT_LABELS.jsonl;benchmark/tasks/deepdiff__deep_compare_core__001/metadata.json,python200_hard_v1
diskcache__eviction_policy_core__hard3_001,python150,hard50,diskcache,ebfa37cd99d7ef716ec452ad8af4b4276a8e2233,cache_retry_policy,cache_retry_policy,false,session_lifecycle,Composite,labeled,resource_coupling,implicit_dependency_coupling;resource_coupling,implicit_runtime_dependency;resource_packaging,1,4,,v2_full,artifacts/research_analysis/python150_task_taxonomy.csv;reports/lift_taxonomy/LIFT_LABELS.jsonl;benchmark/tasks/diskcache__eviction_policy_core__hard3_001/metadata.json,python200_hard_v1
distlib__wheel_metadata_core__hard3_001,python150,hard50,distlib,454a87c64f0b545138dc4798aa833a4ff8ac2377,resource_metadata_loading,resource_metadata_loading,false,resource_or_copytrap,Adapted,labeled,resource_coupling,data_model_coupling;resource_coupling,data_model_invariant;dynamic_import_plugin;resource_packaging;static_transitive_dependency,1,5,,v2_full,artifacts/research_analysis/python150_task_taxonomy.csv;reports/lift_taxonomy/LIFT_LABELS.jsonl;benchmark/tasks/distlib__wheel_metadata_core__hard3_001/metadata.json,python200_hard_v1
dogpile_cache__region_backend_core__001,hard50,NA,dogpile.cache,185db4fb6cd844cddac17cc3dcbbd51a876891da,registry_plugin_dispatch,registry_plugin_dispatch,false,plugin_registry,Adapted,planned_ledger,framework_coupling,framework_coupling;data_model_coupling;third_party_dependency_coupling,framework_lifecycle;data_model_invariant;third_party_contract,2,5,RQ2+RQ4: backend registry with a large unused backend tree as copy-all decoy.,ledger_seed,benchmark/selection/hard50_expansion_20260827.json;benchmark/hard50/dogpile_cache__region_backend_core__001/metadata.json;benchmark/selection/hard50_design_cards/dogpile_cache__region_backend_core__001.md,python200_hard_v1
dramatiq__actor_stub_broker_core__001,hard50,NA,dramatiq,848b35f2f960457ff54a72f9edb3af0de754f72f,workflow_session_orchestration,workflow_session_orchestration,false,session_lifecycle,Composite,planned_ledger,framework_coupling,implicit_dependency_coupling;framework_coupling,implicit_runtime_dependency;framework_lifecycle,2,4,RQ4 actor registry + broker; unused brokers are copy-all decoy.,ledger_seed,benchmark/selection/hard50_expansion_20260827.json;benchmark/hard50/dramatiq__actor_stub_broker_core__001/metadata.json;benchmark/selection/hard50_design_cards/dramatiq__actor_stub_broker_core__001.md,python200_hard_v1
dulwich__config_parse_core__001,hard50,NA,Dulwich,2f039e67903559e279cb61250c6ea31bfa5f727c,config_resolve_discover,config_resolve_discover,false,config_merge,Adapted,planned_ledger,config_environment_coupling,config_environment_coupling;data_model_coupling,config_environment;data_model_invariant,2,4,RQ2: Git config slice inside a large porcelain/pack tree.,ledger_seed,benchmark/selection/hard50_expansion_20260827.json;benchmark/hard50/dulwich__config_parse_core__001/metadata.json;benchmark/selection/hard50_design_cards/dulwich__config_parse_core__001.md,python200_hard_v1
dynaconf__settings_merge_core__001,python150,core100,dynaconf,3.3.1-installed-snapshot,config_resolve_discover,config_resolve_discover,false,config_merge,Adapted,labeled,config_environment_coupling,config_environment_coupling;data_model_coupling;framework_coupling,config_environment;data_model_invariant;dynamic_import_plugin;framework_lifecycle;static_transitive_dependency,2,5,,v2_full,artifacts/research_analysis/python150_task_taxonomy.csv;reports/lift_taxonomy/LIFT_LABELS.jsonl;benchmark/tasks/dynaconf__settings_merge_core__001/metadata.json,python200_hard_v1
email_validator__validate_core__001,python150,core100,email-validator,b73d010bb3db70547199f39fd85d2286a7f6f476,parse_tokenize_decode,parse_tokenize_decode,false,parse_codec,Direct,labeled,parser_state_coupling,data_model_coupling;parser_state_coupling;third_party_dependency_coupling,data_model_invariant;parser_state;static_transitive_dependency;third_party_contract,4,11,,v2_full,artifacts/research_analysis/python150_task_taxonomy.csv;reports/lift_taxonomy/LIFT_LABELS.jsonl;benchmark/tasks/email_validator__validate_core__001/metadata.json,python200_hard_v1
environs__typed_env_core__001,python150,core100,environs,97f9b7065c753b763949a8d61ec2fee880458d4a,config_resolve_discover,config_resolve_discover,false,config_merge,Direct,labeled,config_environment_coupling,config_environment_coupling;data_model_coupling;third_party_dependency_coupling,config_environment;data_model_invariant;static_transitive_dependency;third_party_contract,4,10,,v2_full,artifacts/research_analysis/python150_task_taxonomy.csv;reports/lift_taxonomy/LIFT_LABELS.jsonl;benchmark/tasks/environs__typed_env_core__001/metadata.json,python200_hard_v1
faker__provider_core__001,python150,core100,Faker,40.23.0-installed-snapshot,resource_metadata_loading,resource_metadata_loading,false,resource_or_copytrap,Direct,labeled,resource_coupling,global_state_registry_coupling;implicit_dependency_coupling;resource_coupling,dynamic_import_plugin;global_state_registry;implicit_runtime_dependency;resource_packaging;static_transitive_dependency,1,3,,v2_full,artifacts/research_analysis/python150_task_taxonomy.csv;reports/lift_taxonomy/LIFT_LABELS.jsonl;benchmark/tasks/faker__provider_core__001/metadata.json,python200_hard_v1
falcon__responder_routing_core__001,hard50,NA,falcon,ea2b14d34bdb0dc7c92c5cced84c8be021e3cb86,registry_plugin_dispatch,registry_plugin_dispatch,false,plugin_registry,Direct,planned_ledger,framework_coupling,framework_coupling;data_model_coupling,framework_lifecycle;data_model_invariant,4,5,"RQ1 Direct-but-framework: routing table is the feature, rest of falcon is decoy.",ledger_seed,benchmark/selection/hard50_expansion_20260827.json;benchmark/hard50/falcon__responder_routing_core__001/metadata.json;benchmark/selection/hard50_design_cards/falcon__responder_routing_core__001.md,python200_hard_v1
filelock__reentrant_lock_core__001,python150,core100,filelock,141f5d8c21be2830a9d93ad4ad822acf4b0f8a12,workflow_session_orchestration,workflow_session_orchestration,false,session_lifecycle,Adapted,labeled,resource_coupling,config_environment_coupling;resource_coupling,config_environment;resource_packaging,2,3,,v2_full,artifacts/research_analysis/python150_task_taxonomy.csv;reports/lift_taxonomy/LIFT_LABELS.jsonl;benchmark/tasks/filelock__reentrant_lock_core__001/metadata.json,python200_hard_v1
flake8__plugin_options_core__hard3_001,python150,hard50,flake8,bb943328eff3518ee193adbddffdfe15e239c3f7,registry_plugin_dispatch,registry_plugin_dispatch,false,plugin_registry,Composite,labeled,framework_coupling,config_environment_coupling;framework_coupling,config_environment;dynamic_import_plugin;framework_lifecycle;static_transitive_dependency,2,2,,v2_full,artifacts/research_analysis/python150_task_taxonomy.csv;reports/lift_taxonomy/LIFT_LABELS.jsonl;benchmark/tasks/flake8__plugin_options_core__hard3_001/metadata.json,python200_hard_v1
flask__route_dispatch_core__001,python150,core100,flask,c12a5d874c5a014495eb2db8a73f40037bc813ac,registry_plugin_dispatch,registry_plugin_dispatch,false,plugin_registry,Adapted,labeled,framework_coupling,data_model_coupling;framework_coupling,data_model_invariant;dynamic_import_plugin;framework_lifecycle;static_transitive_dependency,2,3,,v2_full,artifacts/research_analysis/python150_task_taxonomy.csv;reports/lift_taxonomy/LIFT_LABELS.jsonl;benchmark/tasks/flask__route_dispatch_core__001/metadata.json,python200_hard_v1
fs__url_opener_core__hard3_001,python150,hard50,fs,77a8562785fc37cb2e30bdcd39c133097ba62dce,registry_plugin_dispatch,registry_plugin_dispatch,false,plugin_registry,Adapted,labeled,resource_coupling,implicit_dependency_coupling;resource_coupling,dynamic_import_plugin;implicit_runtime_dependency;resource_packaging;static_transitive_dependency,1,4,,v2_full,artifacts/research_analysis/python150_task_taxonomy.csv;reports/lift_taxonomy/LIFT_LABELS.jsonl;benchmark/tasks/fs__url_opener_core__hard3_001/metadata.json,python200_hard_v1
fsspec__url_chain_core__hard3_001,python150,hard50,fsspec,0907962e6b94eea3b4ba86a6cc20b36ddb29f2dd,config_resolve_discover,config_resolve_discover,false,config_merge,Adapted,labeled,resource_coupling,implicit_dependency_coupling;resource_coupling,dynamic_import_plugin;implicit_runtime_dependency;resource_packaging;static_transitive_dependency,1,4,,v2_full,artifacts/research_analysis/python150_task_taxonomy.csv;reports/lift_taxonomy/LIFT_LABELS.jsonl;benchmark/tasks/fsspec__url_chain_core__hard3_001/metadata.json,python200_hard_v1
glom__spec_eval_core__hard3_001,python150,hard50,glom,6fd41340f30519ddc64a546ad2703dfe53f12356,algorithm_data_structure,algorithm_data_structure,false,schema_validate,Adapted,labeled,parser_state_coupling,data_model_coupling;parser_state_coupling,data_model_invariant;parser_state;static_transitive_dependency,1,3,,v2_full,artifacts/research_analysis/python150_task_taxonomy.csv;reports/lift_taxonomy/LIFT_LABELS.jsonl;benchmark/tasks/glom__spec_eval_core__hard3_001/metadata.json,python200_hard_v1
goodconf__typed_env_core__001,hard50,NA,goodconf,6fd9a4561ba69aad95fac87836652debed3e33a6,config_resolve_discover,config_resolve_discover,false,config_merge,Adapted,planned_ledger,config_environment_coupling,config_environment_coupling;data_model_coupling,config_environment;data_model_invariant,3,5,"RQ1 typed settings object (not pydantic-settings, already in 150).",ledger_seed,benchmark/selection/hard50_expansion_20260827.json;benchmark/hard50/goodconf__typed_env_core__001/metadata.json;benchmark/selection/hard50_design_cards/goodconf__typed_env_core__001.md,python200_hard_v1
graphene__schema_execute_core__001,hard50,NA,graphene,82903263080b3b7f22c2ad84319584d7a3b1a1f6,workflow_session_orchestration,workflow_session_orchestration,false,session_lifecycle,Composite,planned_ledger,framework_coupling,data_model_coupling;framework_coupling,data_model_invariant;framework_lifecycle,4,5,Backup workflow: GraphQL execution session.,ledger_seed,benchmark/selection/hard50_expansion_20260827.json;benchmark/hard50/graphene__schema_execute_core__001/metadata.json;benchmark/selection/hard50_design_cards/graphene__schema_execute_core__001.md,python200_hard_v1
h11__message_parse_core__001,python150,core100,h11,0.14.0-installed-snapshot,protocol_state_transition,protocol_state_transition,false,parse_codec,Direct,labeled,parser_state_coupling,data_model_coupling;implicit_dependency_coupling;parser_state_coupling,data_model_invariant;implicit_runtime_dependency;parser_state;static_transitive_dependency,2,3,,v2_full,artifacts/research_analysis/python150_task_taxonomy.csv;reports/lift_taxonomy/LIFT_LABELS.jsonl;benchmark/tasks/h11__message_parse_core__001/metadata.json,python200_hard_v1
h2__frame_parse_core__001,python150,core100,h2,4.3.0-installed-snapshot,protocol_state_transition,protocol_state_transition,false,parse_codec,Adapted,labeled,parser_state_coupling,data_model_coupling;implicit_dependency_coupling;parser_state_coupling,data_model_invariant;implicit_runtime_dependency;parser_state;static_transitive_dependency,2,5,,v2_full,artifacts/research_analysis/python150_task_taxonomy.csv;reports/lift_taxonomy/LIFT_LABELS.jsonl;benchmark/tasks/h2__frame_parse_core__001/metadata.json,python200_hard_v1
hatch__project_metadata_core__hard3_001,python150,hard50,hatch,19ced89249f2249772eed4566bd40d72e25d77ec,resource_metadata_loading,resource_metadata_loading,false,resource_or_copytrap,Adapted,labeled,data_model_coupling,config_environment_coupling;data_model_coupling,config_environment;data_model_invariant;dynamic_import_plugin,1,4,,v2_full,artifacts/research_analysis/python150_task_taxonomy.csv;reports/lift_taxonomy/LIFT_LABELS.jsonl;benchmark/tasks/hatch__project_metadata_core__hard3_001/metadata.json,python200_hard_v1
httpretty__uri_stub_core__001,hard50,NA,HTTPretty,f9f012711597634d40066d144a36888b3addcc46,direct_tooling_copytrap,protocol_state_transition,true,resource_or_copytrap,Direct,planned_ledger,framework_coupling,framework_coupling;resource_coupling,framework_lifecycle;resource_packaging,3,6,RQ2 HTTP stub inside a repo with many unused adapters.,ledger_seed,benchmark/selection/hard50_expansion_20260827.json;benchmark/hard50/httpretty__uri_stub_core__001/metadata.json;benchmark/selection/hard50_design_cards/httpretty__uri_stub_core__001.md,python200_hard_v1
httpx__request_model_core__001,python150,core100,httpx,326b9431c761e1ef1e00b9f760d1f654c8db48c6,validate_normalize_construct,validate_normalize_construct,false,schema_validate,Adapted,labeled,data_model_coupling,config_environment_coupling;data_model_coupling;implicit_dependency_coupling;parser_state_coupling,config_environment;data_model_invariant;implicit_runtime_dependency;parser_state;static_transitive_dependency,5,9,,v2_full,artifacts/research_analysis/python150_task_taxonomy.csv;reports/lift_taxonomy/LIFT_LABELS.jsonl;benchmark/tasks/httpx__request_model_core__001/metadata.json,python200_hard_v1
humanize__naturaltime_core__001,python150,core100,humanize,4.15.0-installed-snapshot,serialize_format_render,serialize_format_render,false,parse_codec,Direct,labeled,data_model_coupling,data_model_coupling;implicit_dependency_coupling,data_model_invariant;implicit_runtime_dependency;static_transitive_dependency,3,7,,v2_full,artifacts/research_analysis/python150_task_taxonomy.csv;reports/lift_taxonomy/LIFT_LABELS.jsonl;benchmark/tasks/humanize__naturaltime_core__001/metadata.json,python200_hard_v1
hydra_core__compose_initialize_core__001,hard50,NA,hydra-core,02ba9be659d07e9cdcf4c6d48bc8e7bd02df4ca3,registry_plugin_dispatch,registry_plugin_dispatch,false,plugin_registry,Composite,planned_ledger,config_environment_coupling,framework_coupling;config_environment_coupling;resource_coupling,framework_lifecycle;config_environment;resource_packaging,2,5,RQ1+RQ4: plugin search path + global initialize. Distinct from OmegaConf-only merge.,ledger_seed,benchmark/selection/hard50_expansion_20260827.json;benchmark/hard50/hydra_core__compose_initialize_core__001/metadata.json;benchmark/selection/hard50_design_cards/hydra_core__compose_initialize_core__001.md,python200_hard_v1
importlib_metadata__entry_points_core__001,python150,core100,importlib_metadata,7.0.1-installed-snapshot,resource_metadata_loading,resource_metadata_loading,false,resource_or_copytrap,Direct,labeled,config_environment_coupling,config_environment_coupling;data_model_coupling;implicit_dependency_coupling;third_party_dependency_coupling,config_environment;data_model_invariant;dynamic_import_plugin;implicit_runtime_dependency;static_transitive_dependency;third_party_contract,2,2,,v2_full,artifacts/research_analysis/python150_task_taxonomy.csv;reports/lift_taxonomy/LIFT_LABELS.jsonl;benchmark/tasks/importlib_metadata__entry_points_core__001/metadata.json,python200_hard_v1
importlib_resources__traversable_tree_core__hard3_001,python150,hard50,importlib_resources,1d554758b0cb1a030bf3acb131a276da8a3ebb1e,resource_metadata_loading,resource_metadata_loading,false,resource_or_copytrap,Composite,labeled,resource_coupling,data_model_coupling;implicit_dependency_coupling;resource_coupling,data_model_invariant;dynamic_import_plugin;implicit_runtime_dependency;resource_packaging;static_transitive_dependency,2,6,,v2_full,artifacts/research_analysis/python150_task_taxonomy.csv;reports/lift_taxonomy/LIFT_LABELS.jsonl;benchmark/tasks/importlib_resources__traversable_tree_core__hard3_001/metadata.json,python200_hard_v1
installer__wheel_record_core__hard3_001,python150,hard50,installer,c18863d235a9d927f48d1831cbf738b0274ac59e,resource_metadata_loading,resource_metadata_loading,false,resource_or_copytrap,Adapted,labeled,resource_coupling,data_model_coupling;resource_coupling,data_model_invariant;resource_packaging;static_transitive_dependency,1,4,,v2_full,artifacts/research_analysis/python150_task_taxonomy.csv;reports/lift_taxonomy/LIFT_LABELS.jsonl;benchmark/tasks/installer__wheel_record_core__hard3_001/metadata.json,python200_hard_v1
intervaltree__interval_tree_core__001,python150,core100,intervaltree,1bc406e1f441577c4e421fc51aba2ab67fbd97fb,algorithm_data_structure,algorithm_data_structure,false,schema_validate,Direct,labeled,data_model_coupling,data_model_coupling;implicit_dependency_coupling;third_party_dependency_coupling,data_model_invariant;implicit_runtime_dependency;static_transitive_dependency;third_party_contract,3,9,,v2_full,artifacts/research_analysis/python150_task_taxonomy.csv;reports/lift_taxonomy/LIFT_LABELS.jsonl;benchmark/tasks/intervaltree__interval_tree_core__001/metadata.json,python200_hard_v1
isodate__duration_parse_core__001,python150,core100,isodate,0.7.2-installed-snapshot,parse_tokenize_decode,parse_tokenize_decode,false,parse_codec,Adapted,labeled,parser_state_coupling,data_model_coupling;parser_state_coupling,data_model_invariant;parser_state;static_transitive_dependency,3,7,,v2_full,artifacts/research_analysis/python150_task_taxonomy.csv;reports/lift_taxonomy/LIFT_LABELS.jsonl;benchmark/tasks/isodate__duration_parse_core__001/metadata.json,python200_hard_v1
isort__settings_resolver_core__hard3_001,python150,hard50,isort,fd8bd075176d074af69aa6acae7ed89a6a89bb05,config_resolve_discover,config_resolve_discover,false,config_merge,Adapted,labeled,config_environment_coupling,config_environment_coupling;implicit_dependency_coupling;resource_coupling,config_environment;dynamic_import_plugin;implicit_runtime_dependency;resource_packaging;static_transitive_dependency,3,6,,v2_full,artifacts/research_analysis/python150_task_taxonomy.csv;reports/lift_taxonomy/LIFT_LABELS.jsonl;benchmark/tasks/isort__settings_resolver_core__hard3_001/metadata.json,python200_hard_v1
itsdangerous__timed_serializer_core__001,python150,core100,itsdangerous,096c8d42545d3b68ea21a4f890fb2b2d8979c0bd,serialize_format_render,serialize_format_render,false,parse_codec,Adapted,labeled,data_model_coupling,config_environment_coupling;data_model_coupling,config_environment;data_model_invariant;static_transitive_dependency,2,3,,v2_full,artifacts/research_analysis/python150_task_taxonomy.csv;reports/lift_taxonomy/LIFT_LABELS.jsonl;benchmark/tasks/itsdangerous__timed_serializer_core__001/metadata.json,python200_hard_v1
jinja2__compile_render_core__001,python150,core100,jinja2,15206881c006c79667fe5154fe80c01c65410679,serialize_format_render,serialize_format_render,false,parse_codec,Adapted,labeled,framework_coupling,data_model_coupling;framework_coupling;parser_state_coupling,data_model_invariant;dynamic_import_plugin;framework_lifecycle;parser_state;static_transitive_dependency,2,4,,v2_full,artifacts/research_analysis/python150_task_taxonomy.csv;reports/lift_taxonomy/LIFT_LABELS.jsonl;benchmark/tasks/jinja2__compile_render_core__001/metadata.json,python200_hard_v1
jinja2__extensions_core__001,python150,core100,jinja2,15206881c006c79667fe5154fe80c01c65410679,registry_plugin_dispatch,registry_plugin_dispatch,false,plugin_registry,Adapted,labeled,framework_coupling,framework_coupling;implicit_dependency_coupling;parser_state_coupling,dynamic_import_plugin;framework_lifecycle;implicit_runtime_dependency;parser_state;static_transitive_dependency,2,4,,v2_full,artifacts/research_analysis/python150_task_taxonomy.csv;reports/lift_taxonomy/LIFT_LABELS.jsonl;benchmark/tasks/jinja2__extensions_core__001/metadata.json,python200_hard_v1
jinja2__filters_tests_core__001,python150,core100,jinja2,15206881c006c79667fe5154fe80c01c65410679,serialize_format_render,serialize_format_render,false,parse_codec,Adapted,labeled,framework_coupling,data_model_coupling;framework_coupling;implicit_dependency_coupling,data_model_invariant;framework_lifecycle;implicit_runtime_dependency;static_transitive_dependency,2,5,,v2_full,artifacts/research_analysis/python150_task_taxonomy.csv;reports/lift_taxonomy/LIFT_LABELS.jsonl;benchmark/tasks/jinja2__filters_tests_core__001/metadata.json,python200_hard_v1
jinja2__lexer_parser_core__001,python150,core100,jinja2,15206881c006c79667fe5154fe80c01c65410679,parse_tokenize_decode,parse_tokenize_decode,false,parse_codec,Adapted,labeled,parser_state_coupling,data_model_coupling;implicit_dependency_coupling;parser_state_coupling,data_model_invariant;dynamic_import_plugin;implicit_runtime_dependency;parser_state;static_transitive_dependency,2,4,,v2_full,artifacts/research_analysis/python150_task_taxonomy.csv;reports/lift_taxonomy/LIFT_LABELS.jsonl;benchmark/tasks/jinja2__lexer_parser_core__001/metadata.json,python200_hard_v1
jinja2__loader_inheritance_core__001,python150,core100,jinja2,15206881c006c79667fe5154fe80c01c65410679,resource_metadata_loading,resource_metadata_loading,false,resource_or_copytrap,Adapted,labeled,framework_coupling,data_model_coupling;framework_coupling;resource_coupling,data_model_invariant;dynamic_import_plugin;framework_lifecycle;resource_packaging;static_transitive_dependency,1,4,,v2_full,artifacts/research_analysis/python150_task_taxonomy.csv;reports/lift_taxonomy/LIFT_LABELS.jsonl;benchmark/tasks/jinja2__loader_inheritance_core__001/metadata.json,python200_hard_v1
json5__parse_core__001,python150,core100,json5,0.9.25-installed-snapshot,parse_tokenize_decode,parse_tokenize_decode,false,parse_codec,Direct,labeled,parser_state_coupling,implicit_dependency_coupling;parser_state_coupling,implicit_runtime_dependency;parser_state;static_transitive_dependency,2,4,,v2_full,artifacts/research_analysis/python150_task_taxonomy.csv;reports/lift_taxonomy/LIFT_LABELS.jsonl;benchmark/tasks/json5__parse_core__001/metadata.json,python200_hard_v1
json_logic__evaluator_core__hard3_001,python150,hard50,json_logic,5fda9125eab4178f8f81c7779291940e31e87bab,cache_retry_policy,cache_retry_policy,false,session_lifecycle,Direct,labeled,parser_state_coupling,data_model_coupling;parser_state_coupling,data_model_invariant;parser_state,3,4,,v2_full,artifacts/research_analysis/python150_task_taxonomy.csv;reports/lift_taxonomy/LIFT_LABELS.jsonl;benchmark/tasks/json_logic__evaluator_core__hard3_001/metadata.json,python200_hard_v1
jsonpath_ng__expression_eval_core__001,python150,core100,jsonpath-ng,e59ead334ac47618e6d844ad758114b3bfafcc8a,parse_tokenize_decode,parse_tokenize_decode,false,parse_codec,Direct,labeled,parser_state_coupling,data_model_coupling;implicit_dependency_coupling;parser_state_coupling,data_model_invariant;implicit_runtime_dependency;parser_state;static_transitive_dependency,4,7,,v2_full,artifacts/research_analysis/python150_task_taxonomy.csv;reports/lift_taxonomy/LIFT_LABELS.jsonl;benchmark/tasks/jsonpath_ng__expression_eval_core__001/metadata.json,python200_hard_v1
jsonpointer__resolve_core__001,python150,core100,jsonpointer,5998f951dcc5ace60f67f35afe6778c445401a07,parse_tokenize_decode,parse_tokenize_decode,false,parse_codec,Direct,labeled,parser_state_coupling,data_model_coupling;parser_state_coupling,data_model_invariant;parser_state,5,10,,v2_full,artifacts/research_analysis/python150_task_taxonomy.csv;reports/lift_taxonomy/LIFT_LABELS.jsonl;benchmark/tasks/jsonpointer__resolve_core__001/metadata.json,python200_hard_v1
jsonschema__validator_core__001,python150,core100,jsonschema,4.23.0-installed-snapshot,validate_normalize_construct,validate_normalize_construct,false,schema_validate,Direct,labeled,data_model_coupling,data_model_coupling;global_state_registry_coupling;implicit_dependency_coupling,data_model_invariant;global_state_registry;implicit_runtime_dependency,2,4,,v2_full,artifacts/research_analysis/python150_task_taxonomy.csv;reports/lift_taxonomy/LIFT_LABELS.jsonl;benchmark/tasks/jsonschema__validator_core__001/metadata.json,python200_hard_v1
jupyter_core__paths_resolver_core__hard3_001,python150,hard50,jupyter_core,ad6b4aea233a9634ffcd6ad553ecd63129ab5f6e,config_resolve_discover,config_resolve_discover,false,config_merge,Adapted,labeled,config_environment_coupling,config_environment_coupling;implicit_dependency_coupling;resource_coupling,config_environment;implicit_runtime_dependency;resource_packaging,3,5,,v2_full,artifacts/research_analysis/python150_task_taxonomy.csv;reports/lift_taxonomy/LIFT_LABELS.jsonl;benchmark/tasks/jupyter_core__paths_resolver_core__hard3_001/metadata.json,python200_hard_v1
jupyter_server__extension_config_core__hard3_001,python150,hard50,jupyter_server,c8bbb1a77a1d482816bac0dfe5c14c08d37b59ac,registry_plugin_dispatch,registry_plugin_dispatch,false,plugin_registry,Composite,labeled,framework_coupling,config_environment_coupling;framework_coupling,config_environment;dynamic_import_plugin;framework_lifecycle;static_transitive_dependency,1,4,,v2_full,artifacts/research_analysis/python150_task_taxonomy.csv;reports/lift_taxonomy/LIFT_LABELS.jsonl;benchmark/tasks/jupyter_server__extension_config_core__hard3_001/metadata.json,python200_hard_v1
keyring__backend_select_core__hard3_001,python150,hard50,keyring,7603e7cadc254b4c6e3fc2b2f0916a005e78087d,registry_plugin_dispatch,registry_plugin_dispatch,false,plugin_registry,Composite,labeled,framework_coupling,data_model_coupling;framework_coupling;third_party_dependency_coupling,data_model_invariant;dynamic_import_plugin;framework_lifecycle;static_transitive_dependency;third_party_contract,3,6,,v2_full,artifacts/research_analysis/python150_task_taxonomy.csv;reports/lift_taxonomy/LIFT_LABELS.jsonl;benchmark/tasks/keyring__backend_select_core__hard3_001/metadata.json,python200_hard_v1
lark__grammar_loader_core__001,python150,core100,lark,1.3.1-installed-snapshot,resource_metadata_loading,resource_metadata_loading,false,resource_or_copytrap,Direct,labeled,resource_coupling,implicit_dependency_coupling;parser_state_coupling;resource_coupling,dynamic_import_plugin;implicit_runtime_dependency;parser_state;resource_packaging;static_transitive_dependency,1,3,,v2_full,artifacts/research_analysis/python150_task_taxonomy.csv;reports/lift_taxonomy/LIFT_LABELS.jsonl;benchmark/tasks/lark__grammar_loader_core__001/metadata.json,python200_hard_v1
lark__parse_tree_core__001,python150,core100,lark,1.2.2,parse_tokenize_decode,parse_tokenize_decode,false,parse_codec,Direct,labeled,parser_state_coupling,data_model_coupling;implicit_dependency_coupling;parser_state_coupling,data_model_invariant;dynamic_import_plugin;implicit_runtime_dependency;parser_state;static_transitive_dependency,2,4,,v2_full,artifacts/research_analysis/python150_task_taxonomy.csv;reports/lift_taxonomy/LIFT_LABELS.jsonl;benchmark/tasks/lark__parse_tree_core__001/metadata.json,python200_hard_v1
lark__visitor_transform_core__001,python150,core100,lark,1.2.2,algorithm_data_structure,algorithm_data_structure,false,schema_validate,Adapted,labeled,data_model_coupling,data_model_coupling;implicit_dependency_coupling;parser_state_coupling,data_model_invariant;dynamic_import_plugin;implicit_runtime_dependency;parser_state;static_transitive_dependency,2,4,,v2_full,artifacts/research_analysis/python150_task_taxonomy.csv;reports/lift_taxonomy/LIFT_LABELS.jsonl;benchmark/tasks/lark__visitor_transform_core__001/metadata.json,python200_hard_v1
license_expression__policy_core__hard3_001,python150,hard50,license_expression,2efada20a05837dd573fa6852fbc0974939f2b14,parse_tokenize_decode,parse_tokenize_decode,false,parse_codec,Direct,labeled,parser_state_coupling,data_model_coupling;implicit_dependency_coupling;parser_state_coupling,data_model_invariant;implicit_runtime_dependency;parser_state;static_transitive_dependency,3,7,,v2_full,artifacts/research_analysis/python150_task_taxonomy.csv;reports/lift_taxonomy/LIFT_LABELS.jsonl;benchmark/tasks/license_expression__policy_core__hard3_001/metadata.json,python200_hard_v1
limits__strategy_storage_core__001,hard50,NA,limits,cb0ff4294d1b713b7892f975443d04cd21d98dfa,registry_plugin_dispatch,registry_plugin_dispatch,false,plugin_registry,Adapted,planned_ledger,framework_coupling,framework_coupling;resource_coupling,framework_lifecycle;resource_packaging,4,5,RQ4 strategy+storage registry with unused network backends as decoy.,ledger_seed,benchmark/selection/hard50_expansion_20260827.json;benchmark/hard50/limits__strategy_storage_core__001/metadata.json;benchmark/selection/hard50_design_cards/limits__strategy_storage_core__001.md,python200_hard_v1
luigi__task_requires_core__001,hard50,NA,luigi,715f65c4a56a908ef0a1df4df6fc33b8420e2e6c,workflow_session_orchestration,workflow_session_orchestration,false,session_lifecycle,Composite,planned_ledger,framework_coupling,framework_coupling;resource_coupling;data_model_coupling,framework_lifecycle;resource_packaging;data_model_invariant,2,7,RQ2+RQ4: DAG orchestration with a huge unused contrib/ tree.,ledger_seed,benchmark/selection/hard50_expansion_20260827.json;benchmark/hard50/luigi__task_requires_core__001/metadata.json;benchmark/selection/hard50_design_cards/luigi__task_requires_core__001.md,python200_hard_v1
mako__lexer_expression_core__001,python150,core100,mako,d58a9208fd62a816e9609a35be55aa6d3c5b14e7,parse_tokenize_decode,parse_tokenize_decode,false,parse_codec,Direct,labeled,parser_state_coupling,framework_coupling;implicit_dependency_coupling;parser_state_coupling,dynamic_import_plugin;framework_lifecycle;implicit_runtime_dependency;parser_state;static_transitive_dependency,4,8,,v2_full,artifacts/research_analysis/python150_task_taxonomy.csv;reports/lift_taxonomy/LIFT_LABELS.jsonl;benchmark/tasks/mako__lexer_expression_core__001/metadata.json,python200_hard_v1
markdown__extensions_core__001,python150,core100,Markdown,3.7-installed-snapshot,parse_tokenize_decode,parse_tokenize_decode,false,parse_codec,Adapted,labeled,parser_state_coupling,framework_coupling;parser_state_coupling,dynamic_import_plugin;framework_lifecycle;parser_state;static_transitive_dependency,2,6,,v2_full,artifacts/research_analysis/python150_task_taxonomy.csv;reports/lift_taxonomy/LIFT_LABELS.jsonl;benchmark/tasks/markdown__extensions_core__001/metadata.json,python200_hard_v1
markdown_it__commonmark_render__001,python150,core100,markdown-it-py,2.2.0-installed-snapshot,parse_tokenize_decode,parse_tokenize_decode,false,parse_codec,Direct,labeled,parser_state_coupling,data_model_coupling;implicit_dependency_coupling;parser_state_coupling,data_model_invariant;implicit_runtime_dependency;parser_state;static_transitive_dependency,2,4,,v2_full,artifacts/research_analysis/python150_task_taxonomy.csv;reports/lift_taxonomy/LIFT_LABELS.jsonl;benchmark/tasks/markdown_it__commonmark_render__001/metadata.json,python200_hard_v1
marshmallow__schema_core__001,python150,core100,marshmallow,4.3.0-installed-snapshot,serialize_format_render,serialize_format_render,false,parse_codec,Direct,labeled,data_model_coupling,data_model_coupling;framework_coupling;implicit_dependency_coupling,data_model_invariant;framework_lifecycle;implicit_runtime_dependency;static_transitive_dependency,1,3,,v2_full,artifacts/research_analysis/python150_task_taxonomy.csv;reports/lift_taxonomy/LIFT_LABELS.jsonl;benchmark/tasks/marshmallow__schema_core__001/metadata.json,python200_hard_v1
mashumaro__dataclass_codec_core__001,hard50,NA,mashumaro,0ad3eaed34f09e4a361613b607aa78e9a51d9999,validate_normalize_construct,validate_normalize_construct,false,schema_validate,Adapted,planned_ledger,data_model_coupling,data_model_coupling;implicit_dependency_coupling,data_model_invariant;implicit_runtime_dependency,3,4,RQ5 Adapted codec distinct from marshmallow/pydantic/cattrs already used.,ledger_seed,benchmark/selection/hard50_expansion_20260827.json;benchmark/hard50/mashumaro__dataclass_codec_core__001/metadata.json;benchmark/selection/hard50_design_cards/mashumaro__dataclass_codec_core__001.md,python200_hard_v1
mimesis__person_address_core__001,hard50,NA,Mimesis,b285fd17ada4c916338c08fc105b8b72bda0630a,direct_tooling_copytrap,resource_metadata_loading,true,resource_or_copytrap,Direct,planned_ledger,data_model_coupling,data_model_coupling;resource_coupling,data_model_invariant;resource_packaging,2,5,RQ2: Person/Address vs dozens of unused locale JSON trees.,ledger_seed,benchmark/selection/hard50_expansion_20260827.json;benchmark/hard50/mimesis__person_address_core__001/metadata.json;benchmark/selection/hard50_design_cards/mimesis__person_address_core__001.md,python200_hard_v1
mistune__markdown_plugin_core__001,hard50,NA,mistune,a1b50bc12e066e5707ff797f821829bfcdab03b5,parse_tokenize_decode,parse_tokenize_decode,false,parse_codec,Adapted,planned_ledger,parser_state_coupling,parser_state_coupling;implicit_dependency_coupling,parser_state;implicit_runtime_dependency,3,4,RQ4 plugin-parser: unused plugins are decoy.,ledger_seed,benchmark/selection/hard50_expansion_20260827.json;benchmark/hard50/mistune__markdown_plugin_core__001/metadata.json;benchmark/selection/hard50_design_cards/mistune__markdown_plugin_core__001.md,python200_hard_v1
mitmproxy__url_parse_core__001,hard50,NA,mitmproxy,2ac5b089d953585c66026a53f678270e094e48e5,direct_tooling_copytrap,parse_tokenize_decode,true,resource_or_copytrap,Direct,planned_ledger,data_model_coupling,data_model_coupling;resource_coupling,data_model_invariant;resource_packaging,2,6,RQ2: URL parse slice inside a large proxy/addon tree.,ledger_seed,benchmark/selection/hard50_expansion_20260827.json;benchmark/hard50/mitmproxy__url_parse_core__001/metadata.json;benchmark/selection/hard50_design_cards/mitmproxy__url_parse_core__001.md,python200_hard_v1
mkdocs__plugin_config_core__hard3_001,python150,hard50,mkdocs,2862536793b3c67d9d83c33e0dd6d50a791928f8,registry_plugin_dispatch,registry_plugin_dispatch,false,plugin_registry,Composite,labeled,framework_coupling,config_environment_coupling;framework_coupling,config_environment;dynamic_import_plugin;framework_lifecycle;static_transitive_dependency,1,4,,v2_full,artifacts/research_analysis/python150_task_taxonomy.csv;reports/lift_taxonomy/LIFT_LABELS.jsonl;benchmark/tasks/mkdocs__plugin_config_core__hard3_001/metadata.json,python200_hard_v1
msgpack__pack_unpack_core__001,python150,core100,msgpack-python,2de627311fb17b1a942d052447c3777cd58b162d,serialize_format_render,serialize_format_render,false,parse_codec,Adapted,labeled,parser_state_coupling,data_model_coupling;implicit_dependency_coupling;parser_state_coupling,data_model_invariant;implicit_runtime_dependency;parser_state;static_transitive_dependency,5,9,,v2_full,artifacts/research_analysis/python150_task_taxonomy.csv;reports/lift_taxonomy/LIFT_LABELS.jsonl;benchmark/tasks/msgpack__pack_unpack_core__001/metadata.json,python200_hard_v1
multidict__multidict_mutation_core__hard3_001,python150,hard50,multidict,2aed5c21c349f355063b08355b7322c14075acc3,algorithm_data_structure,algorithm_data_structure,false,schema_validate,Direct,labeled,data_model_coupling,data_model_coupling;implicit_dependency_coupling,data_model_invariant;implicit_runtime_dependency;static_transitive_dependency,2,4,,v2_full,artifacts/research_analysis/python150_task_taxonomy.csv;reports/lift_taxonomy/LIFT_LABELS.jsonl;benchmark/tasks/multidict__multidict_mutation_core__hard3_001/metadata.json,python200_hard_v1
networkx__dag_topo_core__001,python150,core100,networkx,3.3-curated-dag-snapshot,algorithm_data_structure,algorithm_data_structure,false,schema_validate,Direct,labeled,data_model_coupling,data_model_coupling;implicit_dependency_coupling,data_model_invariant;dynamic_import_plugin;implicit_runtime_dependency;static_transitive_dependency,2,5,,v2_full,artifacts/research_analysis/python150_task_taxonomy.csv;reports/lift_taxonomy/LIFT_LABELS.jsonl;benchmark/tasks/networkx__dag_topo_core__001/metadata.json,python200_hard_v1
oauthlib__grant_dispatch_core__001,hard50,NA,oauthlib,40b0ab56da3682c2484a4b78bbff309f8025d950,registry_plugin_dispatch,registry_plugin_dispatch,false,plugin_registry,Adapted,planned_ledger,framework_coupling,framework_coupling;config_environment_coupling,framework_lifecycle;config_environment,3,6,RQ1 protocol dispatch: grant type is a registry of handlers.,ledger_seed,benchmark/selection/hard50_expansion_20260827.json;benchmark/hard50/oauthlib__grant_dispatch_core__001/metadata.json;benchmark/selection/hard50_design_cards/oauthlib__grant_dispatch_core__001.md,python200_hard_v1
openapi_schema_validator__draft_core__001,hard50,NA,openapi-schema-validator,005e0804dd853714e6ddd8d6e8c808266df6a3c1,validate_normalize_construct,validate_normalize_construct,false,schema_validate,Direct,planned_ledger,parser_state_coupling,data_model_coupling;parser_state_coupling,data_model_invariant;parser_state,3,4,RQ5 dialect validator vs jsonschema 150 and openapi-core companion.,ledger_seed,benchmark/selection/hard50_expansion_20260827.json;benchmark/hard50/openapi_schema_validator__draft_core__001/metadata.json;benchmark/selection/hard50_design_cards/openapi_schema_validator__draft_core__001.md,python200_hard_v1
oslo_config__opt_group_core__001,hard50,NA,oslo.config,37b787699a6c2138fb2a38e3699c26a8adf892d0,config_resolve_discover,config_resolve_discover,false,config_merge,Composite,planned_ledger,config_environment_coupling,config_environment_coupling;implicit_dependency_coupling,config_environment;implicit_runtime_dependency,4,5,"RQ4 global CONF + group registry, the classic implicit config closure.",ledger_seed,benchmark/selection/hard50_expansion_20260827.json;benchmark/hard50/oslo_config__opt_group_core__001/metadata.json;benchmark/selection/hard50_design_cards/oslo_config__opt_group_core__001.md,python200_hard_v1
oslo_policy__enforcer_core__001,hard50,NA,oslo.policy,69890e47048014944c80aae27f82941a598fb573,registry_plugin_dispatch,registry_plugin_dispatch,false,plugin_registry,Composite,planned_ledger,config_environment_coupling,config_environment_coupling;framework_coupling,config_environment;framework_lifecycle,4,5,Backup for registry slot: policy rule registry.,ledger_seed,benchmark/selection/hard50_expansion_20260827.json;benchmark/hard50/oslo_policy__enforcer_core__001/metadata.json;benchmark/selection/hard50_design_cards/oslo_policy__enforcer_core__001.md,python200_hard_v1
packaging__requirement_marker_specifier__001,python150,core100,packaging,24.1-installed-snapshot,parse_tokenize_decode,parse_tokenize_decode,false,parse_codec,Direct,labeled,parser_state_coupling,data_model_coupling;implicit_dependency_coupling;parser_state_coupling,data_model_invariant;implicit_runtime_dependency;parser_state;static_transitive_dependency,3,5,,v2_full,artifacts/research_analysis/python150_task_taxonomy.csv;reports/lift_taxonomy/LIFT_LABELS.jsonl;benchmark/tasks/packaging__requirement_marker_specifier__001/metadata.json,python200_hard_v1
pandera__dataframe_schema_core__001,hard50,NA,pandera,9777c23b4bbc146c115a479b7551d0671c76ebcd,validate_normalize_construct,validate_normalize_construct,false,schema_validate,Composite,planned_ledger,third_party_dependency_coupling,data_model_coupling;third_party_dependency_coupling,data_model_invariant;third_party_contract,3,4,RQ1+RQ4 stateful schema over a third-party dataframe (allowed pandas).,ledger_seed,benchmark/selection/hard50_expansion_20260827.json;benchmark/hard50/pandera__dataframe_schema_core__001/metadata.json;benchmark/selection/hard50_design_cards/pandera__dataframe_schema_core__001.md,python200_hard_v1
parse__format_parser_core__001,python150,core100,parse,334db144c2813e9029cb890bbd49edd30f67ab9b,parse_tokenize_decode,parse_tokenize_decode,false,parse_codec,Direct,labeled,parser_state_coupling,data_model_coupling;parser_state_coupling,data_model_invariant;parser_state,2,3,,v2_full,artifacts/research_analysis/python150_task_taxonomy.csv;reports/lift_taxonomy/LIFT_LABELS.jsonl;benchmark/tasks/parse__format_parser_core__001/metadata.json,python200_hard_v1
parsel__selector_namespace_core__hard3_001,python150,hard50,parsel,05b3d37bf292d012f3d0b71fb7f0697d03af113e,parse_tokenize_decode,parse_tokenize_decode,false,parse_codec,Adapted,labeled,data_model_coupling,data_model_coupling;third_party_dependency_coupling,data_model_invariant;static_transitive_dependency;third_party_contract,1,4,,v2_full,artifacts/research_analysis/python150_task_taxonomy.csv;reports/lift_taxonomy/LIFT_LABELS.jsonl;benchmark/tasks/parsel__selector_namespace_core__hard3_001/metadata.json,python200_hard_v1
parso__python_parse_core__001,python150,core100,parso,0.8.3-installed-snapshot,parse_tokenize_decode,parse_tokenize_decode,false,parse_codec,Direct,labeled,parser_state_coupling,data_model_coupling;parser_state_coupling,data_model_invariant;parser_state;static_transitive_dependency,2,6,,v2_full,artifacts/research_analysis/python150_task_taxonomy.csv;reports/lift_taxonomy/LIFT_LABELS.jsonl;benchmark/tasks/parso__python_parse_core__001/metadata.json,python200_hard_v1
passlib__hash_context_core__001,python150,core100,passlib,1.7.4-installed-snapshot,validate_normalize_construct,validate_normalize_construct,false,schema_validate,Direct,labeled,data_model_coupling,data_model_coupling;global_state_registry_coupling;implicit_dependency_coupling,data_model_invariant;dynamic_import_plugin;global_state_registry;implicit_runtime_dependency;static_transitive_dependency,1,3,,v2_full,artifacts/research_analysis/python150_task_taxonomy.csv;reports/lift_taxonomy/LIFT_LABELS.jsonl;benchmark/tasks/passlib__hash_context_core__001/metadata.json,python200_hard_v1
paste__dispatch_map_core__001,hard50,NA,Paste,28e461548498138b8814b243be432a04a7895dba,registry_plugin_dispatch,registry_plugin_dispatch,false,plugin_registry,Adapted,planned_ledger,framework_coupling,framework_coupling;config_environment_coupling,framework_lifecycle;config_environment,4,6,Backup composite WSGI dispatch.,ledger_seed,benchmark/selection/hard50_expansion_20260827.json;benchmark/hard50/paste__dispatch_map_core__001/metadata.json;benchmark/selection/hard50_design_cards/paste__dispatch_map_core__001.md,python200_hard_v1
pathvalidate__sanitize_core__001,python150,core100,pathvalidate,1ca0a50fce51d5b5bd633457a72abf74dbe3112d,validate_normalize_construct,validate_normalize_construct,false,schema_validate,Direct,labeled,config_environment_coupling,config_environment_coupling;implicit_dependency_coupling;parser_state_coupling,config_environment;implicit_runtime_dependency;parser_state;static_transitive_dependency,3,7,,v2_full,artifacts/research_analysis/python150_task_taxonomy.csv;reports/lift_taxonomy/LIFT_LABELS.jsonl;benchmark/tasks/pathvalidate__sanitize_core__001/metadata.json,python200_hard_v1
pendulum__parse_format_core__001,python150,core100,pendulum,b99bd1468b5562f045c90d851c4fab0072b26df8,parse_tokenize_decode,parse_tokenize_decode,false,parse_codec,Adapted,labeled,parser_state_coupling,data_model_coupling;implicit_dependency_coupling;parser_state_coupling,data_model_invariant;dynamic_import_plugin;implicit_runtime_dependency;parser_state;static_transitive_dependency,5,11,,v2_full,artifacts/research_analysis/python150_task_taxonomy.csv;reports/lift_taxonomy/LIFT_LABELS.jsonl;benchmark/tasks/pendulum__parse_format_core__001/metadata.json,python200_hard_v1
phonenumbers__parse_format_core__001,python150,core100,phonenumbers,9.0.33-installed-snapshot,parse_tokenize_decode,parse_tokenize_decode,false,parse_codec,Direct,labeled,resource_coupling,data_model_coupling;resource_coupling;third_party_dependency_coupling,data_model_invariant;dynamic_import_plugin;resource_packaging;static_transitive_dependency;third_party_contract,2,4,,v2_full,artifacts/research_analysis/python150_task_taxonomy.csv;reports/lift_taxonomy/LIFT_LABELS.jsonl;benchmark/tasks/phonenumbers__parse_format_core__001/metadata.json,python200_hard_v1
pika__channel_spec_core__001,hard50,NA,pika,2126d43a76c14fb8d365d96bd1bdcef13dad75b5,parse_tokenize_decode,parse_tokenize_decode,false,parse_codec,Direct,planned_ledger,parser_state_coupling,parser_state_coupling;data_model_coupling,parser_state;data_model_invariant,2,6,RQ2: AMQP frame codec vs adapters/connection decoy.,ledger_seed,benchmark/selection/hard50_expansion_20260827.json;benchmark/hard50/pika__channel_spec_core__001/metadata.json;benchmark/selection/hard50_design_cards/pika__channel_spec_core__001.md,python200_hard_v1
platformdirs__app_dirs_core__hard3_001,python150,hard50,platformdirs,4bd7bb307292ae7c46fabef7cb58951825d0dd68,config_resolve_discover,config_resolve_discover,false,config_merge,Adapted,labeled,config_environment_coupling,config_environment_coupling;implicit_dependency_coupling;resource_coupling,config_environment;implicit_runtime_dependency;resource_packaging;static_transitive_dependency,3,6,,v2_full,artifacts/research_analysis/python150_task_taxonomy.csv;reports/lift_taxonomy/LIFT_LABELS.jsonl;benchmark/tasks/platformdirs__app_dirs_core__hard3_001/metadata.json,python200_hard_v1
pluggy__hook_call_order__001,python150,core100,pluggy,1.0.0-installed-snapshot,registry_plugin_dispatch,registry_plugin_dispatch,false,plugin_registry,Direct,labeled,framework_coupling,framework_coupling;global_state_registry_coupling;implicit_dependency_coupling,framework_lifecycle;global_state_registry;implicit_runtime_dependency;static_transitive_dependency,1,4,,v2_full,artifacts/research_analysis/python150_task_taxonomy.csv;reports/lift_taxonomy/LIFT_LABELS.jsonl;benchmark/tasks/pluggy__hook_call_order__001/metadata.json,python200_hard_v1
pluggy__hook_specs_core__001,python150,core100,pluggy,1.0.0-installed-snapshot,registry_plugin_dispatch,registry_plugin_dispatch,false,plugin_registry,Direct,labeled,framework_coupling,framework_coupling;global_state_registry_coupling;implicit_dependency_coupling,dynamic_import_plugin;framework_lifecycle;global_state_registry;implicit_runtime_dependency;static_transitive_dependency,2,4,,v2_full,artifacts/research_analysis/python150_task_taxonomy.csv;reports/lift_taxonomy/LIFT_LABELS.jsonl;benchmark/tasks/pluggy__hook_specs_core__001/metadata.json,python200_hard_v1
pluggy__hook_wrapper_core__hard3_001,python150,hard50,pluggy,6b0f3293895e9a3dc5b5e5d4bcad5b1649e19c21,registry_plugin_dispatch,registry_plugin_dispatch,false,plugin_registry,Adapted,labeled,framework_coupling,framework_coupling;implicit_dependency_coupling,dynamic_import_plugin;framework_lifecycle;implicit_runtime_dependency;static_transitive_dependency,2,4,,v2_full,artifacts/research_analysis/python150_task_taxonomy.csv;reports/lift_taxonomy/LIFT_LABELS.jsonl;benchmark/tasks/pluggy__hook_wrapper_core__hard3_001/metadata.json,python200_hard_v1
poetry_core__dependency_groups_core__hard3_001,python150,hard50,poetry_core,5de24118d23a05a23af5d9eb1d8bd98850d09205,resource_metadata_loading,resource_metadata_loading,false,resource_or_copytrap,Composite,labeled,data_model_coupling,config_environment_coupling;data_model_coupling,config_environment;data_model_invariant;static_transitive_dependency,1,3,,v2_full,artifacts/research_analysis/python150_task_taxonomy.csv;reports/lift_taxonomy/LIFT_LABELS.jsonl;benchmark/tasks/poetry_core__dependency_groups_core__hard3_001/metadata.json,python200_hard_v1
polyfactory__model_factory_core__001,hard50,NA,polyfactory,e420486b11b9f82b7816d86a8f53c20ce29df86f,validate_normalize_construct,validate_normalize_construct,false,schema_validate,Adapted,planned_ledger,data_model_coupling,data_model_coupling;implicit_dependency_coupling,data_model_invariant;implicit_runtime_dependency,3,5,RQ5 construct factories; Litestar monorepo is a copy-all trap.,ledger_seed,benchmark/selection/hard50_expansion_20260827.json;benchmark/hard50/polyfactory__model_factory_core__001/metadata.json;benchmark/selection/hard50_design_cards/polyfactory__model_factory_core__001.md,python200_hard_v1
pre_commit__config_load_core__001,hard50,NA,pre-commit,a9bba55a3f74068b53f4bd4d831d7e05e34eae6c,config_resolve_discover,config_resolve_discover,false,config_merge,Adapted,planned_ledger,config_environment_coupling,config_environment_coupling;implicit_dependency_coupling,config_environment;implicit_runtime_dependency,4,7,RQ2: huge installer/language tree is decoy around a bounded config slice.,ledger_seed,benchmark/selection/hard50_expansion_20260827.json;benchmark/hard50/pre_commit__config_load_core__001/metadata.json;benchmark/selection/hard50_design_cards/pre_commit__config_load_core__001.md,python200_hard_v1
pydantic__field_validator_core__hard3_001,python150,hard50,pydantic,652a61ce4f9d7d76eaada31535807a485ece0e21,validate_normalize_construct,validate_normalize_construct,false,schema_validate,Adapted,labeled,data_model_coupling,data_model_coupling;implicit_dependency_coupling,data_model_invariant;dynamic_import_plugin;implicit_runtime_dependency;static_transitive_dependency,1,3,,v2_full,artifacts/research_analysis/python150_task_taxonomy.csv;reports/lift_taxonomy/LIFT_LABELS.jsonl;benchmark/tasks/pydantic__field_validator_core__hard3_001/metadata.json,python200_hard_v1
pydantic_settings__env_source_core__001,python150,core100,pydantic-settings,2.14.2-installed-snapshot,config_resolve_discover,config_resolve_discover,false,config_merge,Adapted,labeled,config_environment_coupling,config_environment_coupling;data_model_coupling;framework_coupling,config_environment;data_model_invariant;framework_lifecycle;static_transitive_dependency,1,5,,v2_full,artifacts/research_analysis/python150_task_taxonomy.csv;reports/lift_taxonomy/LIFT_LABELS.jsonl;benchmark/tasks/pydantic_settings__env_source_core__001/metadata.json,python200_hard_v1
pydantic_v1__validation_error_core__001,python150,core100,pydantic,5ebcdc13b83fba5da34ad9b0f008f7b4faf89396,validate_normalize_construct,validate_normalize_construct,false,schema_validate,Adapted,labeled,framework_coupling,data_model_coupling;framework_coupling;global_state_registry_coupling;implicit_dependency_coupling,data_model_invariant;dynamic_import_plugin;framework_lifecycle;global_state_registry;implicit_runtime_dependency;static_transitive_dependency,4,7,,v2_full,artifacts/research_analysis/python150_task_taxonomy.csv;reports/lift_taxonomy/LIFT_LABELS.jsonl;benchmark/tasks/pydantic_v1__validation_error_core__001/metadata.json,python200_hard_v1
pygments__formatter_core__001,python150,core100,pygments,2.15.1,serialize_format_render,serialize_format_render,false,parse_codec,Direct,labeled,parser_state_coupling,data_model_coupling;implicit_dependency_coupling;parser_state_coupling,data_model_invariant;dynamic_import_plugin;implicit_runtime_dependency;parser_state;static_transitive_dependency,2,4,,v2_full,artifacts/research_analysis/python150_task_taxonomy.csv;reports/lift_taxonomy/LIFT_LABELS.jsonl;benchmark/tasks/pygments__formatter_core__001/metadata.json,python200_hard_v1
pygments__lexer_core__001,python150,core100,pygments,2.15.1,parse_tokenize_decode,parse_tokenize_decode,false,parse_codec,Direct,labeled,parser_state_coupling,data_model_coupling;implicit_dependency_coupling;parser_state_coupling,data_model_invariant;dynamic_import_plugin;implicit_runtime_dependency;parser_state;static_transitive_dependency,2,4,,v2_full,artifacts/research_analysis/python150_task_taxonomy.csv;reports/lift_taxonomy/LIFT_LABELS.jsonl;benchmark/tasks/pygments__lexer_core__001/metadata.json,python200_hard_v1
pylint__config_find_core__001,hard50,NA,pylint,46d7486dd3d1313165b901d52227037d14951495,config_resolve_discover,config_resolve_discover,false,config_merge,Adapted,planned_ledger,config_environment_coupling,config_environment_coupling;implicit_dependency_coupling,config_environment;implicit_runtime_dependency,4,6,RQ1 discovery chain inside a large linter (copy-all trap).,ledger_seed,benchmark/selection/hard50_expansion_20260827.json;benchmark/hard50/pylint__config_find_core__001/metadata.json;benchmark/selection/hard50_design_cards/pylint__config_find_core__001.md,python200_hard_v1
pyramid__configurator_action_core__hard3_001,python150,hard50,pyramid,5b13e4a61b479be17c1d97ab504154595813a8f8,workflow_session_orchestration,workflow_session_orchestration,false,session_lifecycle,Composite,labeled,framework_coupling,framework_coupling;implicit_dependency_coupling,framework_lifecycle;implicit_runtime_dependency;static_transitive_dependency,1,4,,v2_full,artifacts/research_analysis/python150_task_taxonomy.csv;reports/lift_taxonomy/LIFT_LABELS.jsonl;benchmark/tasks/pyramid__configurator_action_core__hard3_001/metadata.json,python200_hard_v1
pytest__fixture_resolve_core__001,python150,core100,pytest,b55ab2aabb68c0ce94c3903139b062d0c2790152,registry_plugin_dispatch,registry_plugin_dispatch,false,plugin_registry,Composite,labeled,framework_coupling,framework_coupling;global_state_registry_coupling;implicit_dependency_coupling,framework_lifecycle;global_state_registry;implicit_runtime_dependency,2,4,,v2_full,artifacts/research_analysis/python150_task_taxonomy.csv;reports/lift_taxonomy/LIFT_LABELS.jsonl;benchmark/tasks/pytest__fixture_resolve_core__001/metadata.json,python200_hard_v1
pytest__ini_markers_core__001,python150,core100,pytest,b55ab2aabb68c0ce94c3903139b062d0c2790152,config_resolve_discover,config_resolve_discover,false,config_merge,Composite,labeled,config_environment_coupling,config_environment_coupling;global_state_registry_coupling,config_environment;dynamic_import_plugin;global_state_registry;static_transitive_dependency,2,4,,v2_full,artifacts/research_analysis/python150_task_taxonomy.csv;reports/lift_taxonomy/LIFT_LABELS.jsonl;benchmark/tasks/pytest__ini_markers_core__001/metadata.json,python200_hard_v1
pytest__mark_expression_core__001,python150,core100,pytest,b55ab2aabb68c0ce94c3903139b062d0c2790152,parse_tokenize_decode,parse_tokenize_decode,false,parse_codec,Adapted,labeled,parser_state_coupling,framework_coupling;implicit_dependency_coupling;parser_state_coupling,framework_lifecycle;implicit_runtime_dependency;parser_state,2,3,,v2_full,artifacts/research_analysis/python150_task_taxonomy.csv;reports/lift_taxonomy/LIFT_LABELS.jsonl;benchmark/tasks/pytest__mark_expression_core__001/metadata.json,python200_hard_v1
pytest__marker_registry_core__hard3_001,python150,hard50,pytest,83b022078855ea64c5c53bc50bd9299a5a1f1dc0,registry_plugin_dispatch,registry_plugin_dispatch,false,plugin_registry,Composite,labeled,framework_coupling,framework_coupling;global_state_registry_coupling,dynamic_import_plugin;framework_lifecycle;global_state_registry;static_transitive_dependency,1,4,,v2_full,artifacts/research_analysis/python150_task_taxonomy.csv;reports/lift_taxonomy/LIFT_LABELS.jsonl;benchmark/tasks/pytest__marker_registry_core__hard3_001/metadata.json,python200_hard_v1
pytest__skipif_eval_core__001,python150,core100,pytest,b55ab2aabb68c0ce94c3903139b062d0c2790152,cache_retry_policy,cache_retry_policy,false,session_lifecycle,Composite,labeled,framework_coupling,config_environment_coupling;framework_coupling;implicit_dependency_coupling,config_environment;framework_lifecycle;implicit_runtime_dependency,2,4,,v2_full,artifacts/research_analysis/python150_task_taxonomy.csv;reports/lift_taxonomy/LIFT_LABELS.jsonl;benchmark/tasks/pytest__skipif_eval_core__001/metadata.json,python200_hard_v1
python_box__config_box_core__001,python150,core100,python-box,7.4.1-installed-snapshot,config_resolve_discover,config_resolve_discover,false,config_merge,Direct,labeled,data_model_coupling,data_model_coupling;implicit_dependency_coupling,data_model_invariant;implicit_runtime_dependency;static_transitive_dependency,3,7,,v2_full,artifacts/research_analysis/python150_task_taxonomy.csv;reports/lift_taxonomy/LIFT_LABELS.jsonl;benchmark/tasks/python_box__config_box_core__001/metadata.json,python200_hard_v1
python_configuration__layered_config_core__001,hard50,NA,python-configuration,f9da97f5e6a387753052d9f3850d7d41f4a75e10,config_resolve_discover,config_resolve_discover,false,config_merge,Adapted,planned_ledger,config_environment_coupling,config_environment_coupling;data_model_coupling,config_environment;data_model_invariant,4,6,RQ1 layered config distinct from dynaconf/omegaconf already used.,ledger_seed,benchmark/selection/hard50_expansion_20260827.json;benchmark/hard50/python_configuration__layered_config_core__001/metadata.json;benchmark/selection/hard50_design_cards/python_configuration__layered_config_core__001.md,python200_hard_v1
python_dateutil__relativedelta_core__001,python150,core100,python-dateutil,1ae807774053c071acc9e7d3d27778fba0a7773e,algorithm_data_structure,algorithm_data_structure,false,schema_validate,Direct,labeled,data_model_coupling,data_model_coupling;implicit_dependency_coupling,data_model_invariant;implicit_runtime_dependency;static_transitive_dependency,4,10,,v2_full,artifacts/research_analysis/python150_task_taxonomy.csv;reports/lift_taxonomy/LIFT_LABELS.jsonl;benchmark/tasks/python_dateutil__relativedelta_core__001/metadata.json,python200_hard_v1
python_dateutil__rrule_core__001,python150,core100,python-dateutil,1ae807774053c071acc9e7d3d27778fba0a7773e,protocol_state_transition,protocol_state_transition,false,parse_codec,Direct,labeled,parser_state_coupling,global_state_registry_coupling;implicit_dependency_coupling;parser_state_coupling,global_state_registry;implicit_runtime_dependency;parser_state;static_transitive_dependency,4,7,,v2_full,artifacts/research_analysis/python150_task_taxonomy.csv;reports/lift_taxonomy/LIFT_LABELS.jsonl;benchmark/tasks/python_dateutil__rrule_core__001/metadata.json,python200_hard_v1
python_decouple__config_repository_core__001,python150,core100,python-decouple,860969c0bc7ea9f6815447b498cbaf206813865b,config_resolve_discover,config_resolve_discover,false,config_merge,Adapted,labeled,config_environment_coupling,config_environment_coupling;resource_coupling,config_environment;resource_packaging,2,3,,v2_full,artifacts/research_analysis/python150_task_taxonomy.csv;reports/lift_taxonomy/LIFT_LABELS.jsonl;benchmark/tasks/python_decouple__config_repository_core__001/metadata.json,python200_hard_v1
python_dotenv__env_parse_core__001,python150,core100,python-dotenv,751f8c148222e58aa173c83c4e5e6cfccb2cc124,config_resolve_discover,config_resolve_discover,false,config_merge,Direct,labeled,config_environment_coupling,config_environment_coupling;implicit_dependency_coupling;parser_state_coupling,config_environment;dynamic_import_plugin;implicit_runtime_dependency;parser_state;static_transitive_dependency,5,11,,v2_full,artifacts/research_analysis/python150_task_taxonomy.csv;reports/lift_taxonomy/LIFT_LABELS.jsonl;benchmark/tasks/python_dotenv__env_parse_core__001/metadata.json,python200_hard_v1
python_frontmatter__roundtrip_core__001,python150,core100,python-frontmatter,dc7c0af5466b104e0ba01ae3c5b2cd77edc27292,serialize_format_render,serialize_format_render,false,parse_codec,Direct,labeled,parser_state_coupling,config_environment_coupling;parser_state_coupling;third_party_dependency_coupling,config_environment;parser_state;static_transitive_dependency;third_party_contract,3,11,,v2_full,artifacts/research_analysis/python150_task_taxonomy.csv;reports/lift_taxonomy/LIFT_LABELS.jsonl;benchmark/tasks/python_frontmatter__roundtrip_core__001/metadata.json,python200_hard_v1
python_multipart__form_parse_core__001,python150,core100,python-multipart,98080c5de45bc23317577086dd9076ba85bc9ce2,parse_tokenize_decode,parse_tokenize_decode,false,parse_codec,Direct,labeled,parser_state_coupling,implicit_dependency_coupling;parser_state_coupling;resource_coupling,implicit_runtime_dependency;parser_state;resource_packaging;static_transitive_dependency,5,9,,v2_full,artifacts/research_analysis/python150_task_taxonomy.csv;reports/lift_taxonomy/LIFT_LABELS.jsonl;benchmark/tasks/python_multipart__form_parse_core__001/metadata.json,python200_hard_v1
pyyaml__safe_load_dump__001,python150,core100,PyYAML,6.0.1-installed-snapshot,serialize_format_render,serialize_format_render,false,parse_codec,Adapted,labeled,parser_state_coupling,data_model_coupling;implicit_dependency_coupling;parser_state_coupling,data_model_invariant;dynamic_import_plugin;implicit_runtime_dependency;parser_state;static_transitive_dependency,2,5,,v2_full,artifacts/research_analysis/python150_task_taxonomy.csv;reports/lift_taxonomy/LIFT_LABELS.jsonl;benchmark/tasks/pyyaml__safe_load_dump__001/metadata.json,python200_hard_v1
quart__blueprint_dispatch_core__001,hard50,NA,Quart,47dcc0119287c5ef912472a8744b09363d1599d8,registry_plugin_dispatch,registry_plugin_dispatch,false,plugin_registry,Adapted,planned_ledger,framework_coupling,framework_coupling;implicit_dependency_coupling,framework_lifecycle;implicit_runtime_dependency,4,5,Backup Flask-family async dispatch without duplicating Flask 150.,ledger_seed,benchmark/selection/hard50_expansion_20260827.json;benchmark/hard50/quart__blueprint_dispatch_core__001/metadata.json;benchmark/selection/hard50_design_cards/quart__blueprint_dispatch_core__001.md,python200_hard_v1
readme_renderer__content_type_core__hard3_001,python150,hard50,readme_renderer,84183e8826847c809800184038f05d2d91b8d366,serialize_format_render,serialize_format_render,false,parse_codec,Adapted,labeled,data_model_coupling,data_model_coupling;third_party_dependency_coupling,data_model_invariant;static_transitive_dependency;third_party_contract,1,4,,v2_full,artifacts/research_analysis/python150_task_taxonomy.csv;reports/lift_taxonomy/LIFT_LABELS.jsonl;benchmark/tasks/readme_renderer__content_type_core__hard3_001/metadata.json,python200_hard_v1
redbaron__fst_mutate_core__001,hard50,NA,redbaron,9b4a1825d160269815ca7bc90f55fff8a5e76e29,parse_tokenize_decode,parse_tokenize_decode,false,parse_codec,Adapted,planned_ledger,parser_state_coupling,parser_state_coupling;data_model_coupling,parser_state;data_model_invariant,2,4,Backup if asttokens/bytecode too VM-specific.,ledger_seed,benchmark/selection/hard50_expansion_20260827.json;benchmark/hard50/redbaron__fst_mutate_core__001/metadata.json;benchmark/selection/hard50_design_cards/redbaron__fst_mutate_core__001.md,python200_hard_v1
redis__resp_parser_core__001,python150,core100,redis,8.0.1-installed-snapshot,protocol_state_transition,protocol_state_transition,false,parse_codec,Adapted,labeled,parser_state_coupling,implicit_dependency_coupling;parser_state_coupling,implicit_runtime_dependency;parser_state;static_transitive_dependency,2,4,,v2_full,artifacts/research_analysis/python150_task_taxonomy.csv;reports/lift_taxonomy/LIFT_LABELS.jsonl;benchmark/tasks/redis__resp_parser_core__001/metadata.json,python200_hard_v1
referencing__json_schema_refs_core__001,python150,core100,referencing,0.30.2-installed-snapshot,config_resolve_discover,config_resolve_discover,false,config_merge,Adapted,labeled,data_model_coupling,data_model_coupling;parser_state_coupling;third_party_dependency_coupling,data_model_invariant;parser_state;third_party_contract,1,5,,v2_full,artifacts/research_analysis/python150_task_taxonomy.csv;reports/lift_taxonomy/LIFT_LABELS.jsonl;benchmark/tasks/referencing__json_schema_refs_core__001/metadata.json,python200_hard_v1
requests_cache__cache_key_core__hard3_001,python150,hard50,requests_cache,df44b695a31401c617fa4725d189578c1d603ae1,cache_retry_policy,cache_retry_policy,false,session_lifecycle,Composite,labeled,third_party_dependency_coupling,data_model_coupling;implicit_dependency_coupling;third_party_dependency_coupling,data_model_invariant;implicit_runtime_dependency;static_transitive_dependency;third_party_contract,3,6,,v2_full,artifacts/research_analysis/python150_task_taxonomy.csv;reports/lift_taxonomy/LIFT_LABELS.jsonl;benchmark/tasks/requests_cache__cache_key_core__hard3_001/metadata.json,python200_hard_v1
responses__request_matcher_core__hard3_001,python150,hard50,responses,983a4975c969432d468c35085b613a3bec0edc46,registry_plugin_dispatch,registry_plugin_dispatch,false,plugin_registry,Composite,labeled,third_party_dependency_coupling,data_model_coupling;third_party_dependency_coupling,data_model_invariant;static_transitive_dependency;third_party_contract,1,3,,v2_full,artifacts/research_analysis/python150_task_taxonomy.csv;reports/lift_taxonomy/LIFT_LABELS.jsonl;benchmark/tasks/responses__request_matcher_core__hard3_001/metadata.json,python200_hard_v1
returns__result_pipeline_core__hard3_001,python150,hard50,returns,b158f518a6a32b7d4648e88c9819626ca6082354,workflow_session_orchestration,workflow_session_orchestration,false,session_lifecycle,Adapted,labeled,data_model_coupling,data_model_coupling;implicit_dependency_coupling,data_model_invariant;implicit_runtime_dependency,1,3,,v2_full,artifacts/research_analysis/python150_task_taxonomy.csv;reports/lift_taxonomy/LIFT_LABELS.jsonl;benchmark/tasks/returns__result_pipeline_core__hard3_001/metadata.json,python200_hard_v1
rfc3986__uri_parse_core__001,python150,core100,rfc3986,2.0.0-installed-snapshot,parse_tokenize_decode,parse_tokenize_decode,false,parse_codec,Adapted,labeled,parser_state_coupling,data_model_coupling;parser_state_coupling,data_model_invariant;parser_state;static_transitive_dependency,3,7,,v2_full,artifacts/research_analysis/python150_task_taxonomy.csv;reports/lift_taxonomy/LIFT_LABELS.jsonl;benchmark/tasks/rfc3986__uri_parse_core__001/metadata.json,python200_hard_v1
rich__markup_parse_core__001,python150,core100,rich,13.7.1-installed-snapshot,parse_tokenize_decode,parse_tokenize_decode,false,parse_codec,Adapted,labeled,parser_state_coupling,data_model_coupling;implicit_dependency_coupling;parser_state_coupling,data_model_invariant;dynamic_import_plugin;implicit_runtime_dependency;parser_state;static_transitive_dependency,1,4,,v2_full,artifacts/research_analysis/python150_task_taxonomy.csv;reports/lift_taxonomy/LIFT_LABELS.jsonl;benchmark/tasks/rich__markup_parse_core__001/metadata.json,python200_hard_v1
rocketry__cond_schedule_core__001,hard50,NA,rocketry,8da223c743003166f5567a017b4ba3dfb34454ef,workflow_session_orchestration,workflow_session_orchestration,false,session_lifecycle,Direct,planned_ledger,data_model_coupling,data_model_coupling;config_environment_coupling,data_model_invariant;config_environment,2,4,RQ5 Direct scheduler DSL inside a larger session object.,ledger_seed,benchmark/selection/hard50_expansion_20260827.json;benchmark/hard50/rocketry__cond_schedule_core__001/metadata.json;benchmark/selection/hard50_design_cards/rocketry__cond_schedule_core__001.md,python200_hard_v1
routes__mapper_match_core__001,hard50,NA,Routes,7e82bd895a120cbf73f271c32ac289d51124303f,registry_plugin_dispatch,registry_plugin_dispatch,false,plugin_registry,Adapted,planned_ledger,framework_coupling,framework_coupling;data_model_coupling,framework_lifecycle;data_model_invariant,4,5,Backup routing table if falcon blocked.,ledger_seed,benchmark/selection/hard50_expansion_20260827.json;benchmark/hard50/routes__mapper_match_core__001/metadata.json;benchmark/selection/hard50_design_cards/routes__mapper_match_core__001.md,python200_hard_v1
ruamel_yaml__roundtrip_core__001,python150,core100,ruamel.yaml,0.18.6-installed-snapshot,serialize_format_render,serialize_format_render,false,parse_codec,Adapted,labeled,parser_state_coupling,data_model_coupling;parser_state_coupling,data_model_invariant;dynamic_import_plugin;parser_state;static_transitive_dependency,2,6,,v2_full,artifacts/research_analysis/python150_task_taxonomy.csv;reports/lift_taxonomy/LIFT_LABELS.jsonl;benchmark/tasks/ruamel_yaml__roundtrip_core__001/metadata.json,python200_hard_v1
schema__nested_validate_core__hard3_001,python150,hard50,schema,310a1239b62f500284ce3bd91b7dabf70467f23e,validate_normalize_construct,validate_normalize_construct,false,schema_validate,Adapted,labeled,data_model_coupling,data_model_coupling;parser_state_coupling,data_model_invariant;parser_state,1,4,,v2_full,artifacts/research_analysis/python150_task_taxonomy.csv;reports/lift_taxonomy/LIFT_LABELS.jsonl;benchmark/tasks/schema__nested_validate_core__hard3_001/metadata.json,python200_hard_v1
scrapy__item_loader_core__hard3_001,python150,hard50,scrapy,dd10cb8e9a982fe3d311078d6e1207596e272717,registry_plugin_dispatch,registry_plugin_dispatch,false,plugin_registry,Adapted,labeled,framework_coupling,data_model_coupling;framework_coupling,data_model_invariant;dynamic_import_plugin;framework_lifecycle;static_transitive_dependency,1,3,,v2_full,artifacts/research_analysis/python150_task_taxonomy.csv;reports/lift_taxonomy/LIFT_LABELS.jsonl;benchmark/tasks/scrapy__item_loader_core__hard3_001/metadata.json,python200_hard_v1
setuptools_scm__version_normalize_core__hard3_001,python150,hard50,setuptools_scm,5b91e2faf0079157a52c0914c21beb6622e9f7a7,resource_metadata_loading,resource_metadata_loading,false,resource_or_copytrap,Adapted,labeled,data_model_coupling,data_model_coupling;implicit_dependency_coupling,data_model_invariant;implicit_runtime_dependency,1,4,,v2_full,artifacts/research_analysis/python150_task_taxonomy.csv;reports/lift_taxonomy/LIFT_LABELS.jsonl;benchmark/tasks/setuptools_scm__version_normalize_core__hard3_001/metadata.json,python200_hard_v1
sortedcontainers__sorted_list_core__001,python150,core100,sortedcontainers,a1f52d6713dd2c2713a881d4f4d86ed68ff71cab,algorithm_data_structure,algorithm_data_structure,false,schema_validate,Direct,labeled,data_model_coupling,data_model_coupling;implicit_dependency_coupling,data_model_invariant;implicit_runtime_dependency,3,8,,v2_full,artifacts/research_analysis/python150_task_taxonomy.csv;reports/lift_taxonomy/LIFT_LABELS.jsonl;benchmark/tasks/sortedcontainers__sorted_list_core__001/metadata.json,python200_hard_v1
sphinx__extension_registry_core__hard3_001,python150,hard50,sphinx,c1b618c559e6de70e5198ed6876f5b9fab88face,registry_plugin_dispatch,registry_plugin_dispatch,false,plugin_registry,Composite,labeled,framework_coupling,framework_coupling;implicit_dependency_coupling,dynamic_import_plugin;framework_lifecycle;implicit_runtime_dependency;static_transitive_dependency,1,3,,v2_full,artifacts/research_analysis/python150_task_taxonomy.csv;reports/lift_taxonomy/LIFT_LABELS.jsonl;benchmark/tasks/sphinx__extension_registry_core__hard3_001/metadata.json,python200_hard_v1
spiffworkflow__bpmn_engine_core__001,hard50,NA,SpiffWorkflow,d4d6915ca2aeb4cececacfce779dacc82ad06e30,workflow_session_orchestration,workflow_session_orchestration,false,session_lifecycle,Composite,planned_ledger,parser_state_coupling,data_model_coupling;parser_state_coupling,data_model_invariant;parser_state,2,4,"RQ4 real process-engine extraction, not a toy state enum.",ledger_seed,benchmark/selection/hard50_expansion_20260827.json;benchmark/hard50/spiffworkflow__bpmn_engine_core__001/metadata.json;benchmark/selection/hard50_design_cards/spiffworkflow__bpmn_engine_core__001.md,python200_hard_v1
sqlalchemy__event_dispatch_core__hard3_001,python150,hard50,sqlalchemy,d59159ca08cdf661f97d19d2966071a1b1d3df80,registry_plugin_dispatch,registry_plugin_dispatch,false,plugin_registry,Adapted,labeled,framework_coupling,framework_coupling;global_state_registry_coupling,framework_lifecycle;global_state_registry;static_transitive_dependency,1,3,,v2_full,artifacts/research_analysis/python150_task_taxonomy.csv;reports/lift_taxonomy/LIFT_LABELS.jsonl;benchmark/tasks/sqlalchemy__event_dispatch_core__hard3_001/metadata.json,python200_hard_v1
sqlparse__format_filters_core__001,python150,core100,sqlparse,f80af6a4007f11ada847218df8c29dc859238290,serialize_format_render,serialize_format_render,false,parse_codec,Direct,labeled,parser_state_coupling,data_model_coupling;implicit_dependency_coupling;parser_state_coupling,data_model_invariant;implicit_runtime_dependency;parser_state;static_transitive_dependency,1,3,,v2_full,artifacts/research_analysis/python150_task_taxonomy.csv;reports/lift_taxonomy/LIFT_LABELS.jsonl;benchmark/tasks/sqlparse__format_filters_core__001/metadata.json,python200_hard_v1
sqlparse__parse_format_core__001,python150,core100,sqlparse,f80af6a4007f11ada847218df8c29dc859238290,parse_tokenize_decode,parse_tokenize_decode,false,parse_codec,Adapted,labeled,parser_state_coupling,data_model_coupling;implicit_dependency_coupling;parser_state_coupling,data_model_invariant;implicit_runtime_dependency;parser_state;static_transitive_dependency,3,6,,v2_full,artifacts/research_analysis/python150_task_taxonomy.csv;reports/lift_taxonomy/LIFT_LABELS.jsonl;benchmark/tasks/sqlparse__parse_format_core__001/metadata.json,python200_hard_v1
sqlparse__parse_split_core__001,python150,core100,sqlparse,f80af6a4007f11ada847218df8c29dc859238290,parse_tokenize_decode,parse_tokenize_decode,false,parse_codec,Adapted,labeled,parser_state_coupling,data_model_coupling;implicit_dependency_coupling;parser_state_coupling,data_model_invariant;implicit_runtime_dependency;parser_state;static_transitive_dependency,2,3,,v2_full,artifacts/research_analysis/python150_task_taxonomy.csv;reports/lift_taxonomy/LIFT_LABELS.jsonl;benchmark/tasks/sqlparse__parse_split_core__001/metadata.json,python200_hard_v1
sqlparse__token_tree_core__001,python150,core100,sqlparse,f80af6a4007f11ada847218df8c29dc859238290,parse_tokenize_decode,parse_tokenize_decode,false,parse_codec,Adapted,labeled,parser_state_coupling,data_model_coupling;implicit_dependency_coupling;parser_state_coupling,data_model_invariant;implicit_runtime_dependency;parser_state;static_transitive_dependency,2,3,,v2_full,artifacts/research_analysis/python150_task_taxonomy.csv;reports/lift_taxonomy/LIFT_LABELS.jsonl;benchmark/tasks/sqlparse__token_tree_core__001/metadata.json,python200_hard_v1
starlette__route_matching_core__hard3_001,python150,hard50,starlette,5174d4c8358a6f06aa8056bafd14c2272dab8dd1,registry_plugin_dispatch,registry_plugin_dispatch,false,plugin_registry,Adapted,labeled,framework_coupling,data_model_coupling;framework_coupling,data_model_invariant;framework_lifecycle;static_transitive_dependency,1,3,,v2_full,artifacts/research_analysis/python150_task_taxonomy.csv;reports/lift_taxonomy/LIFT_LABELS.jsonl;benchmark/tasks/starlette__route_matching_core__hard3_001/metadata.json,python200_hard_v1
stdnum__isbn_validate_core__001,hard50,NA,python-stdnum,006192e59be8ed6e08fd680256868a6c31eb2ba9,validate_normalize_construct,validate_normalize_construct,false,schema_validate,Adapted,planned_ledger,data_model_coupling,data_model_coupling;resource_coupling,data_model_invariant;resource_packaging,2,6,RQ2: ISBN slice vs hundreds of unused country modules.,ledger_seed,benchmark/selection/hard50_expansion_20260827.json;benchmark/hard50/stdnum__isbn_validate_core__001/metadata.json;benchmark/selection/hard50_design_cards/stdnum__isbn_validate_core__001.md,python200_hard_v1
stevedore__extension_manager_core__hard3_001,python150,hard50,stevedore,8550c66a2e774f97e2f8459265ed3ea8017603f1,registry_plugin_dispatch,registry_plugin_dispatch,false,plugin_registry,Composite,labeled,framework_coupling,framework_coupling;implicit_dependency_coupling;third_party_dependency_coupling,dynamic_import_plugin;framework_lifecycle;implicit_runtime_dependency;static_transitive_dependency;third_party_contract,3,6,,v2_full,artifacts/research_analysis/python150_task_taxonomy.csv;reports/lift_taxonomy/LIFT_LABELS.jsonl;benchmark/tasks/stevedore__extension_manager_core__hard3_001/metadata.json,python200_hard_v1
tabulate__table_format_core__001,python150,core100,tabulate,268615a5c27dc40e5c22454c07b44d5c50410da0,serialize_format_render,serialize_format_render,false,parse_codec,Direct,labeled,data_model_coupling,data_model_coupling;implicit_dependency_coupling;resource_coupling,data_model_invariant;implicit_runtime_dependency;resource_packaging,4,10,,v2_full,artifacts/research_analysis/python150_task_taxonomy.csv;reports/lift_taxonomy/LIFT_LABELS.jsonl;benchmark/tasks/tabulate__table_format_core__001/metadata.json,python200_hard_v1
taskiq__broker_task_core__001,hard50,NA,taskiq,ced1909574128687c6dd0d09976c6eb0131ab085,workflow_session_orchestration,workflow_session_orchestration,false,session_lifecycle,Composite,planned_ledger,framework_coupling,implicit_dependency_coupling;framework_coupling,implicit_runtime_dependency;framework_lifecycle,2,4,Backup for dramatiq slot.,ledger_seed,benchmark/selection/hard50_expansion_20260827.json;benchmark/hard50/taskiq__broker_task_core__001/metadata.json;benchmark/selection/hard50_design_cards/taskiq__broker_task_core__001.md,python200_hard_v1
tenacity__retry_state_core__hard3_001,python150,hard50,tenacity,b2cd0274c67610d615019ab4745f521504a0576d,cache_retry_policy,cache_retry_policy,false,session_lifecycle,Adapted,labeled,data_model_coupling,data_model_coupling;implicit_dependency_coupling;parser_state_coupling,data_model_invariant;implicit_runtime_dependency;parser_state;static_transitive_dependency,3,6,,v2_full,artifacts/research_analysis/python150_task_taxonomy.csv;reports/lift_taxonomy/LIFT_LABELS.jsonl;benchmark/tasks/tenacity__retry_state_core__hard3_001/metadata.json,python200_hard_v1
tomlkit__roundtrip_document__001,python150,core100,tomlkit,9ac3f98214dbfbca0157b6c370c7986f497c34e4,serialize_format_render,serialize_format_render,false,parse_codec,Direct,labeled,data_model_coupling,data_model_coupling;implicit_dependency_coupling;parser_state_coupling,data_model_invariant;implicit_runtime_dependency;parser_state;static_transitive_dependency,4,5,,v2_full,artifacts/research_analysis/python150_task_taxonomy.csv;reports/lift_taxonomy/LIFT_LABELS.jsonl;benchmark/tasks/tomlkit__roundtrip_document__001/metadata.json,python200_hard_v1
tornado__http_headers_core__001,hard50,NA,Tornado,0096f2897c98facdcd9716009ee934a7381af5ef,parse_tokenize_decode,parse_tokenize_decode,false,parse_codec,Adapted,planned_ledger,parser_state_coupling,parser_state_coupling;data_model_coupling,parser_state;data_model_invariant,2,6,RQ2: HTTPHeaders slice inside IOLoop/web; unlike fat docutils oracle.,ledger_seed,benchmark/selection/hard50_expansion_20260827.json;benchmark/hard50/tornado__http_headers_core__001/metadata.json;benchmark/selection/hard50_design_cards/tornado__http_headers_core__001.md,python200_hard_v1
tox__factor_expression_core__hard3_001,python150,hard50,tox,5458a28f15a36c0d7ad2e7166cce4dac0a9cd7cf,parse_tokenize_decode,parse_tokenize_decode,false,parse_codec,Adapted,labeled,parser_state_coupling,implicit_dependency_coupling;parser_state_coupling,dynamic_import_plugin;implicit_runtime_dependency;parser_state,1,2,,v2_full,artifacts/research_analysis/python150_task_taxonomy.csv;reports/lift_taxonomy/LIFT_LABELS.jsonl;benchmark/tasks/tox__factor_expression_core__hard3_001/metadata.json,python200_hard_v1
trafaret__validation_rules_core__hard3_001,python150,hard50,trafaret,4ac577155c93e5a3b024645abd64b1442fd4d550,validate_normalize_construct,validate_normalize_construct,false,schema_validate,Adapted,labeled,data_model_coupling,data_model_coupling;implicit_dependency_coupling,data_model_invariant;implicit_runtime_dependency;static_transitive_dependency,1,4,,v2_full,artifacts/research_analysis/python150_task_taxonomy.csv;reports/lift_taxonomy/LIFT_LABELS.jsonl;benchmark/tasks/trafaret__validation_rules_core__hard3_001/metadata.json,python200_hard_v1
transitions__state_machine_core__hard3_001,python150,hard50,transitions,bd42b38f3627e6bca7274fb4d9af2e105f75da7c,protocol_state_transition,protocol_state_transition,false,parse_codec,Adapted,labeled,data_model_coupling,data_model_coupling;implicit_dependency_coupling,data_model_invariant;dynamic_import_plugin;implicit_runtime_dependency;static_transitive_dependency,1,4,,v2_full,artifacts/research_analysis/python150_task_taxonomy.csv;reports/lift_taxonomy/LIFT_LABELS.jsonl;benchmark/tasks/transitions__state_machine_core__hard3_001/metadata.json,python200_hard_v1
typedload__type_load_core__001,hard50,NA,typedload,0806c8192a9cef94a7ece26f9f7b79e634281674,validate_normalize_construct,validate_normalize_construct,false,schema_validate,Direct,planned_ledger,data_model_coupling,data_model_coupling;parser_state_coupling,data_model_invariant;parser_state,3,4,RQ1 Direct constructor from types; still needs union/error Hidden.,ledger_seed,benchmark/selection/hard50_expansion_20260827.json;benchmark/hard50/typedload__type_load_core__001/metadata.json;benchmark/selection/hard50_design_cards/typedload__type_load_core__001.md,python200_hard_v1
typer__command_parser_core__001,python150,core100,typer,0.20.0-installed-snapshot,workflow_session_orchestration,workflow_session_orchestration,false,session_lifecycle,Direct,labeled,framework_coupling,framework_coupling;implicit_dependency_coupling;third_party_dependency_coupling,framework_lifecycle;implicit_runtime_dependency;static_transitive_dependency;third_party_contract,1,3,,v2_full,artifacts/research_analysis/python150_task_taxonomy.csv;reports/lift_taxonomy/LIFT_LABELS.jsonl;benchmark/tasks/typer__command_parser_core__001/metadata.json,python200_hard_v1
urllib3__retry_backoff_core__001,python150,core100,urllib3,2f68c5363ef632d73dd4d9300289d7ce5ff275b4,cache_retry_policy,cache_retry_policy,false,session_lifecycle,Direct,labeled,config_environment_coupling,config_environment_coupling;data_model_coupling;implicit_dependency_coupling,config_environment;data_model_invariant;implicit_runtime_dependency;static_transitive_dependency,4,10,,v2_full,artifacts/research_analysis/python150_task_taxonomy.csv;reports/lift_taxonomy/LIFT_LABELS.jsonl;benchmark/tasks/urllib3__retry_backoff_core__001/metadata.json,python200_hard_v1
virtualenv__interpreter_spec_core__hard3_001,python150,hard50,virtualenv,57c8dc69a9080c3cd5741355aa756ce5a3b8ab15,parse_tokenize_decode,parse_tokenize_decode,false,parse_codec,Adapted,labeled,resource_coupling,config_environment_coupling;resource_coupling,config_environment;resource_packaging;static_transitive_dependency,1,4,,v2_full,artifacts/research_analysis/python150_task_taxonomy.csv;reports/lift_taxonomy/LIFT_LABELS.jsonl;benchmark/tasks/virtualenv__interpreter_spec_core__hard3_001/metadata.json,python200_hard_v1
voluptuous__schema_validate_core__001,python150,core100,voluptuous,87825d6dbdab8830fcc6d559ecb3b88bdf68af6d,validate_normalize_construct,validate_normalize_construct,false,schema_validate,Direct,labeled,data_model_coupling,data_model_coupling;framework_coupling;implicit_dependency_coupling,data_model_invariant;framework_lifecycle;implicit_runtime_dependency;static_transitive_dependency,3,5,,v2_full,artifacts/research_analysis/python150_task_taxonomy.csv;reports/lift_taxonomy/LIFT_LABELS.jsonl;benchmark/tasks/voluptuous__schema_validate_core__001/metadata.json,python200_hard_v1
webob__request_response_core__001,hard50,NA,WebOb,c0d70f985ff6f04dcc59822ca5216cfd0ada666c,direct_tooling_copytrap,protocol_state_transition,true,resource_or_copytrap,Direct,planned_ledger,framework_coupling,framework_coupling;data_model_coupling,framework_lifecycle;data_model_invariant,4,6,Backup WSGI request object with Pyramid decoy nearby in ecosystem.,ledger_seed,benchmark/selection/hard50_expansion_20260827.json;benchmark/hard50/webob__request_response_core__001/metadata.json;benchmark/selection/hard50_design_cards/webob__request_response_core__001.md,python200_hard_v1
websockets__handshake_parse_core__001,python150,core100,websockets,d4303a5d3e373fc8c34177c3dec1a9c75c8865fa,protocol_state_transition,protocol_state_transition,false,parse_codec,Adapted,labeled,parser_state_coupling,data_model_coupling;implicit_dependency_coupling;parser_state_coupling,data_model_invariant;implicit_runtime_dependency;parser_state;static_transitive_dependency,4,19,,v2_full,artifacts/research_analysis/python150_task_taxonomy.csv;reports/lift_taxonomy/LIFT_LABELS.jsonl;benchmark/tasks/websockets__handshake_parse_core__001/metadata.json,python200_hard_v1
werkzeug__routing_core__001,python150,core100,werkzeug,3.0.3-installed-snapshot,registry_plugin_dispatch,registry_plugin_dispatch,false,plugin_registry,Adapted,labeled,framework_coupling,data_model_coupling;framework_coupling;implicit_dependency_coupling,data_model_invariant;dynamic_import_plugin;framework_lifecycle;implicit_runtime_dependency;static_transitive_dependency,1,3,,v2_full,artifacts/research_analysis/python150_task_taxonomy.csv;reports/lift_taxonomy/LIFT_LABELS.jsonl;benchmark/tasks/werkzeug__routing_core__001/metadata.json,python200_hard_v1
wheel__metadata_normalize_core__hard3_001,python150,hard50,wheel,197012dcb8a9da10570d6486bc1a70305861e7f2,resource_metadata_loading,resource_metadata_loading,false,resource_or_copytrap,Adapted,labeled,data_model_coupling,data_model_coupling;parser_state_coupling,data_model_invariant;parser_state;static_transitive_dependency,1,3,,v2_full,artifacts/research_analysis/python150_task_taxonomy.csv;reports/lift_taxonomy/LIFT_LABELS.jsonl;benchmark/tasks/wheel__metadata_normalize_core__hard3_001/metadata.json,python200_hard_v1
wsproto__frame_parse_core__001,python150,core100,wsproto,1.3.2-installed-snapshot,protocol_state_transition,protocol_state_transition,false,parse_codec,Adapted,labeled,parser_state_coupling,data_model_coupling;parser_state_coupling;resource_coupling,data_model_invariant;parser_state;resource_packaging,2,8,,v2_full,artifacts/research_analysis/python150_task_taxonomy.csv;reports/lift_taxonomy/LIFT_LABELS.jsonl;benchmark/tasks/wsproto__frame_parse_core__001/metadata.json,python200_hard_v1
xmltodict__xml_parse_core__001,python150,core100,xmltodict,966b903e4441f27816cd39ecf3305727b294a9c5,serialize_format_render,serialize_format_render,false,parse_codec,Direct,labeled,parser_state_coupling,implicit_dependency_coupling;parser_state_coupling;resource_coupling,implicit_runtime_dependency;parser_state;resource_packaging,5,7,,v2_full,artifacts/research_analysis/python150_task_taxonomy.csv;reports/lift_taxonomy/LIFT_LABELS.jsonl;benchmark/tasks/xmltodict__xml_parse_core__001/metadata.json,python200_hard_v1
yamale__schema_validate_core__hard3_001,python150,hard50,yamale,c203d14bface6f35693874a8e4ee39079bcb9094,validate_normalize_construct,validate_normalize_construct,false,schema_validate,Adapted,labeled,data_model_coupling,data_model_coupling;implicit_dependency_coupling,data_model_invariant;implicit_runtime_dependency;static_transitive_dependency,1,4,,v2_full,artifacts/research_analysis/python150_task_taxonomy.csv;reports/lift_taxonomy/LIFT_LABELS.jsonl;benchmark/tasks/yamale__schema_validate_core__hard3_001/metadata.json,python200_hard_v1
yarl__url_model_core__001,python150,core100,yarl,b0d27e478c543c28045296311a821f924729150f,parse_tokenize_decode,parse_tokenize_decode,false,parse_codec,Adapted,labeled,parser_state_coupling,data_model_coupling;implicit_dependency_coupling;parser_state_coupling;third_party_dependency_coupling,data_model_invariant;implicit_runtime_dependency;parser_state;static_transitive_dependency;third_party_contract,4,12,,v2_full,artifacts/research_analysis/python150_task_taxonomy.csv;reports/lift_taxonomy/LIFT_LABELS.jsonl;benchmark/tasks/yarl__url_model_core__001/metadata.json,python200_hard_v1
zope_component__site_lookup_core__001,hard50,NA,zope.component,bb12836f35b40f427fc313a0bc033816c30d890d,registry_plugin_dispatch,registry_plugin_dispatch,false,plugin_registry,Composite,planned_ledger,framework_coupling,framework_coupling;third_party_dependency_coupling,framework_lifecycle;third_party_contract,4,5,RQ4: site-manager closure on top of zope.interface.,ledger_seed,benchmark/selection/hard50_expansion_20260827.json;benchmark/hard50/zope_component__site_lookup_core__001/metadata.json;benchmark/selection/hard50_design_cards/zope_component__site_lookup_core__001.md,python200_hard_v1
zope_interface__adapter_registry_core__001,hard50,NA,zope.interface,2bd6aec44be61493d3bc5c8b1e73624287e63d9e,registry_plugin_dispatch,registry_plugin_dispatch,false,plugin_registry,Composite,planned_ledger,framework_coupling,implicit_dependency_coupling;framework_coupling,implicit_runtime_dependency;framework_lifecycle,3,6,RQ1/RQ4: implicit registry closure. Removing it leaves no ZCA-style dispatch evidence.,ledger_seed,benchmark/selection/hard50_expansion_20260827.json;benchmark/hard50/zope_interface__adapter_registry_core__001/metadata.json;benchmark/selection/hard50_design_cards/zope_interface__adapter_registry_core__001.md,python200_hard_v1
