task_id,split,source_repo,source_commit,source_group_id,repo_archetype_primary,repo_archetype_secondary,repo_provenance,repo_domain_primary,repo_domain_secondary,feature_family_primary,feature_family_secondary,feature_statefulness,entanglement_primary_original,entanglement_types_original,normalized_entanglement_types,behavioral_risk_tags,codebase_condition_tags,reference_file_count,reference_symbol_count,reference_loc,source_entrypoint_count,direct_internal_dependency_count,transitive_internal_dependency_count,external_dependency_count,static_file_closure_depth,resource_file_count,has_dynamic_import,has_global_state,has_registry,has_framework_lifecycle,adapter_required,public_test_count,hidden_test_count,classification_evidence,classification_confidence,review_status,taxonomy_version
aiohttp__url_params_core__hard3_001,hard50,aiohttp,649887ca860437e610fc4af5c8363a9be6f19681,aiohttp,library,,real_oss_mature,networking,,validate_normalize_construct,,stateless,data_model_coupling,data_model_coupling;third_party_dependency_coupling,data_model_invariant;third_party_contract,exception_semantics;ordering_semantics,,1,3,947,1,0,0,5,0,0,false,false,false,false,NA,1,3,benchmark/tasks/aiohttp__url_params_core__hard3_001/metadata.json;benchmark/tasks/aiohttp__url_params_core__hard3_001/evaluation/oracle_manifest.json;benchmark/tasks/aiohttp__url_params_core__hard3_001/public_tests/test_public_contract.py;benchmark/tasks/aiohttp__url_params_core__hard3_001/hidden_tests/test_hidden_contract.py;benchmark/tasks/aiohttp__url_params_core__hard3_001/repo/aiohttp/helpers.py,medium,ai_assisted_reviewed_v1,v1
alembic__revision_map_core__hard3_001,hard50,alembic,c88fa5afaf2b9783a58a918f3fc73abc44daa0a9,alembic,developer_tooling,,real_oss_mature,application,,algorithm_data_structure,,local_state,data_model_coupling,data_model_coupling;implicit_dependency_coupling;parser_state_coupling,data_model_invariant;implicit_runtime_dependency;parser_state;static_transitive_dependency,boundary_cases;exception_semantics;ordering_semantics,weak_module_boundaries,6,5,2773,5,0,0,2,0,2,false,false,false,false,NA,3,6,benchmark/tasks/alembic__revision_map_core__hard3_001/metadata.json;benchmark/tasks/alembic__revision_map_core__hard3_001/evaluation/oracle_manifest.json;benchmark/tasks/alembic__revision_map_core__hard3_001/public_tests/test_public_contract.py;benchmark/tasks/alembic__revision_map_core__hard3_001/hidden_tests/test_hidden_contract.py;benchmark/tasks/alembic__revision_map_core__hard3_001/repo/alembic/script/revision.py,medium,ai_assisted_reviewed_v1,v1
apscheduler__cron_trigger_core__hard3_001,hard50,apscheduler,4de063392ff59f4df6ec0f4e3e2020539d79fdc9,apscheduler,library,,real_oss_mature,general_utility,,protocol_state_transition,,session_state,parser_state_coupling,implicit_dependency_coupling;parser_state_coupling,implicit_runtime_dependency;parser_state,boundary_cases,,1,1,263,1,0,0,4,0,0,false,false,false,true,NA,1,2,benchmark/tasks/apscheduler__cron_trigger_core__hard3_001/metadata.json;benchmark/tasks/apscheduler__cron_trigger_core__hard3_001/evaluation/oracle_manifest.json;benchmark/tasks/apscheduler__cron_trigger_core__hard3_001/public_tests/test_public_contract.py;benchmark/tasks/apscheduler__cron_trigger_core__hard3_001/hidden_tests/test_hidden_contract.py;benchmark/tasks/apscheduler__cron_trigger_core__hard3_001/repo/src/apscheduler/triggers/cron/__init__.py,high,reviewed_v1,v1
arrow__parse_format_core__001,core100,arrow,1.2.3-installed-snapshot,arrow,library,,real_oss_mature,parsing,,parse_tokenize_decode,serialize_format_render,local_state,parser_state_coupling,data_model_coupling;implicit_dependency_coupling;parser_state_coupling,data_model_invariant;implicit_runtime_dependency;parser_state;static_transitive_dependency,boundary_cases,weak_module_boundaries,8,NA,8545,4,8,0,2,1,0,false,false,true,false,NA,3,6,benchmark/tasks/arrow__parse_format_core__001/metadata.json;benchmark/tasks/arrow__parse_format_core__001/evaluation/oracle_manifest.json;benchmark/tasks/arrow__parse_format_core__001/public_tests/test_public_api.py;benchmark/tasks/arrow__parse_format_core__001/hidden_tests/test_hidden_behavior.py;benchmark/tasks/arrow__parse_format_core__001/repo/arrow/__init__.py;benchmark/tasks/arrow__parse_format_core__001/repo/arrow/api.py;benchmark/tasks/arrow__parse_format_core__001/repo/arrow/parser.py,high,reviewed_v1,v1
astroid__nodes_core__001,core100,astroid,2.14.2-installed-snapshot,astroid,developer_tooling,,real_oss_mature,parsing,,parse_tokenize_decode,algorithm_data_structure,lifecycle_state,data_model_coupling,data_model_coupling;framework_coupling;parser_state_coupling,data_model_invariant;dynamic_import_plugin;framework_lifecycle;parser_state;static_transitive_dependency,boundary_cases,,44,NA,18872,3,17,26,5,3,0,true,true,true,true,NA,1,3,benchmark/tasks/astroid__nodes_core__001/metadata.json;benchmark/tasks/astroid__nodes_core__001/evaluation/oracle_manifest.json;benchmark/tasks/astroid__nodes_core__001/public_tests/test_public_api.py;benchmark/tasks/astroid__nodes_core__001/hidden_tests/test_hidden_behavior.py;benchmark/tasks/astroid__nodes_core__001/repo/astroid/__init__.py;benchmark/tasks/astroid__nodes_core__001/repo/astroid/_cache.py;benchmark/tasks/astroid__nodes_core__001/repo/astroid/brain/helpers.py,high,reviewed_v1,v1
attrs__validators_core__001,core100,attrs,23.1.0,attrs,library,,real_oss_mature,data_modeling,,validate_normalize_construct,,lifecycle_state,data_model_coupling,data_model_coupling;framework_coupling;implicit_dependency_coupling,data_model_invariant;framework_lifecycle;implicit_runtime_dependency;static_transitive_dependency,boundary_cases;exception_semantics;mutation_side_effects,,NA,NA,NA,5,8,4,2,2,NA,false,true,true,true,NA,2,4,benchmark/tasks/attrs__validators_core__001/metadata.json;benchmark/tasks/attrs__validators_core__001/evaluation/oracle_manifest.json;benchmark/tasks/attrs__validators_core__001/public_tests/test_validators_public.py;benchmark/tasks/attrs__validators_core__001/hidden_tests/test_validators_hidden.py;benchmark/tasks/attrs__validators_core__001/repo/attr/_config.py;benchmark/tasks/attrs__validators_core__001/repo/attr/_make.py;benchmark/tasks/attrs__validators_core__001/repo/attr/_next_gen.py,high,reviewed_v1,v1
babel__plural_core__001,core100,babel,2.11.0-installed-snapshot,babel,library,,real_oss_mature,general_utility,,cache_retry_policy,,stateless,third_party_dependency_coupling,data_model_coupling;resource_coupling;third_party_dependency_coupling,data_model_invariant;resource_packaging;static_transitive_dependency;third_party_contract,boundary_cases;exception_semantics,,11,NA,1654,4,4,0,0,1,7,false,true,true,false,NA,1,3,benchmark/tasks/babel__plural_core__001/metadata.json;benchmark/tasks/babel__plural_core__001/evaluation/oracle_manifest.json;benchmark/tasks/babel__plural_core__001/public_tests/test_public_api.py;benchmark/tasks/babel__plural_core__001/hidden_tests/test_hidden_behavior.py;benchmark/tasks/babel__plural_core__001/repo/babel/core.py;benchmark/tasks/babel__plural_core__001/repo/babel/localedata.py;benchmark/tasks/babel__plural_core__001/repo/babel/plural.py,high,reviewed_v1,v1
bidict__bidirectional_map_core__001,core100,bidict,393bcfdc8edb861514d23aae55839272b5bd52f8,bidict,library,,real_oss_mature,general_utility,,algorithm_data_structure,,local_state,data_model_coupling,data_model_coupling;implicit_dependency_coupling,data_model_invariant;implicit_runtime_dependency;static_transitive_dependency,boundary_cases;exception_semantics;ordering_semantics,weak_module_boundaries,11,NA,1308,6,6,0,1,1,0,false,false,false,false,NA,3,6,benchmark/tasks/bidict__bidirectional_map_core__001/metadata.json;benchmark/tasks/bidict__bidirectional_map_core__001/evaluation/oracle_manifest.json;benchmark/tasks/bidict__bidirectional_map_core__001/public_tests/test_public_api.py;benchmark/tasks/bidict__bidirectional_map_core__001/hidden_tests/test_hidden_behavior.py;benchmark/tasks/bidict__bidirectional_map_core__001/repo/bidict/_bidict.py;benchmark/tasks/bidict__bidirectional_map_core__001/repo/bidict/_dup.py;benchmark/tasks/bidict__bidirectional_map_core__001/repo/bidict/_exc.py,high,reviewed_v1,v1
bleach__sanitize_core__001,core100,bleach,4.1.0-installed-snapshot,bleach,library,,real_oss_mature,parsing,,validate_normalize_construct,,stateless,parser_state_coupling,data_model_coupling;parser_state_coupling,data_model_invariant;parser_state;static_transitive_dependency,boundary_cases;lifecycle_semantics,,37,NA,13616,2,4,29,7,5,0,false,true,true,false,NA,3,6,benchmark/tasks/bleach__sanitize_core__001/metadata.json;benchmark/tasks/bleach__sanitize_core__001/evaluation/oracle_manifest.json;benchmark/tasks/bleach__sanitize_core__001/public_tests/test_public_api.py;benchmark/tasks/bleach__sanitize_core__001/hidden_tests/test_hidden_behavior.py;benchmark/tasks/bleach__sanitize_core__001/repo/bleach/__init__.py;benchmark/tasks/bleach__sanitize_core__001/repo/bleach/_vendor/html5lib/serializer.py;benchmark/tasks/bleach__sanitize_core__001/repo/bleach/_vendor/html5lib/treebuilders/__init__.py,high,reviewed_v1,v1
boltons__iterutils_core__001,core100,boltons,23.0.0-installed-snapshot,boltons,library,,real_oss_mature,general_utility,,algorithm_data_structure,,local_state,data_model_coupling,data_model_coupling;parser_state_coupling,data_model_invariant;parser_state,boundary_cases;exception_semantics,,1,NA,1281,7,0,0,1,0,0,false,false,true,false,NA,3,11,benchmark/tasks/boltons__iterutils_core__001/metadata.json;benchmark/tasks/boltons__iterutils_core__001/evaluation/oracle_manifest.json;benchmark/tasks/boltons__iterutils_core__001/public_tests/test_public_api.py;benchmark/tasks/boltons__iterutils_core__001/hidden_tests/test_hidden_behavior.py;benchmark/tasks/boltons__iterutils_core__001/repo/boltons/iterutils.py,high,reviewed_v1,v1
build__pyproject_backend_core__hard3_001,hard50,build,6c03264d186ce7a6c9f1e1990408a3a215dc7610,build,developer_tooling,,real_oss_mature,packaging,,validate_normalize_construct,,stateless,data_model_coupling,config_environment_coupling;data_model_coupling,config_environment;data_model_invariant;static_transitive_dependency,boundary_cases;exception_semantics;lifecycle_semantics,,2,2,412,1,1,0,3,1,0,false,false,false,false,NA,1,2,benchmark/tasks/build__pyproject_backend_core__hard3_001/metadata.json;benchmark/tasks/build__pyproject_backend_core__hard3_001/evaluation/oracle_manifest.json;benchmark/tasks/build__pyproject_backend_core__hard3_001/public_tests/test_public_contract.py;benchmark/tasks/build__pyproject_backend_core__hard3_001/hidden_tests/test_hidden_contract.py;benchmark/tasks/build__pyproject_backend_core__hard3_001/repo/src/build/_builder.py,medium,ai_assisted_reviewed_v1,v1
cachetools__cache_eviction_core__001,core100,cachetools,48284d73d0a8834c9c50f8d41bb99e6f93b2dfed,cachetools,library,,real_oss_mature,general_utility,,cache_retry_policy,,stateless,data_model_coupling,data_model_coupling;global_state_registry_coupling;parser_state_coupling,data_model_invariant;global_state_registry;parser_state;static_transitive_dependency,boundary_cases;exception_semantics;mutation_side_effects,,3,NA,887,6,2,0,1,1,0,false,true,false,true,NA,3,7,benchmark/tasks/cachetools__cache_eviction_core__001/metadata.json;benchmark/tasks/cachetools__cache_eviction_core__001/evaluation/oracle_manifest.json;benchmark/tasks/cachetools__cache_eviction_core__001/public_tests/test_public_api.py;benchmark/tasks/cachetools__cache_eviction_core__001/hidden_tests/test_hidden_behavior.py;benchmark/tasks/cachetools__cache_eviction_core__001/repo/src/cachetools/__init__.py;benchmark/tasks/cachetools__cache_eviction_core__001/repo/src/cachetools/keys.py,high,reviewed_v1,v1
cattrs__structure_core__001,core100,cattrs,5dc43b3f3887f443a58c61d7c89650357c236d51,cattrs,library,,real_oss_mature,data_modeling,,serialize_format_render,,lifecycle_state,data_model_coupling,data_model_coupling;framework_coupling;implicit_dependency_coupling;third_party_dependency_coupling,data_model_invariant;framework_lifecycle;implicit_runtime_dependency;static_transitive_dependency;third_party_contract,boundary_cases;exception_semantics;lifecycle_semantics,weak_module_boundaries,13,NA,3127,10,13,0,4,1,0,false,false,true,true,NA,3,6,benchmark/tasks/cattrs__structure_core__001/metadata.json;benchmark/tasks/cattrs__structure_core__001/evaluation/oracle_manifest.json;benchmark/tasks/cattrs__structure_core__001/public_tests/test_public_api.py;benchmark/tasks/cattrs__structure_core__001/hidden_tests/test_hidden_behavior.py;benchmark/tasks/cattrs__structure_core__001/repo/cattrs/__init__.py;benchmark/tasks/cattrs__structure_core__001/repo/cattrs/_compat.py;benchmark/tasks/cattrs__structure_core__001/repo/cattrs/converters.py,high,reviewed_v1,v1
celery__signal_dispatch_core__hard3_001,hard50,celery,201573a11fb8c6cf8f712deea3b23142146b2cbb,celery,framework_plugin,,real_oss_mature,application,,registry_plugin_dispatch,,global_state,framework_coupling,framework_coupling;global_state_registry_coupling,framework_lifecycle;global_state_registry,mutation_side_effects,,1,1,291,1,0,0,2,0,0,false,true,true,true,NA,1,4,benchmark/tasks/celery__signal_dispatch_core__hard3_001/metadata.json;benchmark/tasks/celery__signal_dispatch_core__hard3_001/evaluation/oracle_manifest.json;benchmark/tasks/celery__signal_dispatch_core__hard3_001/public_tests/test_public_contract.py;benchmark/tasks/celery__signal_dispatch_core__hard3_001/hidden_tests/test_hidden_contract.py;benchmark/tasks/celery__signal_dispatch_core__hard3_001/repo/celery/utils/dispatch/signal.py,high,reviewed_v1,v1
cerberus__schema_validate_core__001,core100,cerberus,f2221c5a901bbf8618efb694ef9364bd0882ac9a,cerberus,library,,real_oss_mature,data_modeling,,validate_normalize_construct,,lifecycle_state,data_model_coupling,data_model_coupling;framework_coupling;implicit_dependency_coupling,data_model_invariant;framework_lifecycle;implicit_runtime_dependency;static_transitive_dependency,boundary_cases;exception_semantics,weak_module_boundaries,6,NA,2615,8,6,0,2,1,0,false,true,true,true,NA,3,5,benchmark/tasks/cerberus__schema_validate_core__001/metadata.json;benchmark/tasks/cerberus__schema_validate_core__001/evaluation/oracle_manifest.json;benchmark/tasks/cerberus__schema_validate_core__001/public_tests/test_public_api.py;benchmark/tasks/cerberus__schema_validate_core__001/hidden_tests/test_hidden_behavior.py;benchmark/tasks/cerberus__schema_validate_core__001/repo/cerberus/__init__.py;benchmark/tasks/cerberus__schema_validate_core__001/repo/cerberus/errors.py;benchmark/tasks/cerberus__schema_validate_core__001/repo/cerberus/schema.py,high,reviewed_v1,v1
chameleon__template_compile_core__001,core100,chameleon,4.6.0-installed-snapshot,chameleon,library,,real_oss_mature,parsing,,serialize_format_render,parse_tokenize_decode,lifecycle_state,parser_state_coupling,framework_coupling;implicit_dependency_coupling;parser_state_coupling,dynamic_import_plugin;framework_lifecycle;implicit_runtime_dependency;parser_state;static_transitive_dependency,boundary_cases,dead_code_distractors,NA,NA,NA,5,17,5,4,4,NA,true,true,true,true,NA,2,3,benchmark/tasks/chameleon__template_compile_core__001/metadata.json;benchmark/tasks/chameleon__template_compile_core__001/evaluation/oracle_manifest.json;benchmark/tasks/chameleon__template_compile_core__001/public_tests/test_public_api.py;benchmark/tasks/chameleon__template_compile_core__001/hidden_tests/test_hidden_behavior.py;benchmark/tasks/chameleon__template_compile_core__001/repo/chameleon/compiler.py;benchmark/tasks/chameleon__template_compile_core__001/repo/chameleon/exc.py;benchmark/tasks/chameleon__template_compile_core__001/repo/chameleon/loader.py,high,reviewed_v1,v1
click__lazy_command_core__hard3_001,hard50,click,16fc00e2f4a2717a521084f193709a6058afc693,click,library,,real_oss_mature,configuration,,registry_plugin_dispatch,,lifecycle_state,framework_coupling,framework_coupling;implicit_dependency_coupling,dynamic_import_plugin;framework_lifecycle;implicit_runtime_dependency,boundary_cases;exception_semantics;mutation_side_effects;platform_variation,,1,2,3032,1,0,0,3,0,0,true,false,true,true,NA,1,3,benchmark/tasks/click__lazy_command_core__hard3_001/metadata.json;benchmark/tasks/click__lazy_command_core__hard3_001/evaluation/oracle_manifest.json;benchmark/tasks/click__lazy_command_core__hard3_001/public_tests/test_public_contract.py;benchmark/tasks/click__lazy_command_core__hard3_001/hidden_tests/test_hidden_contract.py;benchmark/tasks/click__lazy_command_core__hard3_001/repo/src/click/core.py,high,reviewed_v1,v1
click__option_parser__001,core100,click,8.1.7-installed-snapshot,click,library,,real_oss_mature,configuration,,parse_tokenize_decode,workflow_session_orchestration,lifecycle_state,framework_coupling,config_environment_coupling;framework_coupling;global_state_registry_coupling;implicit_dependency_coupling,config_environment;framework_lifecycle;global_state_registry;implicit_runtime_dependency;static_transitive_dependency,boundary_cases;exception_semantics;lifecycle_semantics,,NA,NA,NA,9,9,4,3,2,NA,false,true,true,true,NA,1,2,benchmark/tasks/click__option_parser__001/metadata.json;benchmark/tasks/click__option_parser__001/evaluation/oracle_manifest.json;benchmark/tasks/click__option_parser__001/public_tests/test_public_api.py;benchmark/tasks/click__option_parser__001/hidden_tests/test_hidden_behavior.py;benchmark/tasks/click__option_parser__001/repo/click/_termui_impl.py;benchmark/tasks/click__option_parser__001/repo/click/core.py;benchmark/tasks/click__option_parser__001/repo/click/decorators.py,high,reviewed_v1,v1
configobj__roundtrip_config_core__001,core100,configobj,b7707c94c0317b8f89b704a01525a68eb6c72521,configobj,library,,real_oss_mature,configuration,,config_resolve_discover,,stateless,config_environment_coupling,config_environment_coupling;parser_state_coupling,config_environment;parser_state;static_transitive_dependency,boundary_cases;exception_semantics,,3,NA,3306,4,2,0,1,1,0,false,true,false,false,NA,3,6,benchmark/tasks/configobj__roundtrip_config_core__001/metadata.json;benchmark/tasks/configobj__roundtrip_config_core__001/evaluation/oracle_manifest.json;benchmark/tasks/configobj__roundtrip_config_core__001/public_tests/test_public_api.py;benchmark/tasks/configobj__roundtrip_config_core__001/hidden_tests/test_hidden_behavior.py;benchmark/tasks/configobj__roundtrip_config_core__001/repo/configobj/__init__.py;benchmark/tasks/configobj__roundtrip_config_core__001/repo/configobj/validate.py,high,reviewed_v1,v1
cookiecutter__repo_finder_core__hard3_001,hard50,cookiecutter,c88fbe921c97c58b65f1883ba90a0ab53cc91b34,cookiecutter,developer_tooling,,real_oss_mature,general_utility,,config_resolve_discover,,stateless,resource_coupling,config_environment_coupling;resource_coupling,config_environment;resource_packaging;static_transitive_dependency,exception_semantics,,2,2,220,1,0,0,1,0,0,false,false,false,false,NA,1,3,benchmark/tasks/cookiecutter__repo_finder_core__hard3_001/metadata.json;benchmark/tasks/cookiecutter__repo_finder_core__hard3_001/evaluation/oracle_manifest.json;benchmark/tasks/cookiecutter__repo_finder_core__hard3_001/public_tests/test_public_contract.py;benchmark/tasks/cookiecutter__repo_finder_core__hard3_001/hidden_tests/test_hidden_contract.py;benchmark/tasks/cookiecutter__repo_finder_core__hard3_001/repo/cookiecutter/repository.py,high,reviewed_v1,v1
coverage__config_merge_core__001,core100,coveragepy,f0dcf65f47120d9f74f6777134d3b8e92515ce6f,coveragepy,developer_tooling,,real_oss_mature,testing,configuration,config_resolve_discover,,lifecycle_state,config_environment_coupling,config_environment_coupling;framework_coupling;implicit_dependency_coupling,config_environment;dynamic_import_plugin;framework_lifecycle;implicit_runtime_dependency;static_transitive_dependency,boundary_cases;lifecycle_semantics;ordering_semantics;platform_variation,weak_module_boundaries,6,NA,1299,3,4,1,0,2,0,true,false,true,true,NA,2,4,benchmark/tasks/coverage__config_merge_core__001/metadata.json;benchmark/tasks/coverage__config_merge_core__001/evaluation/oracle_manifest.json;benchmark/tasks/coverage__config_merge_core__001/public_tests/test_public_api.py;benchmark/tasks/coverage__config_merge_core__001/hidden_tests/test_hidden_behavior.py;benchmark/tasks/coverage__config_merge_core__001/repo/coverage/config.py;benchmark/tasks/coverage__config_merge_core__001/repo/coverage/misc.py,high,reviewed_v1,v1
coverage__glob_matcher_core__001,core100,coveragepy,f0dcf65f47120d9f74f6777134d3b8e92515ce6f,coveragepy,developer_tooling,,real_oss_mature,testing,configuration,config_resolve_discover,,stateless,resource_coupling,config_environment_coupling;implicit_dependency_coupling;resource_coupling,config_environment;implicit_runtime_dependency;static_transitive_dependency,boundary_cases,weak_module_boundaries,5,NA,1043,3,3,1,0,2,0,false,false,false,false,NA,3,4,benchmark/tasks/coverage__glob_matcher_core__001/metadata.json;benchmark/tasks/coverage__glob_matcher_core__001/evaluation/oracle_manifest.json;benchmark/tasks/coverage__glob_matcher_core__001/public_tests/test_public_api.py;benchmark/tasks/coverage__glob_matcher_core__001/hidden_tests/test_hidden_behavior.py;benchmark/tasks/coverage__glob_matcher_core__001/repo/coverage/files.py;benchmark/tasks/coverage__glob_matcher_core__001/repo/coverage/misc.py,medium,ai_assisted_reviewed_v1,v1
coverage__path_remap_core__001,core100,coveragepy,f0dcf65f47120d9f74f6777134d3b8e92515ce6f,coveragepy,developer_tooling,,real_oss_mature,testing,configuration,config_resolve_discover,,stateless,resource_coupling,config_environment_coupling;implicit_dependency_coupling;resource_coupling,config_environment;implicit_runtime_dependency;static_transitive_dependency,boundary_cases;exception_semantics,weak_module_boundaries,5,NA,1043,2,3,1,0,2,0,false,false,false,false,NA,2,4,benchmark/tasks/coverage__path_remap_core__001/metadata.json;benchmark/tasks/coverage__path_remap_core__001/evaluation/oracle_manifest.json;benchmark/tasks/coverage__path_remap_core__001/public_tests/test_public_api.py;benchmark/tasks/coverage__path_remap_core__001/hidden_tests/test_hidden_behavior.py;benchmark/tasks/coverage__path_remap_core__001/repo/coverage/files.py;benchmark/tasks/coverage__path_remap_core__001/repo/coverage/misc.py,medium,ai_assisted_reviewed_v1,v1
coverage__report_core__001,core100,coveragepy,f0dcf65f47120d9f74f6777134d3b8e92515ce6f,coveragepy,developer_tooling,,real_oss_mature,testing,configuration,serialize_format_render,,lifecycle_state,config_environment_coupling,config_environment_coupling;data_model_coupling;framework_coupling,config_environment;data_model_invariant;dynamic_import_plugin;framework_lifecycle;static_transitive_dependency,boundary_cases;lifecycle_semantics,,12,NA,2840,4,8,1,0,2,0,true,true,true,true,NA,2,3,benchmark/tasks/coverage__report_core__001/metadata.json;benchmark/tasks/coverage__report_core__001/evaluation/oracle_manifest.json;benchmark/tasks/coverage__report_core__001/public_tests/test_public_api.py;benchmark/tasks/coverage__report_core__001/hidden_tests/test_hidden_behavior.py;benchmark/tasks/coverage__report_core__001/repo/coverage/files.py;benchmark/tasks/coverage__report_core__001/repo/coverage/misc.py;benchmark/tasks/coverage__report_core__001/repo/coverage/results.py,high,reviewed_v1,v1
coverage__source_selection_core__001,core100,coveragepy,f0dcf65f47120d9f74f6777134d3b8e92515ce6f,coveragepy,developer_tooling,,real_oss_mature,testing,configuration,config_resolve_discover,,stateless,config_environment_coupling,config_environment_coupling;global_state_registry_coupling;implicit_dependency_coupling;resource_coupling,config_environment;dynamic_import_plugin;global_state_registry;implicit_runtime_dependency;resource_packaging;static_transitive_dependency,boundary_cases,weak_module_boundaries,9,NA,2265,2,7,1,2,2,0,true,true,true,false,NA,2,4,benchmark/tasks/coverage__source_selection_core__001/metadata.json;benchmark/tasks/coverage__source_selection_core__001/evaluation/oracle_manifest.json;benchmark/tasks/coverage__source_selection_core__001/public_tests/test_public_api.py;benchmark/tasks/coverage__source_selection_core__001/hidden_tests/test_hidden_behavior.py;benchmark/tasks/coverage__source_selection_core__001/repo/coverage/config.py;benchmark/tasks/coverage__source_selection_core__001/repo/coverage/files.py;benchmark/tasks/coverage__source_selection_core__001/repo/coverage/inorout.py,high,reviewed_v1,v1
croniter__cron_parse_core__001,core100,croniter,dc04395e2291b44a74507919d27a13f922b7f77d,croniter,library,,real_oss_mature,parsing,,protocol_state_transition,parse_tokenize_decode,session_state,parser_state_coupling,config_environment_coupling;implicit_dependency_coupling;parser_state_coupling,config_environment;implicit_runtime_dependency;parser_state;static_transitive_dependency,boundary_cases;exception_semantics,,2,NA,947,5,0,0,2,0,0,false,false,false,false,NA,4,5,benchmark/tasks/croniter__cron_parse_core__001/metadata.json;benchmark/tasks/croniter__cron_parse_core__001/evaluation/oracle_manifest.json;benchmark/tasks/croniter__cron_parse_core__001/public_tests/test_public_api.py;benchmark/tasks/croniter__cron_parse_core__001/hidden_tests/test_hidden_behavior.py;benchmark/tasks/croniter__cron_parse_core__001/repo/croniter/croniter.py,high,reviewed_v1,v1
dataclasses_json__serde_core__001,core100,dataclasses-json,dc63902eeb5e1c5ce1ea4e078c50e0eb9bc1a541,dataclasses_json,library,,real_oss_mature,data_modeling,,serialize_format_render,,lifecycle_state,data_model_coupling,data_model_coupling;framework_coupling;implicit_dependency_coupling,data_model_invariant;framework_lifecycle;implicit_runtime_dependency;static_transitive_dependency,boundary_cases;exception_semantics;lifecycle_semantics;mutation_side_effects,weak_module_boundaries,8,NA,1136,9,6,1,2,2,0,false,false,true,true,NA,4,8,benchmark/tasks/dataclasses_json__serde_core__001/metadata.json;benchmark/tasks/dataclasses_json__serde_core__001/evaluation/oracle_manifest.json;benchmark/tasks/dataclasses_json__serde_core__001/public_tests/test_public_api.py;benchmark/tasks/dataclasses_json__serde_core__001/hidden_tests/test_hidden_behavior.py;benchmark/tasks/dataclasses_json__serde_core__001/repo/dataclasses_json/api.py;benchmark/tasks/dataclasses_json__serde_core__001/repo/dataclasses_json/cfg.py;benchmark/tasks/dataclasses_json__serde_core__001/repo/dataclasses_json/core.py,high,reviewed_v1,v1
dateutil__zone_resolver_core__hard3_001,hard50,dateutil,48bd1af97e71baf8e96fce5b663d589caac8f147,dateutil,library,,real_oss_mature,general_utility,,resource_metadata_loading,,stateless,resource_coupling,parser_state_coupling;resource_coupling,parser_state;resource_packaging;static_transitive_dependency,boundary_cases;exception_semantics;lifecycle_semantics,,2,2,1591,1,0,0,1,0,0,false,true,false,false,NA,1,3,benchmark/tasks/dateutil__zone_resolver_core__hard3_001/metadata.json;benchmark/tasks/dateutil__zone_resolver_core__hard3_001/evaluation/oracle_manifest.json;benchmark/tasks/dateutil__zone_resolver_core__hard3_001/public_tests/test_public_contract.py;benchmark/tasks/dateutil__zone_resolver_core__hard3_001/hidden_tests/test_hidden_contract.py;benchmark/tasks/dateutil__zone_resolver_core__hard3_001/repo/src/dateutil/zoneinfo/__init__.py,high,reviewed_v1,v1
deepdiff__deep_compare_core__001,core100,deepdiff,9.1.0-installed-snapshot,deepdiff,library,,real_oss_mature,general_utility,,algorithm_data_structure,,local_state,data_model_coupling,data_model_coupling;parser_state_coupling,data_model_invariant;parser_state;static_transitive_dependency,boundary_cases,,8,NA,5252,3,6,0,11,1,0,false,false,false,false,NA,2,5,benchmark/tasks/deepdiff__deep_compare_core__001/metadata.json;benchmark/tasks/deepdiff__deep_compare_core__001/evaluation/oracle_manifest.json;benchmark/tasks/deepdiff__deep_compare_core__001/public_tests/test_public_api.py;benchmark/tasks/deepdiff__deep_compare_core__001/hidden_tests/test_hidden_behavior.py;benchmark/tasks/deepdiff__deep_compare_core__001/repo/deepdiff/diff.py;benchmark/tasks/deepdiff__deep_compare_core__001/repo/deepdiff/path.py,high,reviewed_v1,v1
diskcache__eviction_policy_core__hard3_001,hard50,diskcache,ebfa37cd99d7ef716ec452ad8af4b4276a8e2233,diskcache,library,,real_oss_mature,general_utility,,cache_retry_policy,,stateless,resource_coupling,implicit_dependency_coupling;resource_coupling,implicit_runtime_dependency;resource_packaging,mutation_side_effects,,1,2,1950,1,0,0,0,0,0,false,false,false,false,NA,1,3,benchmark/tasks/diskcache__eviction_policy_core__hard3_001/metadata.json;benchmark/tasks/diskcache__eviction_policy_core__hard3_001/evaluation/oracle_manifest.json;benchmark/tasks/diskcache__eviction_policy_core__hard3_001/public_tests/test_public_contract.py;benchmark/tasks/diskcache__eviction_policy_core__hard3_001/hidden_tests/test_hidden_contract.py;benchmark/tasks/diskcache__eviction_policy_core__hard3_001/repo/diskcache/core.py,high,reviewed_v1,v1
distlib__wheel_metadata_core__hard3_001,hard50,distlib,454a87c64f0b545138dc4798aa833a4ff8ac2377,distlib,developer_tooling,,real_oss_mature,packaging,,resource_metadata_loading,,stateless,resource_coupling,data_model_coupling;resource_coupling,data_model_invariant;dynamic_import_plugin;resource_packaging;static_transitive_dependency,boundary_cases,,3,4,3029,2,1,0,3,1,0,true,true,true,false,NA,1,4,benchmark/tasks/distlib__wheel_metadata_core__hard3_001/metadata.json;benchmark/tasks/distlib__wheel_metadata_core__hard3_001/evaluation/oracle_manifest.json;benchmark/tasks/distlib__wheel_metadata_core__hard3_001/public_tests/test_public_contract.py;benchmark/tasks/distlib__wheel_metadata_core__hard3_001/hidden_tests/test_hidden_contract.py;benchmark/tasks/distlib__wheel_metadata_core__hard3_001/repo/distlib/resources.py;benchmark/tasks/distlib__wheel_metadata_core__hard3_001/repo/distlib/util.py;benchmark/tasks/distlib__wheel_metadata_core__hard3_001/repo/distlib/wheel.py,high,reviewed_v1,v1
dynaconf__settings_merge_core__001,core100,dynaconf,3.3.1-installed-snapshot,dynaconf,library,,real_oss_mature,configuration,,config_resolve_discover,,lifecycle_state,config_environment_coupling,config_environment_coupling;data_model_coupling;framework_coupling,config_environment;data_model_invariant;dynamic_import_plugin;framework_lifecycle;static_transitive_dependency,boundary_cases;platform_variation,,NA,NA,NA,5,24,71,16,5,NA,true,true,true,true,NA,2,4,benchmark/tasks/dynaconf__settings_merge_core__001/metadata.json;benchmark/tasks/dynaconf__settings_merge_core__001/evaluation/oracle_manifest.json;benchmark/tasks/dynaconf__settings_merge_core__001/public_tests/test_public_api.py;benchmark/tasks/dynaconf__settings_merge_core__001/hidden_tests/test_hidden_behavior.py;benchmark/tasks/dynaconf__settings_merge_core__001/repo/dynaconf/__init__.py;benchmark/tasks/dynaconf__settings_merge_core__001/repo/dynaconf/base.py;benchmark/tasks/dynaconf__settings_merge_core__001/repo/dynaconf/contrib/django_dynaconf_v2.py,high,reviewed_v1,v1
email_validator__validate_core__001,core100,email-validator,b73d010bb3db70547199f39fd85d2286a7f6f476,email_validator,library,,real_oss_mature,parsing,,parse_tokenize_decode,,local_state,parser_state_coupling,data_model_coupling;parser_state_coupling;third_party_dependency_coupling,data_model_invariant;parser_state;static_transitive_dependency;third_party_contract,boundary_cases;exception_semantics,,5,NA,1068,6,4,0,2,0,0,false,false,true,false,NA,4,10,benchmark/tasks/email_validator__validate_core__001/metadata.json;benchmark/tasks/email_validator__validate_core__001/evaluation/oracle_manifest.json;benchmark/tasks/email_validator__validate_core__001/public_tests/test_public_api.py;benchmark/tasks/email_validator__validate_core__001/hidden_tests/test_hidden_behavior.py;benchmark/tasks/email_validator__validate_core__001/repo/email_validator/exceptions.py;benchmark/tasks/email_validator__validate_core__001/repo/email_validator/rfc_constants.py;benchmark/tasks/email_validator__validate_core__001/repo/email_validator/syntax.py,high,reviewed_v1,v1
environs__typed_env_core__001,core100,environs,97f9b7065c753b763949a8d61ec2fee880458d4a,environs,library,,real_oss_mature,configuration,,config_resolve_discover,,stateless,config_environment_coupling,config_environment_coupling;data_model_coupling;third_party_dependency_coupling,config_environment;data_model_invariant;static_transitive_dependency;third_party_contract,boundary_cases;exception_semantics;lifecycle_semantics;platform_variation,,4,NA,918,11,3,0,7,1,0,false,false,true,false,NA,4,9,benchmark/tasks/environs__typed_env_core__001/metadata.json;benchmark/tasks/environs__typed_env_core__001/evaluation/oracle_manifest.json;benchmark/tasks/environs__typed_env_core__001/public_tests/test_public_api.py;benchmark/tasks/environs__typed_env_core__001/hidden_tests/test_hidden_behavior.py;benchmark/tasks/environs__typed_env_core__001/repo/src/environs/__init__.py;benchmark/tasks/environs__typed_env_core__001/repo/src/environs/fields.py,high,reviewed_v1,v1
faker__provider_core__001,core100,Faker,40.23.0-installed-snapshot,faker,library,,real_oss_mature,general_utility,,resource_metadata_loading,,global_state,resource_coupling,global_state_registry_coupling;implicit_dependency_coupling;resource_coupling,dynamic_import_plugin;global_state_registry;implicit_runtime_dependency;resource_packaging;static_transitive_dependency,boundary_cases;ordering_semantics,weak_module_boundaries,24,NA,15045,5,10,4,0,3,0,true,true,true,false,NA,1,2,benchmark/tasks/faker__provider_core__001/metadata.json;benchmark/tasks/faker__provider_core__001/evaluation/oracle_manifest.json;benchmark/tasks/faker__provider_core__001/public_tests/test_public_api.py;benchmark/tasks/faker__provider_core__001/hidden_tests/test_hidden_behavior.py;benchmark/tasks/faker__provider_core__001/repo/faker/config.py;benchmark/tasks/faker__provider_core__001/repo/faker/factory.py;benchmark/tasks/faker__provider_core__001/repo/faker/providers/address/en_US/__init__.py,high,reviewed_v1,v1
flake8__plugin_options_core__hard3_001,hard50,flake8,bb943328eff3518ee193adbddffdfe15e239c3f7,flake8,developer_tooling,,real_oss_mature,general_utility,,registry_plugin_dispatch,,lifecycle_state,framework_coupling,config_environment_coupling;framework_coupling,config_environment;dynamic_import_plugin;framework_lifecycle;static_transitive_dependency,,,2,4,566,2,1,0,0,0,0,true,true,true,true,NA,2,1,benchmark/tasks/flake8__plugin_options_core__hard3_001/metadata.json;benchmark/tasks/flake8__plugin_options_core__hard3_001/evaluation/oracle_manifest.json;benchmark/tasks/flake8__plugin_options_core__hard3_001/public_tests/test_public_contract.py;benchmark/tasks/flake8__plugin_options_core__hard3_001/hidden_tests/test_hidden_contract.py;benchmark/tasks/flake8__plugin_options_core__hard3_001/repo/src/flake8/options/manager.py;benchmark/tasks/flake8__plugin_options_core__hard3_001/repo/src/flake8/plugins/finder.py,high,reviewed_v1,v1
fs__url_opener_core__hard3_001,hard50,fs,77a8562785fc37cb2e30bdcd39c133097ba62dce,fs,library,,real_oss_mature,general_utility,,registry_plugin_dispatch,,lifecycle_state,resource_coupling,implicit_dependency_coupling;resource_coupling,dynamic_import_plugin;implicit_runtime_dependency;resource_packaging;static_transitive_dependency,boundary_cases;exception_semantics;lifecycle_semantics,,2,2,313,2,1,0,3,1,0,true,true,true,false,NA,1,3,benchmark/tasks/fs__url_opener_core__hard3_001/metadata.json;benchmark/tasks/fs__url_opener_core__hard3_001/evaluation/oracle_manifest.json;benchmark/tasks/fs__url_opener_core__hard3_001/public_tests/test_public_contract.py;benchmark/tasks/fs__url_opener_core__hard3_001/hidden_tests/test_hidden_contract.py;benchmark/tasks/fs__url_opener_core__hard3_001/repo/fs/opener/parse.py;benchmark/tasks/fs__url_opener_core__hard3_001/repo/fs/opener/registry.py,medium,ai_assisted_reviewed_v1,v1
fsspec__url_chain_core__hard3_001,hard50,fsspec,0907962e6b94eea3b4ba86a6cc20b36ddb29f2dd,fsspec,library,,real_oss_mature,general_utility,,config_resolve_discover,,stateless,resource_coupling,implicit_dependency_coupling;resource_coupling,dynamic_import_plugin;implicit_runtime_dependency;resource_packaging;static_transitive_dependency,boundary_cases;exception_semantics,,2,2,968,1,1,0,1,1,0,true,true,true,false,NA,1,3,benchmark/tasks/fsspec__url_chain_core__hard3_001/metadata.json;benchmark/tasks/fsspec__url_chain_core__hard3_001/evaluation/oracle_manifest.json;benchmark/tasks/fsspec__url_chain_core__hard3_001/public_tests/test_public_contract.py;benchmark/tasks/fsspec__url_chain_core__hard3_001/hidden_tests/test_hidden_contract.py;benchmark/tasks/fsspec__url_chain_core__hard3_001/repo/fsspec/core.py;benchmark/tasks/fsspec__url_chain_core__hard3_001/repo/fsspec/registry.py,high,reviewed_v1,v1
glom__spec_eval_core__hard3_001,hard50,glom,6fd41340f30519ddc64a546ad2703dfe53f12356,glom,library,,real_oss_mature,general_utility,,algorithm_data_structure,,local_state,parser_state_coupling,data_model_coupling;parser_state_coupling,data_model_invariant;parser_state;static_transitive_dependency,boundary_cases;exception_semantics,,2,4,2160,3,0,0,2,0,0,false,false,false,false,NA,1,2,benchmark/tasks/glom__spec_eval_core__hard3_001/metadata.json;benchmark/tasks/glom__spec_eval_core__hard3_001/evaluation/oracle_manifest.json;benchmark/tasks/glom__spec_eval_core__hard3_001/public_tests/test_public_contract.py;benchmark/tasks/glom__spec_eval_core__hard3_001/hidden_tests/test_hidden_contract.py;benchmark/tasks/glom__spec_eval_core__hard3_001/repo/glom/core.py,medium,ai_assisted_reviewed_v1,v1
h11__message_parse_core__001,core100,h11,0.14.0-installed-snapshot,h11,library,,real_oss_mature,networking,,protocol_state_transition,parse_tokenize_decode,session_state,parser_state_coupling,data_model_coupling;implicit_dependency_coupling;parser_state_coupling,data_model_invariant;implicit_runtime_dependency;parser_state;static_transitive_dependency,boundary_cases;mutation_side_effects,weak_module_boundaries,11,NA,2144,5,8,0,1,1,0,false,true,false,true,NA,2,2,benchmark/tasks/h11__message_parse_core__001/metadata.json;benchmark/tasks/h11__message_parse_core__001/evaluation/oracle_manifest.json;benchmark/tasks/h11__message_parse_core__001/public_tests/test_public_api.py;benchmark/tasks/h11__message_parse_core__001/hidden_tests/test_hidden_behavior.py;benchmark/tasks/h11__message_parse_core__001/repo/h11/_connection.py;benchmark/tasks/h11__message_parse_core__001/repo/h11/_events.py;benchmark/tasks/h11__message_parse_core__001/repo/h11/_state.py,high,reviewed_v1,v1
h2__frame_parse_core__001,core100,h2,4.3.0-installed-snapshot,h2,library,,real_oss_mature,networking,,protocol_state_transition,parse_tokenize_decode,session_state,parser_state_coupling,data_model_coupling;implicit_dependency_coupling;parser_state_coupling,data_model_invariant;implicit_runtime_dependency;parser_state;static_transitive_dependency,boundary_cases;exception_semantics;ordering_semantics,,NA,NA,NA,3,4,1,0,2,NA,false,false,true,false,NA,2,4,benchmark/tasks/h2__frame_parse_core__001/metadata.json;benchmark/tasks/h2__frame_parse_core__001/evaluation/oracle_manifest.json;benchmark/tasks/h2__frame_parse_core__001/public_tests/test_public_api.py;benchmark/tasks/h2__frame_parse_core__001/hidden_tests/test_hidden_behavior.py;benchmark/tasks/h2__frame_parse_core__001/repo/h2/frame_buffer.py;benchmark/tasks/h2__frame_parse_core__001/repo/hyperframe/frame.py,high,reviewed_v1,v1
hatch__project_metadata_core__hard3_001,hard50,hatch,19ced89249f2249772eed4566bd40d72e25d77ec,hatch,developer_tooling,,real_oss_mature,packaging,,resource_metadata_loading,,stateless,data_model_coupling,config_environment_coupling;data_model_coupling,config_environment;data_model_invariant;dynamic_import_plugin,exception_semantics,,1,2,1360,1,0,0,4,0,0,true,false,true,false,NA,1,3,benchmark/tasks/hatch__project_metadata_core__hard3_001/metadata.json;benchmark/tasks/hatch__project_metadata_core__hard3_001/evaluation/oracle_manifest.json;benchmark/tasks/hatch__project_metadata_core__hard3_001/public_tests/test_public_contract.py;benchmark/tasks/hatch__project_metadata_core__hard3_001/hidden_tests/test_hidden_contract.py;benchmark/tasks/hatch__project_metadata_core__hard3_001/repo/backend/src/hatchling/metadata/core.py,high,reviewed_v1,v1
httpx__request_model_core__001,core100,httpx,326b9431c761e1ef1e00b9f760d1f654c8db48c6,httpx,library,,real_oss_mature,networking,,validate_normalize_construct,,stateless,data_model_coupling,config_environment_coupling;data_model_coupling;implicit_dependency_coupling;parser_state_coupling,config_environment;data_model_invariant;implicit_runtime_dependency;parser_state;static_transitive_dependency,boundary_cases;exception_semantics;lifecycle_semantics;ordering_semantics,weak_module_boundaries,8,NA,3115,10,8,0,4,1,0,false,false,true,false,NA,5,8,benchmark/tasks/httpx__request_model_core__001/metadata.json;benchmark/tasks/httpx__request_model_core__001/evaluation/oracle_manifest.json;benchmark/tasks/httpx__request_model_core__001/public_tests/test_public_api.py;benchmark/tasks/httpx__request_model_core__001/hidden_tests/test_hidden_behavior.py;benchmark/tasks/httpx__request_model_core__001/repo/httpx/__init__.py;benchmark/tasks/httpx__request_model_core__001/repo/httpx/_client.py;benchmark/tasks/httpx__request_model_core__001/repo/httpx/_models.py,high,reviewed_v1,v1
humanize__naturaltime_core__001,core100,humanize,4.15.0-installed-snapshot,humanize,library,,real_oss_mature,general_utility,,serialize_format_render,,local_state,data_model_coupling,data_model_coupling;implicit_dependency_coupling,data_model_invariant;implicit_runtime_dependency;static_transitive_dependency,boundary_cases,weak_module_boundaries,4,NA,1183,5,2,0,0,1,0,false,false,false,true,NA,3,6,benchmark/tasks/humanize__naturaltime_core__001/metadata.json;benchmark/tasks/humanize__naturaltime_core__001/evaluation/oracle_manifest.json;benchmark/tasks/humanize__naturaltime_core__001/public_tests/test_public_api.py;benchmark/tasks/humanize__naturaltime_core__001/hidden_tests/test_hidden_behavior.py;benchmark/tasks/humanize__naturaltime_core__001/repo/humanize/time.py,high,reviewed_v1,v1
importlib_metadata__entry_points_core__001,core100,importlib_metadata,7.0.1-installed-snapshot,importlib_metadata,library,,real_oss_mature,packaging,,resource_metadata_loading,registry_plugin_dispatch,stateless,config_environment_coupling,config_environment_coupling;data_model_coupling;implicit_dependency_coupling;third_party_dependency_coupling,config_environment;data_model_invariant;dynamic_import_plugin;implicit_runtime_dependency;static_transitive_dependency;third_party_contract,boundary_cases,,NA,NA,NA,5,8,3,1,2,NA,true,false,true,false,NA,2,1,benchmark/tasks/importlib_metadata__entry_points_core__001/metadata.json;benchmark/tasks/importlib_metadata__entry_points_core__001/evaluation/oracle_manifest.json;benchmark/tasks/importlib_metadata__entry_points_core__001/public_tests/test_public_api.py;benchmark/tasks/importlib_metadata__entry_points_core__001/hidden_tests/test_hidden_behavior.py;benchmark/tasks/importlib_metadata__entry_points_core__001/repo/importlib_metadata/__init__.py;benchmark/tasks/importlib_metadata__entry_points_core__001/repo/importlib_metadata/_py39compat.py,high,reviewed_v1,v1
importlib_resources__traversable_tree_core__hard3_001,hard50,importlib_resources,1d554758b0cb1a030bf3acb131a276da8a3ebb1e,importlib_resources,library,,real_oss_mature,packaging,,resource_metadata_loading,,stateless,resource_coupling,data_model_coupling;implicit_dependency_coupling;resource_coupling,data_model_invariant;dynamic_import_plugin;implicit_runtime_dependency;resource_packaging;static_transitive_dependency,boundary_cases;exception_semantics;mutation_side_effects,weak_module_boundaries,7,6,643,4,3,0,0,1,1,true,false,true,false,NA,2,5,benchmark/tasks/importlib_resources__traversable_tree_core__hard3_001/metadata.json;benchmark/tasks/importlib_resources__traversable_tree_core__hard3_001/evaluation/oracle_manifest.json;benchmark/tasks/importlib_resources__traversable_tree_core__hard3_001/public_tests/test_public_contract.py;benchmark/tasks/importlib_resources__traversable_tree_core__hard3_001/hidden_tests/test_hidden_contract.py;benchmark/tasks/importlib_resources__traversable_tree_core__hard3_001/repo/importlib_resources/_common.py;benchmark/tasks/importlib_resources__traversable_tree_core__hard3_001/repo/importlib_resources/_functional.py;benchmark/tasks/importlib_resources__traversable_tree_core__hard3_001/repo/importlib_resources/abc.py,high,reviewed_v1,v1
installer__wheel_record_core__hard3_001,hard50,installer,c18863d235a9d927f48d1831cbf738b0274ac59e,installer,developer_tooling,,real_oss_mature,packaging,,resource_metadata_loading,,stateless,resource_coupling,data_model_coupling;resource_coupling,data_model_invariant;resource_packaging;static_transitive_dependency,exception_semantics,,2,3,301,1,0,0,1,0,0,false,false,true,false,NA,1,3,benchmark/tasks/installer__wheel_record_core__hard3_001/metadata.json;benchmark/tasks/installer__wheel_record_core__hard3_001/evaluation/oracle_manifest.json;benchmark/tasks/installer__wheel_record_core__hard3_001/public_tests/test_public_contract.py;benchmark/tasks/installer__wheel_record_core__hard3_001/hidden_tests/test_hidden_contract.py;benchmark/tasks/installer__wheel_record_core__hard3_001/repo/src/installer/records.py,high,reviewed_v1,v1
intervaltree__interval_tree_core__001,core100,intervaltree,1bc406e1f441577c4e421fc51aba2ab67fbd97fb,intervaltree,library,,real_oss_mature,general_utility,,algorithm_data_structure,,local_state,data_model_coupling,data_model_coupling;implicit_dependency_coupling;third_party_dependency_coupling,data_model_invariant;implicit_runtime_dependency;static_transitive_dependency;third_party_contract,boundary_cases;mutation_side_effects;ordering_semantics,weak_module_boundaries,3,NA,1893,13,3,0,1,0,0,false,false,false,false,NA,3,8,benchmark/tasks/intervaltree__interval_tree_core__001/metadata.json;benchmark/tasks/intervaltree__interval_tree_core__001/evaluation/oracle_manifest.json;benchmark/tasks/intervaltree__interval_tree_core__001/public_tests/test_public_api.py;benchmark/tasks/intervaltree__interval_tree_core__001/hidden_tests/test_hidden_behavior.py;benchmark/tasks/intervaltree__interval_tree_core__001/repo/intervaltree/__init__.py;benchmark/tasks/intervaltree__interval_tree_core__001/repo/intervaltree/interval.py;benchmark/tasks/intervaltree__interval_tree_core__001/repo/intervaltree/intervaltree.py,high,reviewed_v1,v1
isodate__duration_parse_core__001,core100,isodate,0.7.2-installed-snapshot,isodate,library,,real_oss_mature,parsing,,parse_tokenize_decode,serialize_format_render,local_state,parser_state_coupling,data_model_coupling;parser_state_coupling,data_model_invariant;parser_state;static_transitive_dependency,boundary_cases;exception_semantics;lifecycle_semantics,,9,NA,1155,3,4,4,0,3,0,false,true,false,false,NA,3,6,benchmark/tasks/isodate__duration_parse_core__001/metadata.json;benchmark/tasks/isodate__duration_parse_core__001/evaluation/oracle_manifest.json;benchmark/tasks/isodate__duration_parse_core__001/public_tests/test_public_api.py;benchmark/tasks/isodate__duration_parse_core__001/hidden_tests/test_hidden_behavior.py;benchmark/tasks/isodate__duration_parse_core__001/repo/isodate/duration.py;benchmark/tasks/isodate__duration_parse_core__001/repo/isodate/isodates.py;benchmark/tasks/isodate__duration_parse_core__001/repo/isodate/isoduration.py,high,reviewed_v1,v1
isort__settings_resolver_core__hard3_001,hard50,isort,fd8bd075176d074af69aa6acae7ed89a6a89bb05,isort,developer_tooling,,real_oss_mature,configuration,,config_resolve_discover,,stateless,config_environment_coupling,config_environment_coupling;implicit_dependency_coupling;resource_coupling,config_environment;dynamic_import_plugin;implicit_runtime_dependency;resource_packaging;static_transitive_dependency,exception_semantics;lifecycle_semantics,weak_module_boundaries,6,7,1068,5,2,0,1,1,2,true,true,true,true,NA,3,5,benchmark/tasks/isort__settings_resolver_core__hard3_001/metadata.json;benchmark/tasks/isort__settings_resolver_core__hard3_001/evaluation/oracle_manifest.json;benchmark/tasks/isort__settings_resolver_core__hard3_001/public_tests/test_public_contract.py;benchmark/tasks/isort__settings_resolver_core__hard3_001/hidden_tests/test_hidden_contract.py;benchmark/tasks/isort__settings_resolver_core__hard3_001/repo/isort/profiles.py;benchmark/tasks/isort__settings_resolver_core__hard3_001/repo/isort/settings.py,high,reviewed_v1,v1
jinja2__compile_render_core__001,core100,jinja2,15206881c006c79667fe5154fe80c01c65410679,jinja2,framework_plugin,,real_oss_mature,parsing,general_utility,serialize_format_render,,lifecycle_state,framework_coupling,data_model_coupling;framework_coupling;parser_state_coupling,data_model_invariant;dynamic_import_plugin;framework_lifecycle;parser_state;static_transitive_dependency,boundary_cases,,17,NA,9330,5,13,4,2,2,0,true,true,true,true,NA,2,3,benchmark/tasks/jinja2__compile_render_core__001/metadata.json;benchmark/tasks/jinja2__compile_render_core__001/evaluation/oracle_manifest.json;benchmark/tasks/jinja2__compile_render_core__001/public_tests/test_public_api.py;benchmark/tasks/jinja2__compile_render_core__001/hidden_tests/test_hidden_behavior.py;benchmark/tasks/jinja2__compile_render_core__001/repo/src/jinja2/compiler.py;benchmark/tasks/jinja2__compile_render_core__001/repo/src/jinja2/environment.py;benchmark/tasks/jinja2__compile_render_core__001/repo/src/jinja2/lexer.py,high,reviewed_v1,v1
jinja2__extensions_core__001,core100,jinja2,15206881c006c79667fe5154fe80c01c65410679,jinja2,framework_plugin,,real_oss_mature,parsing,general_utility,registry_plugin_dispatch,,lifecycle_state,framework_coupling,framework_coupling;implicit_dependency_coupling;parser_state_coupling,dynamic_import_plugin;framework_lifecycle;implicit_runtime_dependency;parser_state;static_transitive_dependency,boundary_cases;mutation_side_effects;ordering_semantics,weak_module_boundaries,18,NA,10051,3,10,8,2,2,0,true,true,true,true,NA,2,3,benchmark/tasks/jinja2__extensions_core__001/metadata.json;benchmark/tasks/jinja2__extensions_core__001/evaluation/oracle_manifest.json;benchmark/tasks/jinja2__extensions_core__001/public_tests/test_public_api.py;benchmark/tasks/jinja2__extensions_core__001/hidden_tests/test_hidden_behavior.py;benchmark/tasks/jinja2__extensions_core__001/repo/src/jinja2/compiler.py;benchmark/tasks/jinja2__extensions_core__001/repo/src/jinja2/environment.py;benchmark/tasks/jinja2__extensions_core__001/repo/src/jinja2/ext.py,high,reviewed_v1,v1
jinja2__filters_tests_core__001,core100,jinja2,15206881c006c79667fe5154fe80c01c65410679,jinja2,framework_plugin,,real_oss_mature,parsing,general_utility,serialize_format_render,registry_plugin_dispatch,local_state,framework_coupling,data_model_coupling;framework_coupling;implicit_dependency_coupling,data_model_invariant;framework_lifecycle;implicit_runtime_dependency;static_transitive_dependency,boundary_cases,weak_module_boundaries,5,NA,3899,4,3,0,2,1,0,false,false,true,true,NA,2,4,benchmark/tasks/jinja2__filters_tests_core__001/metadata.json;benchmark/tasks/jinja2__filters_tests_core__001/evaluation/oracle_manifest.json;benchmark/tasks/jinja2__filters_tests_core__001/public_tests/test_public_api.py;benchmark/tasks/jinja2__filters_tests_core__001/hidden_tests/test_hidden_behavior.py;benchmark/tasks/jinja2__filters_tests_core__001/repo/src/jinja2/environment.py;benchmark/tasks/jinja2__filters_tests_core__001/repo/src/jinja2/filters.py;benchmark/tasks/jinja2__filters_tests_core__001/repo/src/jinja2/runtime.py,medium,ai_assisted_reviewed_v1,v1
jinja2__lexer_parser_core__001,core100,jinja2,15206881c006c79667fe5154fe80c01c65410679,jinja2,framework_plugin,,real_oss_mature,parsing,general_utility,parse_tokenize_decode,,local_state,parser_state_coupling,data_model_coupling;implicit_dependency_coupling;parser_state_coupling,data_model_invariant;dynamic_import_plugin;implicit_runtime_dependency;parser_state;static_transitive_dependency,boundary_cases,weak_module_boundaries,8,NA,4708,6,7,1,2,2,0,true,true,true,false,NA,2,3,benchmark/tasks/jinja2__lexer_parser_core__001/metadata.json;benchmark/tasks/jinja2__lexer_parser_core__001/evaluation/oracle_manifest.json;benchmark/tasks/jinja2__lexer_parser_core__001/public_tests/test_public_api.py;benchmark/tasks/jinja2__lexer_parser_core__001/hidden_tests/test_hidden_behavior.py;benchmark/tasks/jinja2__lexer_parser_core__001/repo/src/jinja2/environment.py;benchmark/tasks/jinja2__lexer_parser_core__001/repo/src/jinja2/lexer.py;benchmark/tasks/jinja2__lexer_parser_core__001/repo/src/jinja2/nodes.py,high,reviewed_v1,v1
jinja2__loader_inheritance_core__001,core100,jinja2,15206881c006c79667fe5154fe80c01c65410679,jinja2,framework_plugin,,real_oss_mature,parsing,general_utility,resource_metadata_loading,serialize_format_render,lifecycle_state,framework_coupling,data_model_coupling;framework_coupling;resource_coupling,data_model_invariant;dynamic_import_plugin;framework_lifecycle;resource_packaging;static_transitive_dependency,boundary_cases;exception_semantics,,7,NA,7074,4,7,0,2,1,0,true,true,true,true,NA,1,3,benchmark/tasks/jinja2__loader_inheritance_core__001/metadata.json;benchmark/tasks/jinja2__loader_inheritance_core__001/evaluation/oracle_manifest.json;benchmark/tasks/jinja2__loader_inheritance_core__001/public_tests/test_public_api.py;benchmark/tasks/jinja2__loader_inheritance_core__001/hidden_tests/test_hidden_behavior.py;benchmark/tasks/jinja2__loader_inheritance_core__001/repo/src/jinja2/compiler.py;benchmark/tasks/jinja2__loader_inheritance_core__001/repo/src/jinja2/environment.py;benchmark/tasks/jinja2__loader_inheritance_core__001/repo/src/jinja2/lexer.py,high,reviewed_v1,v1
json5__parse_core__001,core100,json5,0.9.25-installed-snapshot,json5,library,,real_oss_mature,parsing,,parse_tokenize_decode,,local_state,parser_state_coupling,implicit_dependency_coupling;parser_state_coupling,implicit_runtime_dependency;parser_state;static_transitive_dependency,boundary_cases;exception_semantics,weak_module_boundaries,4,NA,1186,3,1,0,0,0,0,false,true,false,false,NA,2,3,benchmark/tasks/json5__parse_core__001/metadata.json;benchmark/tasks/json5__parse_core__001/evaluation/oracle_manifest.json;benchmark/tasks/json5__parse_core__001/public_tests/test_public_api.py;benchmark/tasks/json5__parse_core__001/hidden_tests/test_hidden_behavior.py;benchmark/tasks/json5__parse_core__001/repo/json5/lib.py;benchmark/tasks/json5__parse_core__001/repo/json5/parser.py,high,reviewed_v1,v1
json_logic__evaluator_core__hard3_001,hard50,json_logic,5fda9125eab4178f8f81c7779291940e31e87bab,json_logic,library,,real_oss_mature,general_utility,,cache_retry_policy,,stateless,parser_state_coupling,data_model_coupling;parser_state_coupling,data_model_invariant;parser_state,boundary_cases,,1,1,166,1,0,0,1,0,0,false,false,false,false,NA,3,3,benchmark/tasks/json_logic__evaluator_core__hard3_001/metadata.json;benchmark/tasks/json_logic__evaluator_core__hard3_001/evaluation/oracle_manifest.json;benchmark/tasks/json_logic__evaluator_core__hard3_001/public_tests/test_public_contract.py;benchmark/tasks/json_logic__evaluator_core__hard3_001/hidden_tests/test_hidden_contract.py;benchmark/tasks/json_logic__evaluator_core__hard3_001/repo/json_logic/__init__.py,high,reviewed_v1,v1
jsonpath_ng__expression_eval_core__001,core100,jsonpath-ng,e59ead334ac47618e6d844ad758114b3bfafcc8a,jsonpath_ng,library,,real_oss_mature,parsing,,parse_tokenize_decode,,local_state,parser_state_coupling,data_model_coupling;implicit_dependency_coupling;parser_state_coupling,data_model_invariant;implicit_runtime_dependency;parser_state;static_transitive_dependency,boundary_cases;exception_semantics;mutation_side_effects,weak_module_boundaries,9,NA,1545,5,8,0,0,1,0,false,false,false,false,NA,4,6,benchmark/tasks/jsonpath_ng__expression_eval_core__001/metadata.json;benchmark/tasks/jsonpath_ng__expression_eval_core__001/evaluation/oracle_manifest.json;benchmark/tasks/jsonpath_ng__expression_eval_core__001/public_tests/test_public_api.py;benchmark/tasks/jsonpath_ng__expression_eval_core__001/hidden_tests/test_hidden_behavior.py;benchmark/tasks/jsonpath_ng__expression_eval_core__001/repo/jsonpath_ng/ext/parser.py;benchmark/tasks/jsonpath_ng__expression_eval_core__001/repo/jsonpath_ng/jsonpath.py;benchmark/tasks/jsonpath_ng__expression_eval_core__001/repo/jsonpath_ng/lexer.py,high,reviewed_v1,v1
jsonpointer__resolve_core__001,core100,jsonpointer,5998f951dcc5ace60f67f35afe6778c445401a07,jsonpointer,library,,real_oss_mature,parsing,,parse_tokenize_decode,,local_state,parser_state_coupling,data_model_coupling;parser_state_coupling,data_model_invariant;parser_state,boundary_cases;exception_semantics;mutation_side_effects,,1,NA,249,5,0,0,0,0,0,false,false,false,false,NA,5,9,benchmark/tasks/jsonpointer__resolve_core__001/metadata.json;benchmark/tasks/jsonpointer__resolve_core__001/evaluation/oracle_manifest.json;benchmark/tasks/jsonpointer__resolve_core__001/public_tests/test_public_api.py;benchmark/tasks/jsonpointer__resolve_core__001/hidden_tests/test_hidden_behavior.py;benchmark/tasks/jsonpointer__resolve_core__001/repo/jsonpointer.py,high,reviewed_v1,v1
jsonschema__validator_core__001,core100,jsonschema,4.23.0-installed-snapshot,jsonschema,library,,real_oss_mature,data_modeling,,validate_normalize_construct,,stateless,data_model_coupling,data_model_coupling;global_state_registry_coupling;implicit_dependency_coupling,data_model_invariant;global_state_registry;implicit_runtime_dependency,boundary_cases;exception_semantics;ordering_semantics,,NA,NA,NA,5,9,0,14,1,NA,false,true,true,false,NA,2,3,benchmark/tasks/jsonschema__validator_core__001/metadata.json;benchmark/tasks/jsonschema__validator_core__001/evaluation/oracle_manifest.json;benchmark/tasks/jsonschema__validator_core__001/public_tests/test_public_api.py;benchmark/tasks/jsonschema__validator_core__001/hidden_tests/test_hidden_behavior.py;benchmark/tasks/jsonschema__validator_core__001/repo/jsonschema/_format.py;benchmark/tasks/jsonschema__validator_core__001/repo/jsonschema/exceptions.py;benchmark/tasks/jsonschema__validator_core__001/repo/jsonschema/validators.py,high,reviewed_v1,v1
jupyter_core__paths_resolver_core__hard3_001,hard50,jupyter_core,ad6b4aea233a9634ffcd6ad553ecd63129ab5f6e,jupyter_core,developer_tooling,,real_oss_mature,configuration,,config_resolve_discover,,stateless,config_environment_coupling,config_environment_coupling;implicit_dependency_coupling;resource_coupling,config_environment;implicit_runtime_dependency;resource_packaging,platform_variation,,NA,NA,NA,5,1,0,4,1,NA,false,false,true,false,NA,3,4,benchmark/tasks/jupyter_core__paths_resolver_core__hard3_001/metadata.json;benchmark/tasks/jupyter_core__paths_resolver_core__hard3_001/evaluation/oracle_manifest.json;benchmark/tasks/jupyter_core__paths_resolver_core__hard3_001/public_tests/test_public_contract.py;benchmark/tasks/jupyter_core__paths_resolver_core__hard3_001/hidden_tests/test_hidden_contract.py;benchmark/tasks/jupyter_core__paths_resolver_core__hard3_001/repo/jupyter_core/paths.py;benchmark/tasks/jupyter_core__paths_resolver_core__hard3_001/repo/jupyter_core/utils/__init__.py,high,reviewed_v1,v1
jupyter_server__extension_config_core__hard3_001,hard50,jupyter_server,c8bbb1a77a1d482816bac0dfe5c14c08d37b59ac,jupyter_server,application_service,,real_oss_mature,application,,registry_plugin_dispatch,,lifecycle_state,framework_coupling,config_environment_coupling;framework_coupling,config_environment;dynamic_import_plugin;framework_lifecycle;static_transitive_dependency,boundary_cases;lifecycle_semantics,,2,4,140,1,0,0,0,0,0,true,false,true,true,NA,1,3,benchmark/tasks/jupyter_server__extension_config_core__hard3_001/metadata.json;benchmark/tasks/jupyter_server__extension_config_core__hard3_001/evaluation/oracle_manifest.json;benchmark/tasks/jupyter_server__extension_config_core__hard3_001/public_tests/test_public_contract.py;benchmark/tasks/jupyter_server__extension_config_core__hard3_001/hidden_tests/test_hidden_contract.py;benchmark/tasks/jupyter_server__extension_config_core__hard3_001/repo/jupyter_server/extension/config.py,high,reviewed_v1,v1
keyring__backend_select_core__hard3_001,hard50,keyring,7603e7cadc254b4c6e3fc2b2f0916a005e78087d,keyring,framework_plugin,,real_oss_mature,general_utility,,registry_plugin_dispatch,,lifecycle_state,framework_coupling,data_model_coupling;framework_coupling;third_party_dependency_coupling,data_model_invariant;dynamic_import_plugin;framework_lifecycle;static_transitive_dependency;third_party_contract,boundary_cases;exception_semantics;mutation_side_effects;ordering_semantics,,7,10,536,6,3,0,2,1,1,true,true,true,true,NA,3,5,benchmark/tasks/keyring__backend_select_core__hard3_001/metadata.json;benchmark/tasks/keyring__backend_select_core__hard3_001/evaluation/oracle_manifest.json;benchmark/tasks/keyring__backend_select_core__hard3_001/public_tests/test_public_contract.py;benchmark/tasks/keyring__backend_select_core__hard3_001/hidden_tests/test_hidden_contract.py;benchmark/tasks/keyring__backend_select_core__hard3_001/repo/keyring/backend.py;benchmark/tasks/keyring__backend_select_core__hard3_001/repo/keyring/backends/chainer.py;benchmark/tasks/keyring__backend_select_core__hard3_001/repo/keyring/backends/fail.py,high,reviewed_v1,v1
lark__grammar_loader_core__001,core100,lark,1.3.1-installed-snapshot,lark,library,,real_oss_mature,parsing,,resource_metadata_loading,,stateless,resource_coupling,implicit_dependency_coupling;parser_state_coupling;resource_coupling,dynamic_import_plugin;implicit_runtime_dependency;parser_state;resource_packaging;static_transitive_dependency,boundary_cases;exception_semantics;lifecycle_semantics,weak_module_boundaries,34,NA,6838,4,13,10,6,3,5,true,false,false,false,NA,1,2,benchmark/tasks/lark__grammar_loader_core__001/metadata.json;benchmark/tasks/lark__grammar_loader_core__001/evaluation/oracle_manifest.json;benchmark/tasks/lark__grammar_loader_core__001/public_tests/test_public_api.py;benchmark/tasks/lark__grammar_loader_core__001/hidden_tests/test_hidden_behavior.py;benchmark/tasks/lark__grammar_loader_core__001/repo/lark/__init__.py;benchmark/tasks/lark__grammar_loader_core__001/repo/lark/lark.py;benchmark/tasks/lark__grammar_loader_core__001/repo/lark/load_grammar.py,high,reviewed_v1,v1
lark__parse_tree_core__001,core100,lark,1.2.2,lark,library,,real_oss_mature,parsing,,parse_tokenize_decode,,local_state,parser_state_coupling,data_model_coupling;implicit_dependency_coupling;parser_state_coupling,data_model_invariant;dynamic_import_plugin;implicit_runtime_dependency;parser_state;static_transitive_dependency,boundary_cases;exception_semantics;lifecycle_semantics,,NA,NA,NA,6,14,9,6,3,NA,true,false,false,false,NA,2,3,benchmark/tasks/lark__parse_tree_core__001/metadata.json;benchmark/tasks/lark__parse_tree_core__001/evaluation/oracle_manifest.json;benchmark/tasks/lark__parse_tree_core__001/public_tests/test_parse_public.py;benchmark/tasks/lark__parse_tree_core__001/hidden_tests/test_parse_hidden.py;benchmark/tasks/lark__parse_tree_core__001/repo/lark/__init__.py;benchmark/tasks/lark__parse_tree_core__001/repo/lark/exceptions.py;benchmark/tasks/lark__parse_tree_core__001/repo/lark/lark.py,high,reviewed_v1,v1
lark__visitor_transform_core__001,core100,lark,1.2.2,lark,library,,real_oss_mature,parsing,,algorithm_data_structure,,local_state,data_model_coupling,data_model_coupling;implicit_dependency_coupling;parser_state_coupling,data_model_invariant;dynamic_import_plugin;implicit_runtime_dependency;parser_state;static_transitive_dependency,boundary_cases;lifecycle_semantics;mutation_side_effects,,NA,NA,NA,6,6,16,6,4,NA,true,false,false,false,NA,2,3,benchmark/tasks/lark__visitor_transform_core__001/metadata.json;benchmark/tasks/lark__visitor_transform_core__001/evaluation/oracle_manifest.json;benchmark/tasks/lark__visitor_transform_core__001/public_tests/test_visitor_public.py;benchmark/tasks/lark__visitor_transform_core__001/hidden_tests/test_visitor_hidden.py;benchmark/tasks/lark__visitor_transform_core__001/repo/lark/__init__.py;benchmark/tasks/lark__visitor_transform_core__001/repo/lark/parsers/earley_forest.py;benchmark/tasks/lark__visitor_transform_core__001/repo/lark/tree.py,medium,ai_assisted_reviewed_v1,v1
license_expression__policy_core__hard3_001,hard50,license_expression,2efada20a05837dd573fa6852fbc0974939f2b14,license_expression,library,,real_oss_mature,parsing,,parse_tokenize_decode,cache_retry_policy,local_state,parser_state_coupling,data_model_coupling;implicit_dependency_coupling;parser_state_coupling,data_model_invariant;implicit_runtime_dependency;parser_state;static_transitive_dependency,boundary_cases;exception_semantics,,4,4,2022,4,1,0,1,1,2,false,false,true,false,NA,3,6,benchmark/tasks/license_expression__policy_core__hard3_001/metadata.json;benchmark/tasks/license_expression__policy_core__hard3_001/evaluation/oracle_manifest.json;benchmark/tasks/license_expression__policy_core__hard3_001/public_tests/test_public_contract.py;benchmark/tasks/license_expression__policy_core__hard3_001/hidden_tests/test_hidden_contract.py;benchmark/tasks/license_expression__policy_core__hard3_001/repo/src/license_expression/__init__.py,high,reviewed_v1,v1
mako__lexer_expression_core__001,core100,mako,d58a9208fd62a816e9609a35be55aa6d3c5b14e7,mako,library,,real_oss_mature,parsing,,parse_tokenize_decode,,lifecycle_state,parser_state_coupling,framework_coupling;implicit_dependency_coupling;parser_state_coupling,dynamic_import_plugin;framework_lifecycle;implicit_runtime_dependency;parser_state;static_transitive_dependency,boundary_cases;exception_semantics,weak_module_boundaries,10,NA,2955,7,9,0,1,1,0,true,true,true,true,NA,4,7,benchmark/tasks/mako__lexer_expression_core__001/metadata.json;benchmark/tasks/mako__lexer_expression_core__001/evaluation/oracle_manifest.json;benchmark/tasks/mako__lexer_expression_core__001/public_tests/test_public_api.py;benchmark/tasks/mako__lexer_expression_core__001/hidden_tests/test_hidden_behavior.py;benchmark/tasks/mako__lexer_expression_core__001/repo/mako/ast.py;benchmark/tasks/mako__lexer_expression_core__001/repo/mako/compat.py;benchmark/tasks/mako__lexer_expression_core__001/repo/mako/exceptions.py,high,reviewed_v1,v1
markdown__extensions_core__001,core100,Markdown,3.7-installed-snapshot,markdown,library,,real_oss_mature,parsing,,parse_tokenize_decode,registry_plugin_dispatch,lifecycle_state,parser_state_coupling,framework_coupling;parser_state_coupling,dynamic_import_plugin;framework_lifecycle;parser_state;static_transitive_dependency,boundary_cases;ordering_semantics,,15,NA,3547,3,9,3,2,2,0,true,false,true,true,NA,2,5,benchmark/tasks/markdown__extensions_core__001/metadata.json;benchmark/tasks/markdown__extensions_core__001/evaluation/oracle_manifest.json;benchmark/tasks/markdown__extensions_core__001/public_tests/test_public_api.py;benchmark/tasks/markdown__extensions_core__001/hidden_tests/test_hidden_behavior.py;benchmark/tasks/markdown__extensions_core__001/repo/markdown/blockparser.py;benchmark/tasks/markdown__extensions_core__001/repo/markdown/blockprocessors.py;benchmark/tasks/markdown__extensions_core__001/repo/markdown/core.py,high,reviewed_v1,v1
markdown_it__commonmark_render__001,core100,markdown-it-py,2.2.0-installed-snapshot,markdown_it_py,library,,real_oss_mature,parsing,,parse_tokenize_decode,serialize_format_render,local_state,parser_state_coupling,data_model_coupling;implicit_dependency_coupling;parser_state_coupling,data_model_invariant;implicit_runtime_dependency;parser_state;static_transitive_dependency,boundary_cases;lifecycle_semantics,,NA,NA,NA,3,14,46,4,4,NA,false,false,true,true,NA,2,3,benchmark/tasks/markdown_it__commonmark_render__001/metadata.json;benchmark/tasks/markdown_it__commonmark_render__001/evaluation/oracle_manifest.json;benchmark/tasks/markdown_it__commonmark_render__001/public_tests/test_public_api.py;benchmark/tasks/markdown_it__commonmark_render__001/hidden_tests/test_hidden_behavior.py;benchmark/tasks/markdown_it__commonmark_render__001/repo/markdown_it/main.py;benchmark/tasks/markdown_it__commonmark_render__001/repo/markdown_it/token.py;benchmark/tasks/markdown_it__commonmark_render__001/repo/markdown_it/utils.py,high,reviewed_v1,v1
marshmallow__schema_core__001,core100,marshmallow,4.3.0-installed-snapshot,marshmallow,library,,real_oss_mature,data_modeling,,serialize_format_render,validate_normalize_construct,lifecycle_state,data_model_coupling,data_model_coupling;framework_coupling;implicit_dependency_coupling,data_model_invariant;framework_lifecycle;implicit_runtime_dependency;static_transitive_dependency,boundary_cases;exception_semantics;ordering_semantics,weak_module_boundaries,15,NA,4155,5,12,0,3,1,1,false,true,true,true,NA,1,2,benchmark/tasks/marshmallow__schema_core__001/metadata.json;benchmark/tasks/marshmallow__schema_core__001/evaluation/oracle_manifest.json;benchmark/tasks/marshmallow__schema_core__001/public_tests/test_public_api.py;benchmark/tasks/marshmallow__schema_core__001/hidden_tests/test_hidden_behavior.py;benchmark/tasks/marshmallow__schema_core__001/repo/marshmallow/class_registry.py;benchmark/tasks/marshmallow__schema_core__001/repo/marshmallow/decorators.py;benchmark/tasks/marshmallow__schema_core__001/repo/marshmallow/exceptions.py,high,reviewed_v1,v1
mkdocs__plugin_config_core__hard3_001,hard50,mkdocs,2862536793b3c67d9d83c33e0dd6d50a791928f8,mkdocs,developer_tooling,,real_oss_mature,application,,registry_plugin_dispatch,,lifecycle_state,framework_coupling,config_environment_coupling;framework_coupling,config_environment;dynamic_import_plugin;framework_lifecycle;static_transitive_dependency,boundary_cases;exception_semantics;lifecycle_semantics,,2,3,848,2,1,0,4,1,0,true,false,true,true,NA,1,3,benchmark/tasks/mkdocs__plugin_config_core__hard3_001/metadata.json;benchmark/tasks/mkdocs__plugin_config_core__hard3_001/evaluation/oracle_manifest.json;benchmark/tasks/mkdocs__plugin_config_core__hard3_001/public_tests/test_public_contract.py;benchmark/tasks/mkdocs__plugin_config_core__hard3_001/hidden_tests/test_hidden_contract.py;benchmark/tasks/mkdocs__plugin_config_core__hard3_001/repo/mkdocs/plugins.py,high,reviewed_v1,v1
msgpack__pack_unpack_core__001,core100,msgpack-python,2de627311fb17b1a942d052447c3777cd58b162d,msgpack_python,library,,real_oss_mature,parsing,,serialize_format_render,,local_state,parser_state_coupling,data_model_coupling;implicit_dependency_coupling;parser_state_coupling,data_model_invariant;implicit_runtime_dependency;parser_state;static_transitive_dependency,boundary_cases;exception_semantics;lifecycle_semantics,weak_module_boundaries,4,NA,1028,8,3,0,2,0,0,false,false,true,false,NA,5,8,benchmark/tasks/msgpack__pack_unpack_core__001/metadata.json;benchmark/tasks/msgpack__pack_unpack_core__001/evaluation/oracle_manifest.json;benchmark/tasks/msgpack__pack_unpack_core__001/public_tests/test_public_api.py;benchmark/tasks/msgpack__pack_unpack_core__001/hidden_tests/test_hidden_behavior.py;benchmark/tasks/msgpack__pack_unpack_core__001/repo/msgpack/__init__.py;benchmark/tasks/msgpack__pack_unpack_core__001/repo/msgpack/exceptions.py;benchmark/tasks/msgpack__pack_unpack_core__001/repo/msgpack/ext.py,high,reviewed_v1,v1
multidict__multidict_mutation_core__hard3_001,hard50,multidict,2aed5c21c349f355063b08355b7322c14075acc3,multidict,library,,real_oss_mature,general_utility,,algorithm_data_structure,,local_state,data_model_coupling,data_model_coupling;implicit_dependency_coupling,data_model_invariant;implicit_runtime_dependency;static_transitive_dependency,boundary_cases;exception_semantics;mutation_side_effects;ordering_semantics,weak_module_boundaries,4,4,1172,3,1,0,1,1,0,false,false,true,false,NA,2,3,benchmark/tasks/multidict__multidict_mutation_core__hard3_001/metadata.json;benchmark/tasks/multidict__multidict_mutation_core__hard3_001/evaluation/oracle_manifest.json;benchmark/tasks/multidict__multidict_mutation_core__hard3_001/public_tests/test_public_contract.py;benchmark/tasks/multidict__multidict_mutation_core__hard3_001/hidden_tests/test_hidden_contract.py;benchmark/tasks/multidict__multidict_mutation_core__hard3_001/repo/multidict/_multidict_py.py,high,reviewed_v1,v1
networkx__dag_topo_core__001,core100,networkx,3.3-curated-dag-snapshot,networkx,library,,real_oss_mature,general_utility,,algorithm_data_structure,,local_state,data_model_coupling,data_model_coupling;implicit_dependency_coupling,data_model_invariant;dynamic_import_plugin;implicit_runtime_dependency;static_transitive_dependency,boundary_cases;exception_semantics,weak_module_boundaries,26,NA,11325,7,7,10,4,2,0,true,false,true,false,NA,2,4,benchmark/tasks/networkx__dag_topo_core__001/metadata.json;benchmark/tasks/networkx__dag_topo_core__001/evaluation/oracle_manifest.json;benchmark/tasks/networkx__dag_topo_core__001/public_tests/test_public_api.py;benchmark/tasks/networkx__dag_topo_core__001/hidden_tests/test_hidden_behavior.py;benchmark/tasks/networkx__dag_topo_core__001/repo/networkx/algorithms/dag.py;benchmark/tasks/networkx__dag_topo_core__001/repo/networkx/classes/digraph.py;benchmark/tasks/networkx__dag_topo_core__001/repo/networkx/exception.py,high,reviewed_v1,v1
packaging__requirement_marker_specifier__001,core100,packaging,24.1-installed-snapshot,packaging,developer_tooling,,real_oss_mature,packaging,parsing,parse_tokenize_decode,,local_state,parser_state_coupling,data_model_coupling;implicit_dependency_coupling;parser_state_coupling,data_model_invariant;implicit_runtime_dependency;parser_state;static_transitive_dependency,boundary_cases;exception_semantics;platform_variation,,NA,NA,NA,10,7,5,1,4,NA,false,false,true,false,NA,3,4,benchmark/tasks/packaging__requirement_marker_specifier__001/metadata.json;benchmark/tasks/packaging__requirement_marker_specifier__001/evaluation/oracle_manifest.json;benchmark/tasks/packaging__requirement_marker_specifier__001/public_tests/test_public_api.py;benchmark/tasks/packaging__requirement_marker_specifier__001/hidden_tests/test_hidden_behavior.py;benchmark/tasks/packaging__requirement_marker_specifier__001/repo/packaging/markers.py;benchmark/tasks/packaging__requirement_marker_specifier__001/repo/packaging/requirements.py;benchmark/tasks/packaging__requirement_marker_specifier__001/repo/packaging/specifiers.py,high,reviewed_v1,v1
parsel__selector_namespace_core__hard3_001,hard50,parsel,05b3d37bf292d012f3d0b71fb7f0697d03af113e,parsel,library,,real_oss_mature,parsing,,parse_tokenize_decode,,local_state,data_model_coupling,data_model_coupling;third_party_dependency_coupling,data_model_invariant;static_transitive_dependency;third_party_contract,exception_semantics;lifecycle_semantics;mutation_side_effects,,2,3,770,1,1,0,6,1,0,false,false,true,false,NA,1,3,benchmark/tasks/parsel__selector_namespace_core__hard3_001/metadata.json;benchmark/tasks/parsel__selector_namespace_core__hard3_001/evaluation/oracle_manifest.json;benchmark/tasks/parsel__selector_namespace_core__hard3_001/public_tests/test_public_contract.py;benchmark/tasks/parsel__selector_namespace_core__hard3_001/hidden_tests/test_hidden_contract.py;benchmark/tasks/parsel__selector_namespace_core__hard3_001/repo/parsel/selector.py,medium,ai_assisted_reviewed_v1,v1
parso__python_parse_core__001,core100,parso,0.8.3-installed-snapshot,parso,library,,real_oss_mature,parsing,,parse_tokenize_decode,,local_state,parser_state_coupling,data_model_coupling;parser_state_coupling,data_model_invariant;parser_state;static_transitive_dependency,boundary_cases;lifecycle_semantics,,26,NA,4854,3,13,5,0,3,7,false,true,true,false,NA,2,5,benchmark/tasks/parso__python_parse_core__001/metadata.json;benchmark/tasks/parso__python_parse_core__001/evaluation/oracle_manifest.json;benchmark/tasks/parso__python_parse_core__001/public_tests/test_public_api.py;benchmark/tasks/parso__python_parse_core__001/hidden_tests/test_hidden_behavior.py;benchmark/tasks/parso__python_parse_core__001/repo/parso/__init__.py;benchmark/tasks/parso__python_parse_core__001/repo/parso/cache.py;benchmark/tasks/parso__python_parse_core__001/repo/parso/grammar.py,high,reviewed_v1,v1
passlib__hash_context_core__001,core100,passlib,1.7.4-installed-snapshot,passlib,library,,real_oss_mature,general_utility,,validate_normalize_construct,,stateless,data_model_coupling,data_model_coupling;global_state_registry_coupling;implicit_dependency_coupling,data_model_invariant;dynamic_import_plugin;global_state_registry;implicit_runtime_dependency;static_transitive_dependency,boundary_cases,,NA,NA,NA,4,10,1,2,2,NA,true,true,true,false,NA,1,2,benchmark/tasks/passlib__hash_context_core__001/metadata.json;benchmark/tasks/passlib__hash_context_core__001/evaluation/oracle_manifest.json;benchmark/tasks/passlib__hash_context_core__001/public_tests/test_public_api.py;benchmark/tasks/passlib__hash_context_core__001/hidden_tests/test_hidden_behavior.py;benchmark/tasks/passlib__hash_context_core__001/repo/passlib/context.py;benchmark/tasks/passlib__hash_context_core__001/repo/passlib/crypto/digest.py;benchmark/tasks/passlib__hash_context_core__001/repo/passlib/handlers/pbkdf2.py,high,reviewed_v1,v1
pathvalidate__sanitize_core__001,core100,pathvalidate,1ca0a50fce51d5b5bd633457a72abf74dbe3112d,pathvalidate,library,,real_oss_mature,configuration,,validate_normalize_construct,,stateless,config_environment_coupling,config_environment_coupling;implicit_dependency_coupling;parser_state_coupling,config_environment;implicit_runtime_dependency;parser_state;static_transitive_dependency,boundary_cases;exception_semantics;platform_variation,weak_module_boundaries,9,NA,1484,12,7,0,0,1,0,false,false,false,false,NA,3,6,benchmark/tasks/pathvalidate__sanitize_core__001/metadata.json;benchmark/tasks/pathvalidate__sanitize_core__001/evaluation/oracle_manifest.json;benchmark/tasks/pathvalidate__sanitize_core__001/public_tests/test_public_api.py;benchmark/tasks/pathvalidate__sanitize_core__001/hidden_tests/test_hidden_behavior.py;benchmark/tasks/pathvalidate__sanitize_core__001/repo/pathvalidate/_const.py;benchmark/tasks/pathvalidate__sanitize_core__001/repo/pathvalidate/_filename.py;benchmark/tasks/pathvalidate__sanitize_core__001/repo/pathvalidate/_filepath.py,high,reviewed_v1,v1
pendulum__parse_format_core__001,core100,pendulum,b99bd1468b5562f045c90d851c4fab0072b26df8,pendulum,library,,real_oss_mature,parsing,,parse_tokenize_decode,serialize_format_render,local_state,parser_state_coupling,data_model_coupling;implicit_dependency_coupling;parser_state_coupling,data_model_invariant;dynamic_import_plugin;implicit_runtime_dependency;parser_state;static_transitive_dependency,boundary_cases;exception_semantics,weak_module_boundaries,28,NA,5077,7,15,4,2,3,0,true,true,false,false,NA,5,10,benchmark/tasks/pendulum__parse_format_core__001/metadata.json;benchmark/tasks/pendulum__parse_format_core__001/evaluation/oracle_manifest.json;benchmark/tasks/pendulum__parse_format_core__001/public_tests/test_public_api.py;benchmark/tasks/pendulum__parse_format_core__001/hidden_tests/test_hidden_behavior.py;benchmark/tasks/pendulum__parse_format_core__001/repo/pendulum/datetime.py;benchmark/tasks/pendulum__parse_format_core__001/repo/pendulum/duration.py;benchmark/tasks/pendulum__parse_format_core__001/repo/pendulum/formatting/formatter.py,high,reviewed_v1,v1
phonenumbers__parse_format_core__001,core100,phonenumbers,9.0.33-installed-snapshot,phonenumbers,library,,real_oss_mature,general_utility,,parse_tokenize_decode,serialize_format_render,local_state,resource_coupling,data_model_coupling;resource_coupling;third_party_dependency_coupling,data_model_invariant;dynamic_import_plugin;resource_packaging;static_transitive_dependency;third_party_contract,boundary_cases;exception_semantics,,12,NA,6220,5,6,1,0,2,0,true,true,true,false,NA,2,3,benchmark/tasks/phonenumbers__parse_format_core__001/metadata.json;benchmark/tasks/phonenumbers__parse_format_core__001/evaluation/oracle_manifest.json;benchmark/tasks/phonenumbers__parse_format_core__001/public_tests/test_public_api.py;benchmark/tasks/phonenumbers__parse_format_core__001/hidden_tests/test_hidden_behavior.py;benchmark/tasks/phonenumbers__parse_format_core__001/repo/phonenumbers/data/__init__.py;benchmark/tasks/phonenumbers__parse_format_core__001/repo/phonenumbers/phonemetadata.py;benchmark/tasks/phonenumbers__parse_format_core__001/repo/phonenumbers/phonenumber.py,high,reviewed_v1,v1
platformdirs__app_dirs_core__hard3_001,hard50,platformdirs,4bd7bb307292ae7c46fabef7cb58951825d0dd68,platformdirs,library,,real_oss_mature,configuration,,config_resolve_discover,,stateless,config_environment_coupling,config_environment_coupling;implicit_dependency_coupling;resource_coupling,config_environment;implicit_runtime_dependency;resource_packaging;static_transitive_dependency,platform_variation,weak_module_boundaries,6,3,1980,3,4,1,2,2,0,false,false,false,false,NA,3,5,benchmark/tasks/platformdirs__app_dirs_core__hard3_001/metadata.json;benchmark/tasks/platformdirs__app_dirs_core__hard3_001/evaluation/oracle_manifest.json;benchmark/tasks/platformdirs__app_dirs_core__hard3_001/public_tests/test_public_contract.py;benchmark/tasks/platformdirs__app_dirs_core__hard3_001/hidden_tests/test_hidden_contract.py;benchmark/tasks/platformdirs__app_dirs_core__hard3_001/repo/src/platformdirs/__init__.py,high,reviewed_v1,v1
pluggy__hook_call_order__001,core100,pluggy,1.0.0-installed-snapshot,pluggy,framework_plugin,,real_oss_mature,general_utility,,registry_plugin_dispatch,,lifecycle_state,framework_coupling,framework_coupling;global_state_registry_coupling;implicit_dependency_coupling,framework_lifecycle;global_state_registry;implicit_runtime_dependency;static_transitive_dependency,boundary_cases;exception_semantics;lifecycle_semantics;mutation_side_effects;ordering_semantics,weak_module_boundaries,7,NA,739,5,4,1,1,2,0,false,true,true,true,NA,1,3,benchmark/tasks/pluggy__hook_call_order__001/metadata.json;benchmark/tasks/pluggy__hook_call_order__001/evaluation/oracle_manifest.json;benchmark/tasks/pluggy__hook_call_order__001/public_tests/test_public_api.py;benchmark/tasks/pluggy__hook_call_order__001/hidden_tests/test_hidden_behavior.py;benchmark/tasks/pluggy__hook_call_order__001/repo/pluggy/_callers.py;benchmark/tasks/pluggy__hook_call_order__001/repo/pluggy/_hooks.py;benchmark/tasks/pluggy__hook_call_order__001/repo/pluggy/_manager.py,high,reviewed_v1,v1
pluggy__hook_specs_core__001,core100,pluggy,1.0.0-installed-snapshot,pluggy,framework_plugin,,real_oss_mature,general_utility,,registry_plugin_dispatch,,lifecycle_state,framework_coupling,framework_coupling;global_state_registry_coupling;implicit_dependency_coupling,dynamic_import_plugin;framework_lifecycle;global_state_registry;implicit_runtime_dependency;static_transitive_dependency,boundary_cases;exception_semantics;lifecycle_semantics;mutation_side_effects,weak_module_boundaries,7,NA,739,6,6,1,1,2,0,true,true,true,true,NA,2,3,benchmark/tasks/pluggy__hook_specs_core__001/metadata.json;benchmark/tasks/pluggy__hook_specs_core__001/evaluation/oracle_manifest.json;benchmark/tasks/pluggy__hook_specs_core__001/public_tests/test_public_api.py;benchmark/tasks/pluggy__hook_specs_core__001/hidden_tests/test_hidden_behavior.py;benchmark/tasks/pluggy__hook_specs_core__001/repo/pluggy/__init__.py;benchmark/tasks/pluggy__hook_specs_core__001/repo/pluggy/_callers.py;benchmark/tasks/pluggy__hook_specs_core__001/repo/pluggy/_hooks.py,high,reviewed_v1,v1
pluggy__hook_wrapper_core__hard3_001,hard50,pluggy,6b0f3293895e9a3dc5b5e5d4bcad5b1649e19c21,pluggy,framework_plugin,,real_oss_mature,general_utility,,registry_plugin_dispatch,,lifecycle_state,framework_coupling,framework_coupling;implicit_dependency_coupling,dynamic_import_plugin;framework_lifecycle;implicit_runtime_dependency;static_transitive_dependency,lifecycle_semantics;mutation_side_effects;ordering_semantics,,2,2,795,1,0,0,0,0,0,true,false,true,true,NA,2,3,benchmark/tasks/pluggy__hook_wrapper_core__hard3_001/metadata.json;benchmark/tasks/pluggy__hook_wrapper_core__hard3_001/evaluation/oracle_manifest.json;benchmark/tasks/pluggy__hook_wrapper_core__hard3_001/public_tests/test_public_contract.py;benchmark/tasks/pluggy__hook_wrapper_core__hard3_001/hidden_tests/test_hidden_contract.py;benchmark/tasks/pluggy__hook_wrapper_core__hard3_001/repo/src/pluggy/_hooks.py,high,reviewed_v1,v1
poetry_core__dependency_groups_core__hard3_001,hard50,poetry_core,5de24118d23a05a23af5d9eb1d8bd98850d09205,poetry_core,developer_tooling,,real_oss_mature,packaging,,resource_metadata_loading,config_resolve_discover,stateless,data_model_coupling,config_environment_coupling;data_model_coupling,config_environment;data_model_invariant;static_transitive_dependency,exception_semantics,,2,4,1142,1,0,0,2,0,0,false,false,false,false,NA,1,2,benchmark/tasks/poetry_core__dependency_groups_core__hard3_001/metadata.json;benchmark/tasks/poetry_core__dependency_groups_core__hard3_001/evaluation/oracle_manifest.json;benchmark/tasks/poetry_core__dependency_groups_core__hard3_001/public_tests/test_public_contract.py;benchmark/tasks/poetry_core__dependency_groups_core__hard3_001/hidden_tests/test_hidden_contract.py;benchmark/tasks/poetry_core__dependency_groups_core__hard3_001/repo/src/poetry/core/packages/dependency_group.py,high,reviewed_v1,v1
pydantic__field_validator_core__hard3_001,hard50,pydantic,652a61ce4f9d7d76eaada31535807a485ece0e21,pydantic,library,,real_oss_mature,data_modeling,,validate_normalize_construct,,stateless,data_model_coupling,data_model_coupling;implicit_dependency_coupling,data_model_invariant;dynamic_import_plugin;implicit_runtime_dependency;static_transitive_dependency,exception_semantics;ordering_semantics,,2,3,2302,1,0,0,3,0,0,true,false,false,true,NA,1,2,benchmark/tasks/pydantic__field_validator_core__hard3_001/metadata.json;benchmark/tasks/pydantic__field_validator_core__hard3_001/evaluation/oracle_manifest.json;benchmark/tasks/pydantic__field_validator_core__hard3_001/public_tests/test_public_contract.py;benchmark/tasks/pydantic__field_validator_core__hard3_001/hidden_tests/test_hidden_contract.py;benchmark/tasks/pydantic__field_validator_core__hard3_001/repo/pydantic/functional_validators.py,high,reviewed_v1,v1
pydantic_settings__env_source_core__001,core100,pydantic-settings,2.14.2-installed-snapshot,pydantic_settings,library,,real_oss_mature,configuration,,config_resolve_discover,,lifecycle_state,config_environment_coupling,config_environment_coupling;data_model_coupling;framework_coupling,config_environment;data_model_invariant;framework_lifecycle;static_transitive_dependency,boundary_cases;platform_variation,,21,NA,4678,4,7,11,10,2,0,false,true,false,true,NA,1,4,benchmark/tasks/pydantic_settings__env_source_core__001/metadata.json;benchmark/tasks/pydantic_settings__env_source_core__001/evaluation/oracle_manifest.json;benchmark/tasks/pydantic_settings__env_source_core__001/public_tests/test_public_api.py;benchmark/tasks/pydantic_settings__env_source_core__001/hidden_tests/test_hidden_behavior.py;benchmark/tasks/pydantic_settings__env_source_core__001/repo/pydantic_settings/main.py;benchmark/tasks/pydantic_settings__env_source_core__001/repo/pydantic_settings/sources/providers/aws.py;benchmark/tasks/pydantic_settings__env_source_core__001/repo/pydantic_settings/sources/providers/azure.py,high,reviewed_v1,v1
pydantic_v1__validation_error_core__001,core100,pydantic,5ebcdc13b83fba5da34ad9b0f008f7b4faf89396,pydantic,library,,real_oss_mature,data_modeling,,validate_normalize_construct,,lifecycle_state,framework_coupling,data_model_coupling;framework_coupling;global_state_registry_coupling;implicit_dependency_coupling,data_model_invariant;dynamic_import_plugin;framework_lifecycle;global_state_registry;implicit_runtime_dependency;static_transitive_dependency,boundary_cases;exception_semantics;ordering_semantics,weak_module_boundaries,15,NA,6165,7,13,2,2,2,0,true,true,true,true,NA,4,6,benchmark/tasks/pydantic_v1__validation_error_core__001/metadata.json;benchmark/tasks/pydantic_v1__validation_error_core__001/evaluation/oracle_manifest.json;benchmark/tasks/pydantic_v1__validation_error_core__001/public_tests/test_public_api.py;benchmark/tasks/pydantic_v1__validation_error_core__001/hidden_tests/test_hidden_behavior.py;benchmark/tasks/pydantic_v1__validation_error_core__001/repo/pydantic/class_validators.py;benchmark/tasks/pydantic_v1__validation_error_core__001/repo/pydantic/config.py;benchmark/tasks/pydantic_v1__validation_error_core__001/repo/pydantic/error_wrappers.py,high,reviewed_v1,v1
pygments__formatter_core__001,core100,pygments,2.15.1,pygments,library,,real_oss_mature,parsing,,serialize_format_render,,local_state,parser_state_coupling,data_model_coupling;implicit_dependency_coupling;parser_state_coupling,data_model_invariant;dynamic_import_plugin;implicit_runtime_dependency;parser_state;static_transitive_dependency,boundary_cases,,NA,NA,NA,5,8,3,4,2,NA,true,true,true,true,NA,2,3,benchmark/tasks/pygments__formatter_core__001/metadata.json;benchmark/tasks/pygments__formatter_core__001/evaluation/oracle_manifest.json;benchmark/tasks/pygments__formatter_core__001/public_tests/test_formatter_public.py;benchmark/tasks/pygments__formatter_core__001/hidden_tests/test_formatter_hidden.py;benchmark/tasks/pygments__formatter_core__001/repo/pygments/__init__.py;benchmark/tasks/pygments__formatter_core__001/repo/pygments/formatter.py;benchmark/tasks/pygments__formatter_core__001/repo/pygments/formatters/html.py,high,reviewed_v1,v1
pygments__lexer_core__001,core100,pygments,2.15.1,pygments,library,,real_oss_mature,parsing,,parse_tokenize_decode,,local_state,parser_state_coupling,data_model_coupling;implicit_dependency_coupling;parser_state_coupling,data_model_invariant;dynamic_import_plugin;implicit_runtime_dependency;parser_state;static_transitive_dependency,boundary_cases,,NA,NA,NA,6,12,1,3,2,NA,true,true,true,false,NA,2,3,benchmark/tasks/pygments__lexer_core__001/metadata.json;benchmark/tasks/pygments__lexer_core__001/evaluation/oracle_manifest.json;benchmark/tasks/pygments__lexer_core__001/public_tests/test_lexer_public.py;benchmark/tasks/pygments__lexer_core__001/hidden_tests/test_lexer_hidden.py;benchmark/tasks/pygments__lexer_core__001/repo/pygments/__init__.py;benchmark/tasks/pygments__lexer_core__001/repo/pygments/lexer.py;benchmark/tasks/pygments__lexer_core__001/repo/pygments/lexers/__init__.py,high,reviewed_v1,v1
pyramid__configurator_action_core__hard3_001,hard50,pyramid,5b13e4a61b479be17c1d97ab504154595813a8f8,pyramid,framework_plugin,,real_oss_mature,application,,workflow_session_orchestration,registry_plugin_dispatch,lifecycle_state,framework_coupling,framework_coupling;implicit_dependency_coupling,framework_lifecycle;implicit_runtime_dependency;static_transitive_dependency,boundary_cases;exception_semantics;lifecycle_semantics,,2,2,581,1,1,0,2,1,0,false,false,true,true,NA,1,3,benchmark/tasks/pyramid__configurator_action_core__hard3_001/metadata.json;benchmark/tasks/pyramid__configurator_action_core__hard3_001/evaluation/oracle_manifest.json;benchmark/tasks/pyramid__configurator_action_core__hard3_001/public_tests/test_public_contract.py;benchmark/tasks/pyramid__configurator_action_core__hard3_001/hidden_tests/test_hidden_contract.py;benchmark/tasks/pyramid__configurator_action_core__hard3_001/repo/src/pyramid/config/actions.py,medium,ai_assisted_reviewed_v1,v1
pytest__fixture_resolve_core__001,core100,pytest,b55ab2aabb68c0ce94c3903139b062d0c2790152,pytest,developer_tooling,,real_oss_mature,testing,configuration,registry_plugin_dispatch,,lifecycle_state,framework_coupling,framework_coupling;global_state_registry_coupling;implicit_dependency_coupling,framework_lifecycle;global_state_registry;implicit_runtime_dependency,boundary_cases;exception_semantics;lifecycle_semantics,,1,NA,1663,5,0,0,1,0,0,false,true,true,true,NA,2,3,benchmark/tasks/pytest__fixture_resolve_core__001/metadata.json;benchmark/tasks/pytest__fixture_resolve_core__001/evaluation/oracle_manifest.json;benchmark/tasks/pytest__fixture_resolve_core__001/public_tests/test_public_api.py;benchmark/tasks/pytest__fixture_resolve_core__001/hidden_tests/test_hidden_behavior.py;benchmark/tasks/pytest__fixture_resolve_core__001/repo/src/_pytest/fixtures.py,high,reviewed_v1,v1
pytest__ini_markers_core__001,core100,pytest,b55ab2aabb68c0ce94c3903139b062d0c2790152,pytest,developer_tooling,,real_oss_mature,testing,configuration,config_resolve_discover,,stateless,config_environment_coupling,config_environment_coupling;global_state_registry_coupling,config_environment;dynamic_import_plugin;global_state_registry;static_transitive_dependency,boundary_cases;ordering_semantics,,2,NA,1921,3,1,0,2,0,0,true,true,true,false,NA,2,3,benchmark/tasks/pytest__ini_markers_core__001/metadata.json;benchmark/tasks/pytest__ini_markers_core__001/evaluation/oracle_manifest.json;benchmark/tasks/pytest__ini_markers_core__001/public_tests/test_public_api.py;benchmark/tasks/pytest__ini_markers_core__001/hidden_tests/test_hidden_behavior.py;benchmark/tasks/pytest__ini_markers_core__001/repo/src/_pytest/config/__init__.py;benchmark/tasks/pytest__ini_markers_core__001/repo/src/_pytest/mark/__init__.py,high,reviewed_v1,v1
pytest__mark_expression_core__001,core100,pytest,b55ab2aabb68c0ce94c3903139b062d0c2790152,pytest,developer_tooling,,real_oss_mature,testing,configuration,parse_tokenize_decode,,lifecycle_state,parser_state_coupling,framework_coupling;implicit_dependency_coupling;parser_state_coupling,framework_lifecycle;implicit_runtime_dependency;parser_state,boundary_cases,,1,NA,266,3,0,0,0,0,0,false,false,true,true,NA,2,2,benchmark/tasks/pytest__mark_expression_core__001/metadata.json;benchmark/tasks/pytest__mark_expression_core__001/evaluation/oracle_manifest.json;benchmark/tasks/pytest__mark_expression_core__001/public_tests/test_public_api.py;benchmark/tasks/pytest__mark_expression_core__001/hidden_tests/test_hidden_behavior.py;benchmark/tasks/pytest__mark_expression_core__001/repo/src/_pytest/mark/expression.py,high,reviewed_v1,v1
pytest__marker_registry_core__hard3_001,hard50,pytest,83b022078855ea64c5c53bc50bd9299a5a1f1dc0,pytest,developer_tooling,,real_oss_mature,testing,configuration,registry_plugin_dispatch,,global_state,framework_coupling,framework_coupling;global_state_registry_coupling,dynamic_import_plugin;framework_lifecycle;global_state_registry;static_transitive_dependency,boundary_cases;exception_semantics;lifecycle_semantics,,2,2,2500,1,1,0,5,1,0,true,true,true,true,NA,1,3,benchmark/tasks/pytest__marker_registry_core__hard3_001/metadata.json;benchmark/tasks/pytest__marker_registry_core__hard3_001/evaluation/oracle_manifest.json;benchmark/tasks/pytest__marker_registry_core__hard3_001/public_tests/test_public_contract.py;benchmark/tasks/pytest__marker_registry_core__hard3_001/hidden_tests/test_hidden_contract.py;benchmark/tasks/pytest__marker_registry_core__hard3_001/repo/src/_pytest/config/__init__.py;benchmark/tasks/pytest__marker_registry_core__hard3_001/repo/src/_pytest/mark/structures.py,high,reviewed_v1,v1
pytest__skipif_eval_core__001,core100,pytest,b55ab2aabb68c0ce94c3903139b062d0c2790152,pytest,developer_tooling,,real_oss_mature,testing,configuration,cache_retry_policy,,lifecycle_state,framework_coupling,config_environment_coupling;framework_coupling;implicit_dependency_coupling,config_environment;framework_lifecycle;implicit_runtime_dependency,boundary_cases;exception_semantics,,1,NA,251,1,0,0,0,0,0,false,false,true,true,NA,2,3,benchmark/tasks/pytest__skipif_eval_core__001/metadata.json;benchmark/tasks/pytest__skipif_eval_core__001/evaluation/oracle_manifest.json;benchmark/tasks/pytest__skipif_eval_core__001/public_tests/test_public_api.py;benchmark/tasks/pytest__skipif_eval_core__001/hidden_tests/test_hidden_behavior.py;benchmark/tasks/pytest__skipif_eval_core__001/repo/src/_pytest/skipping.py,high,reviewed_v1,v1
python_box__config_box_core__001,core100,python-box,7.4.1-installed-snapshot,python_box,library,,real_oss_mature,configuration,,config_resolve_discover,,stateless,data_model_coupling,data_model_coupling;implicit_dependency_coupling,data_model_invariant;implicit_runtime_dependency;static_transitive_dependency,boundary_cases;exception_semantics,weak_module_boundaries,3,NA,1238,2,2,0,1,1,0,false,false,false,false,NA,3,6,benchmark/tasks/python_box__config_box_core__001/metadata.json;benchmark/tasks/python_box__config_box_core__001/evaluation/oracle_manifest.json;benchmark/tasks/python_box__config_box_core__001/public_tests/test_public_api.py;benchmark/tasks/python_box__config_box_core__001/hidden_tests/test_hidden_behavior.py;benchmark/tasks/python_box__config_box_core__001/repo/box/box.py;benchmark/tasks/python_box__config_box_core__001/repo/box/config_box.py,high,reviewed_v1,v1
python_dateutil__relativedelta_core__001,core100,python-dateutil,1ae807774053c071acc9e7d3d27778fba0a7773e,python_dateutil,library,,real_oss_mature,general_utility,,algorithm_data_structure,,local_state,data_model_coupling,data_model_coupling;implicit_dependency_coupling,data_model_invariant;implicit_runtime_dependency;static_transitive_dependency,boundary_cases;exception_semantics,,2,NA,561,3,1,0,1,0,0,false,false,false,false,NA,4,9,benchmark/tasks/python_dateutil__relativedelta_core__001/metadata.json;benchmark/tasks/python_dateutil__relativedelta_core__001/evaluation/oracle_manifest.json;benchmark/tasks/python_dateutil__relativedelta_core__001/public_tests/test_public_api.py;benchmark/tasks/python_dateutil__relativedelta_core__001/hidden_tests/test_hidden_behavior.py;benchmark/tasks/python_dateutil__relativedelta_core__001/repo/dateutil/_common.py;benchmark/tasks/python_dateutil__relativedelta_core__001/repo/dateutil/relativedelta.py,high,reviewed_v1,v1
python_dateutil__rrule_core__001,core100,python-dateutil,1ae807774053c071acc9e7d3d27778fba0a7773e,python_dateutil,library,,real_oss_mature,general_utility,,protocol_state_transition,,session_state,parser_state_coupling,global_state_registry_coupling;implicit_dependency_coupling;parser_state_coupling,global_state_registry;implicit_runtime_dependency;parser_state;static_transitive_dependency,boundary_cases;exception_semantics;lifecycle_semantics,weak_module_boundaries,3,NA,1631,5,2,0,1,1,0,false,true,false,false,NA,4,6,benchmark/tasks/python_dateutil__rrule_core__001/metadata.json;benchmark/tasks/python_dateutil__rrule_core__001/evaluation/oracle_manifest.json;benchmark/tasks/python_dateutil__rrule_core__001/public_tests/test_public_api.py;benchmark/tasks/python_dateutil__rrule_core__001/hidden_tests/test_hidden_behavior.py;benchmark/tasks/python_dateutil__rrule_core__001/repo/dateutil/easter.py;benchmark/tasks/python_dateutil__rrule_core__001/repo/dateutil/rrule.py,high,reviewed_v1,v1
python_dotenv__env_parse_core__001,core100,python-dotenv,751f8c148222e58aa173c83c4e5e6cfccb2cc124,python_dotenv,library,,real_oss_mature,configuration,,config_resolve_discover,parse_tokenize_decode,stateless,config_environment_coupling,config_environment_coupling;implicit_dependency_coupling;parser_state_coupling,config_environment;dynamic_import_plugin;implicit_runtime_dependency;parser_state;static_transitive_dependency,boundary_cases;exception_semantics;mutation_side_effects,weak_module_boundaries,3,NA,609,6,2,0,0,0,0,true,false,true,true,NA,5,10,benchmark/tasks/python_dotenv__env_parse_core__001/metadata.json;benchmark/tasks/python_dotenv__env_parse_core__001/evaluation/oracle_manifest.json;benchmark/tasks/python_dotenv__env_parse_core__001/public_tests/test_public_api.py;benchmark/tasks/python_dotenv__env_parse_core__001/hidden_tests/test_hidden_behavior.py;benchmark/tasks/python_dotenv__env_parse_core__001/repo/src/dotenv/main.py;benchmark/tasks/python_dotenv__env_parse_core__001/repo/src/dotenv/parser.py;benchmark/tasks/python_dotenv__env_parse_core__001/repo/src/dotenv/variables.py,high,reviewed_v1,v1
python_frontmatter__roundtrip_core__001,core100,python-frontmatter,dc7c0af5466b104e0ba01ae3c5b2cd77edc27292,python_frontmatter,library,,real_oss_mature,parsing,,serialize_format_render,parse_tokenize_decode,local_state,parser_state_coupling,config_environment_coupling;parser_state_coupling;third_party_dependency_coupling,config_environment;parser_state;static_transitive_dependency;third_party_contract,boundary_cases;lifecycle_semantics,,4,NA,530,8,3,0,2,1,1,false,false,false,false,NA,3,10,benchmark/tasks/python_frontmatter__roundtrip_core__001/metadata.json;benchmark/tasks/python_frontmatter__roundtrip_core__001/evaluation/oracle_manifest.json;benchmark/tasks/python_frontmatter__roundtrip_core__001/public_tests/test_public_api.py;benchmark/tasks/python_frontmatter__roundtrip_core__001/hidden_tests/test_hidden_behavior.py;benchmark/tasks/python_frontmatter__roundtrip_core__001/repo/frontmatter/__init__.py;benchmark/tasks/python_frontmatter__roundtrip_core__001/repo/frontmatter/default_handlers.py,high,reviewed_v1,v1
python_multipart__form_parse_core__001,core100,python-multipart,98080c5de45bc23317577086dd9076ba85bc9ce2,python_multipart,library,,real_oss_mature,parsing,,parse_tokenize_decode,,local_state,parser_state_coupling,implicit_dependency_coupling;parser_state_coupling;resource_coupling,implicit_runtime_dependency;parser_state;resource_packaging;static_transitive_dependency,boundary_cases;exception_semantics;lifecycle_semantics;mutation_side_effects;ordering_semantics,weak_module_boundaries,4,NA,1799,9,2,0,0,1,0,false,false,false,false,NA,5,8,benchmark/tasks/python_multipart__form_parse_core__001/metadata.json;benchmark/tasks/python_multipart__form_parse_core__001/evaluation/oracle_manifest.json;benchmark/tasks/python_multipart__form_parse_core__001/public_tests/test_public_api.py;benchmark/tasks/python_multipart__form_parse_core__001/hidden_tests/test_hidden_behavior.py;benchmark/tasks/python_multipart__form_parse_core__001/repo/python_multipart/decoders.py;benchmark/tasks/python_multipart__form_parse_core__001/repo/python_multipart/multipart.py,high,reviewed_v1,v1
pyyaml__safe_load_dump__001,core100,PyYAML,6.0.1-installed-snapshot,pyyaml,library,,real_oss_mature,parsing,,serialize_format_render,serialize_format_render,local_state,parser_state_coupling,data_model_coupling;implicit_dependency_coupling;parser_state_coupling,data_model_invariant;dynamic_import_plugin;implicit_runtime_dependency;parser_state;static_transitive_dependency,boundary_cases;exception_semantics;lifecycle_semantics;ordering_semantics,weak_module_boundaries,17,NA,5116,6,7,8,0,2,0,true,false,true,false,NA,2,4,benchmark/tasks/pyyaml__safe_load_dump__001/metadata.json;benchmark/tasks/pyyaml__safe_load_dump__001/evaluation/oracle_manifest.json;benchmark/tasks/pyyaml__safe_load_dump__001/public_tests/test_public_api.py;benchmark/tasks/pyyaml__safe_load_dump__001/hidden_tests/test_hidden_behavior.py;benchmark/tasks/pyyaml__safe_load_dump__001/repo/yaml/__init__.py;benchmark/tasks/pyyaml__safe_load_dump__001/repo/yaml/constructor.py;benchmark/tasks/pyyaml__safe_load_dump__001/repo/yaml/error.py,high,reviewed_v1,v1
readme_renderer__content_type_core__hard3_001,hard50,readme_renderer,84183e8826847c809800184038f05d2d91b8d366,readme_renderer,developer_tooling,,real_oss_mature,packaging,,serialize_format_render,,local_state,data_model_coupling,data_model_coupling;third_party_dependency_coupling,data_model_invariant;static_transitive_dependency;third_party_contract,boundary_cases,,2,1,150,1,0,0,0,0,0,false,false,false,false,NA,1,3,benchmark/tasks/readme_renderer__content_type_core__hard3_001/metadata.json;benchmark/tasks/readme_renderer__content_type_core__hard3_001/evaluation/oracle_manifest.json;benchmark/tasks/readme_renderer__content_type_core__hard3_001/public_tests/test_public_contract.py;benchmark/tasks/readme_renderer__content_type_core__hard3_001/hidden_tests/test_hidden_contract.py;benchmark/tasks/readme_renderer__content_type_core__hard3_001/repo/readme_renderer/__init__.py,high,reviewed_v1,v1
redis__resp_parser_core__001,core100,redis,8.0.1-installed-snapshot,redis,library,,real_oss_mature,networking,,protocol_state_transition,,session_state,parser_state_coupling,implicit_dependency_coupling;parser_state_coupling,implicit_runtime_dependency;parser_state;static_transitive_dependency,boundary_cases;exception_semantics,,NA,NA,NA,4,5,3,3,3,NA,false,true,true,false,NA,2,3,benchmark/tasks/redis__resp_parser_core__001/metadata.json;benchmark/tasks/redis__resp_parser_core__001/evaluation/oracle_manifest.json;benchmark/tasks/redis__resp_parser_core__001/public_tests/test_public_api.py;benchmark/tasks/redis__resp_parser_core__001/hidden_tests/test_hidden_behavior.py;benchmark/tasks/redis__resp_parser_core__001/repo/redis/_parsers/base.py;benchmark/tasks/redis__resp_parser_core__001/repo/redis/_parsers/encoders.py;benchmark/tasks/redis__resp_parser_core__001/repo/redis/_parsers/hiredis.py,high,reviewed_v1,v1
referencing__json_schema_refs_core__001,core100,referencing,0.30.2-installed-snapshot,referencing,library,,real_oss_mature,data_modeling,,config_resolve_discover,,local_state,data_model_coupling,data_model_coupling;parser_state_coupling;third_party_dependency_coupling,data_model_invariant;parser_state;third_party_contract,boundary_cases;exception_semantics;lifecycle_semantics,,NA,NA,NA,4,6,0,2,1,NA,false,false,true,false,NA,1,4,benchmark/tasks/referencing__json_schema_refs_core__001/metadata.json;benchmark/tasks/referencing__json_schema_refs_core__001/evaluation/oracle_manifest.json;benchmark/tasks/referencing__json_schema_refs_core__001/public_tests/test_public_api.py;benchmark/tasks/referencing__json_schema_refs_core__001/hidden_tests/test_hidden_behavior.py;benchmark/tasks/referencing__json_schema_refs_core__001/repo/referencing/__init__.py;benchmark/tasks/referencing__json_schema_refs_core__001/repo/referencing/_core.py;benchmark/tasks/referencing__json_schema_refs_core__001/repo/referencing/jsonschema.py,medium,ai_assisted_reviewed_v1,v1
requests_cache__cache_key_core__hard3_001,hard50,requests_cache,df44b695a31401c617fa4725d189578c1d603ae1,requests_cache,library,,real_oss_mature,networking,general_utility,cache_retry_policy,,stateless,third_party_dependency_coupling,data_model_coupling;implicit_dependency_coupling;third_party_dependency_coupling,data_model_invariant;implicit_runtime_dependency;static_transitive_dependency;third_party_contract,ordering_semantics,weak_module_boundaries,6,8,515,5,1,0,5,1,2,false,false,false,false,NA,3,5,benchmark/tasks/requests_cache__cache_key_core__hard3_001/metadata.json;benchmark/tasks/requests_cache__cache_key_core__hard3_001/evaluation/oracle_manifest.json;benchmark/tasks/requests_cache__cache_key_core__hard3_001/public_tests/test_public_contract.py;benchmark/tasks/requests_cache__cache_key_core__hard3_001/hidden_tests/test_hidden_contract.py;benchmark/tasks/requests_cache__cache_key_core__hard3_001/repo/requests_cache/cache_keys.py;benchmark/tasks/requests_cache__cache_key_core__hard3_001/repo/requests_cache/policy/directives.py;benchmark/tasks/requests_cache__cache_key_core__hard3_001/repo/requests_cache/policy/expiration.py,high,reviewed_v1,v1
responses__request_matcher_core__hard3_001,hard50,responses,983a4975c969432d468c35085b613a3bec0edc46,responses,library,,real_oss_mature,testing,,registry_plugin_dispatch,,lifecycle_state,third_party_dependency_coupling,data_model_coupling;third_party_dependency_coupling,data_model_invariant;static_transitive_dependency;third_party_contract,boundary_cases;ordering_semantics,,3,4,1563,2,1,0,5,1,0,false,false,true,true,true,1,2,benchmark/tasks/responses__request_matcher_core__hard3_001/metadata.json;benchmark/tasks/responses__request_matcher_core__hard3_001/evaluation/oracle_manifest.json;benchmark/tasks/responses__request_matcher_core__hard3_001/public_tests/test_public_contract.py;benchmark/tasks/responses__request_matcher_core__hard3_001/hidden_tests/test_hidden_contract.py;benchmark/tasks/responses__request_matcher_core__hard3_001/repo/responses/__init__.py;benchmark/tasks/responses__request_matcher_core__hard3_001/repo/responses/matchers.py;benchmark/tasks/responses__request_matcher_core__hard3_001/repo/responses/registries.py,high,reviewed_v1,v1
returns__result_pipeline_core__hard3_001,hard50,returns,b158f518a6a32b7d4648e88c9819626ca6082354,returns,library,,real_oss_mature,general_utility,,workflow_session_orchestration,,stateless,data_model_coupling,data_model_coupling;implicit_dependency_coupling,data_model_invariant;implicit_runtime_dependency,boundary_cases;exception_semantics,,1,3,444,2,0,0,2,0,0,false,false,false,false,NA,1,2,benchmark/tasks/returns__result_pipeline_core__hard3_001/metadata.json;benchmark/tasks/returns__result_pipeline_core__hard3_001/evaluation/oracle_manifest.json;benchmark/tasks/returns__result_pipeline_core__hard3_001/public_tests/test_public_contract.py;benchmark/tasks/returns__result_pipeline_core__hard3_001/hidden_tests/test_hidden_contract.py;benchmark/tasks/returns__result_pipeline_core__hard3_001/repo/returns/pipeline.py;benchmark/tasks/returns__result_pipeline_core__hard3_001/repo/returns/result.py,high,reviewed_v1,v1
rfc3986__uri_parse_core__001,core100,rfc3986,2.0.0-installed-snapshot,rfc3986,library,,real_oss_mature,parsing,,parse_tokenize_decode,,local_state,parser_state_coupling,data_model_coupling;parser_state_coupling,data_model_invariant;parser_state;static_transitive_dependency,boundary_cases,,10,NA,1882,4,4,4,1,3,0,false,false,false,false,NA,3,6,benchmark/tasks/rfc3986__uri_parse_core__001/metadata.json;benchmark/tasks/rfc3986__uri_parse_core__001/evaluation/oracle_manifest.json;benchmark/tasks/rfc3986__uri_parse_core__001/public_tests/test_public_api.py;benchmark/tasks/rfc3986__uri_parse_core__001/hidden_tests/test_hidden_behavior.py;benchmark/tasks/rfc3986__uri_parse_core__001/repo/rfc3986/api.py;benchmark/tasks/rfc3986__uri_parse_core__001/repo/rfc3986/builder.py,high,reviewed_v1,v1
rich__markup_parse_core__001,core100,rich,13.7.1-installed-snapshot,rich,library,,real_oss_mature,parsing,,parse_tokenize_decode,,local_state,parser_state_coupling,data_model_coupling;implicit_dependency_coupling;parser_state_coupling,data_model_invariant;dynamic_import_plugin;implicit_runtime_dependency;parser_state;static_transitive_dependency,boundary_cases;exception_semantics,weak_module_boundaries,79,NA,23244,4,20,49,7,5,1,true,true,true,true,NA,1,3,benchmark/tasks/rich__markup_parse_core__001/metadata.json;benchmark/tasks/rich__markup_parse_core__001/evaluation/oracle_manifest.json;benchmark/tasks/rich__markup_parse_core__001/public_tests/test_public_api.py;benchmark/tasks/rich__markup_parse_core__001/hidden_tests/test_hidden_behavior.py;benchmark/tasks/rich__markup_parse_core__001/repo/rich/__init__.py;benchmark/tasks/rich__markup_parse_core__001/repo/rich/console.py;benchmark/tasks/rich__markup_parse_core__001/repo/rich/errors.py,high,reviewed_v1,v1
ruamel_yaml__roundtrip_core__001,core100,ruamel.yaml,0.18.6-installed-snapshot,ruamel_yaml,library,,real_oss_mature,parsing,,serialize_format_render,,local_state,parser_state_coupling,data_model_coupling;parser_state_coupling,data_model_invariant;dynamic_import_plugin;parser_state;static_transitive_dependency,boundary_cases;lifecycle_semantics;mutation_side_effects,,29,NA,12778,3,13,14,4,2,0,true,false,false,false,NA,2,5,benchmark/tasks/ruamel_yaml__roundtrip_core__001/metadata.json;benchmark/tasks/ruamel_yaml__roundtrip_core__001/evaluation/oracle_manifest.json;benchmark/tasks/ruamel_yaml__roundtrip_core__001/public_tests/test_public_api.py;benchmark/tasks/ruamel_yaml__roundtrip_core__001/hidden_tests/test_hidden_behavior.py;benchmark/tasks/ruamel_yaml__roundtrip_core__001/repo/ruamel/yaml/constructor.py;benchmark/tasks/ruamel_yaml__roundtrip_core__001/repo/ruamel/yaml/main.py,high,reviewed_v1,v1
schema__nested_validate_core__hard3_001,hard50,schema,310a1239b62f500284ce3bd91b7dabf70467f23e,schema,library,,real_oss_mature,data_modeling,,validate_normalize_construct,,stateless,data_model_coupling,data_model_coupling;parser_state_coupling,data_model_invariant;parser_state,exception_semantics,,1,4,839,1,0,0,1,0,0,false,false,true,false,NA,1,3,benchmark/tasks/schema__nested_validate_core__hard3_001/metadata.json;benchmark/tasks/schema__nested_validate_core__hard3_001/evaluation/oracle_manifest.json;benchmark/tasks/schema__nested_validate_core__hard3_001/public_tests/test_public_contract.py;benchmark/tasks/schema__nested_validate_core__hard3_001/hidden_tests/test_hidden_contract.py;benchmark/tasks/schema__nested_validate_core__hard3_001/repo/schema/__init__.py,high,reviewed_v1,v1
scrapy__item_loader_core__hard3_001,hard50,scrapy,dd10cb8e9a982fe3d311078d6e1207596e272717,scrapy,framework_plugin,,real_oss_mature,application,,registry_plugin_dispatch,,lifecycle_state,framework_coupling,data_model_coupling;framework_coupling,data_model_invariant;dynamic_import_plugin;framework_lifecycle;static_transitive_dependency,boundary_cases;exception_semantics,,2,3,195,2,1,0,3,0,0,true,false,true,true,NA,1,2,benchmark/tasks/scrapy__item_loader_core__hard3_001/metadata.json;benchmark/tasks/scrapy__item_loader_core__hard3_001/evaluation/oracle_manifest.json;benchmark/tasks/scrapy__item_loader_core__hard3_001/public_tests/test_public_contract.py;benchmark/tasks/scrapy__item_loader_core__hard3_001/hidden_tests/test_hidden_contract.py;benchmark/tasks/scrapy__item_loader_core__hard3_001/repo/scrapy/item.py;benchmark/tasks/scrapy__item_loader_core__hard3_001/repo/scrapy/loader/__init__.py,high,reviewed_v1,v1
setuptools_scm__version_normalize_core__hard3_001,hard50,setuptools_scm,5b91e2faf0079157a52c0914c21beb6622e9f7a7,setuptools_scm,developer_tooling,,real_oss_mature,packaging,,resource_metadata_loading,,stateless,data_model_coupling,data_model_coupling;implicit_dependency_coupling,data_model_invariant;implicit_runtime_dependency,lifecycle_semantics,,1,1,73,1,0,0,1,0,0,false,false,false,true,NA,1,3,benchmark/tasks/setuptools_scm__version_normalize_core__hard3_001/metadata.json;benchmark/tasks/setuptools_scm__version_normalize_core__hard3_001/evaluation/oracle_manifest.json;benchmark/tasks/setuptools_scm__version_normalize_core__hard3_001/public_tests/test_public_contract.py;benchmark/tasks/setuptools_scm__version_normalize_core__hard3_001/hidden_tests/test_hidden_contract.py;benchmark/tasks/setuptools_scm__version_normalize_core__hard3_001/repo/setuptools-scm/src/setuptools_scm/version.py,high,reviewed_v1,v1
sortedcontainers__sorted_list_core__001,core100,sortedcontainers,a1f52d6713dd2c2713a881d4f4d86ed68ff71cab,sortedcontainers,library,,real_oss_mature,general_utility,,algorithm_data_structure,,local_state,data_model_coupling,data_model_coupling;implicit_dependency_coupling,data_model_invariant;implicit_runtime_dependency,boundary_cases;lifecycle_semantics;mutation_side_effects;ordering_semantics,,1,NA,1879,10,1,0,5,0,0,false,true,false,false,NA,3,7,benchmark/tasks/sortedcontainers__sorted_list_core__001/metadata.json;benchmark/tasks/sortedcontainers__sorted_list_core__001/evaluation/oracle_manifest.json;benchmark/tasks/sortedcontainers__sorted_list_core__001/public_tests/test_public_api.py;benchmark/tasks/sortedcontainers__sorted_list_core__001/hidden_tests/test_hidden_behavior.py;benchmark/tasks/sortedcontainers__sorted_list_core__001/repo/sortedcontainers/__init__.py;benchmark/tasks/sortedcontainers__sorted_list_core__001/repo/sortedcontainers/sortedlist.py;benchmark/tasks/sortedcontainers__sorted_list_core__001/repo/tests/benchmark.py,high,reviewed_v1,v1
sphinx__extension_registry_core__hard3_001,hard50,sphinx,c1b618c559e6de70e5198ed6876f5b9fab88face,sphinx,developer_tooling,,real_oss_mature,application,,registry_plugin_dispatch,,lifecycle_state,framework_coupling,framework_coupling;implicit_dependency_coupling,dynamic_import_plugin;framework_lifecycle;implicit_runtime_dependency;static_transitive_dependency,exception_semantics;lifecycle_semantics,weak_module_boundaries,3,3,689,1,2,0,3,1,0,true,false,true,true,NA,1,2,benchmark/tasks/sphinx__extension_registry_core__hard3_001/metadata.json;benchmark/tasks/sphinx__extension_registry_core__hard3_001/evaluation/oracle_manifest.json;benchmark/tasks/sphinx__extension_registry_core__hard3_001/public_tests/test_public_contract.py;benchmark/tasks/sphinx__extension_registry_core__hard3_001/hidden_tests/test_hidden_contract.py;benchmark/tasks/sphinx__extension_registry_core__hard3_001/repo/sphinx/extension.py;benchmark/tasks/sphinx__extension_registry_core__hard3_001/repo/sphinx/registry.py,high,reviewed_v1,v1
sqlalchemy__event_dispatch_core__hard3_001,hard50,sqlalchemy,d59159ca08cdf661f97d19d2966071a1b1d3df80,sqlalchemy,framework_plugin,,real_oss_mature,application,,registry_plugin_dispatch,,lifecycle_state,framework_coupling,framework_coupling;global_state_registry_coupling,framework_lifecycle;global_state_registry;static_transitive_dependency,boundary_cases;mutation_side_effects,,3,4,839,2,2,0,1,1,0,false,true,true,true,NA,1,2,benchmark/tasks/sqlalchemy__event_dispatch_core__hard3_001/metadata.json;benchmark/tasks/sqlalchemy__event_dispatch_core__hard3_001/evaluation/oracle_manifest.json;benchmark/tasks/sqlalchemy__event_dispatch_core__hard3_001/public_tests/test_public_contract.py;benchmark/tasks/sqlalchemy__event_dispatch_core__hard3_001/hidden_tests/test_hidden_contract.py;benchmark/tasks/sqlalchemy__event_dispatch_core__hard3_001/repo/lib/sqlalchemy/event/api.py,high,reviewed_v1,v1
sqlparse__format_filters_core__001,core100,sqlparse,f80af6a4007f11ada847218df8c29dc859238290,sqlparse,library,,real_oss_mature,parsing,,serialize_format_render,parse_tokenize_decode,local_state,parser_state_coupling,data_model_coupling;implicit_dependency_coupling;parser_state_coupling,data_model_invariant;implicit_runtime_dependency;parser_state;static_transitive_dependency,boundary_cases;exception_semantics,weak_module_boundaries,19,NA,3274,1,5,13,1,4,0,false,false,false,false,NA,1,2,benchmark/tasks/sqlparse__format_filters_core__001/metadata.json;benchmark/tasks/sqlparse__format_filters_core__001/evaluation/oracle_manifest.json;benchmark/tasks/sqlparse__format_filters_core__001/public_tests/test_public_api.py;benchmark/tasks/sqlparse__format_filters_core__001/hidden_tests/test_hidden_behavior.py;benchmark/tasks/sqlparse__format_filters_core__001/repo/sqlparse/__init__.py,high,reviewed_v1,v1
sqlparse__parse_format_core__001,core100,sqlparse,f80af6a4007f11ada847218df8c29dc859238290,sqlparse,library,,real_oss_mature,parsing,,parse_tokenize_decode,serialize_format_render,local_state,parser_state_coupling,data_model_coupling;implicit_dependency_coupling;parser_state_coupling,data_model_invariant;implicit_runtime_dependency;parser_state;static_transitive_dependency,boundary_cases;exception_semantics;mutation_side_effects,,NA,NA,NA,10,8,12,1,4,NA,false,false,false,false,NA,3,5,benchmark/tasks/sqlparse__parse_format_core__001/metadata.json;benchmark/tasks/sqlparse__parse_format_core__001/evaluation/oracle_manifest.json;benchmark/tasks/sqlparse__parse_format_core__001/public_tests/test_public_api.py;benchmark/tasks/sqlparse__parse_format_core__001/hidden_tests/test_hidden_behavior.py;benchmark/tasks/sqlparse__parse_format_core__001/repo/sqlparse/__init__.py;benchmark/tasks/sqlparse__parse_format_core__001/repo/sqlparse/sql.py;benchmark/tasks/sqlparse__parse_format_core__001/repo/sqlparse/tokens.py,high,reviewed_v1,v1
sqlparse__parse_split_core__001,core100,sqlparse,f80af6a4007f11ada847218df8c29dc859238290,sqlparse,library,,real_oss_mature,parsing,,parse_tokenize_decode,,local_state,parser_state_coupling,data_model_coupling;implicit_dependency_coupling;parser_state_coupling,data_model_invariant;implicit_runtime_dependency;parser_state;static_transitive_dependency,boundary_cases,weak_module_boundaries,12,NA,2552,3,3,7,1,4,0,false,false,false,false,NA,2,2,benchmark/tasks/sqlparse__parse_split_core__001/metadata.json;benchmark/tasks/sqlparse__parse_split_core__001/evaluation/oracle_manifest.json;benchmark/tasks/sqlparse__parse_split_core__001/public_tests/test_public_api.py;benchmark/tasks/sqlparse__parse_split_core__001/hidden_tests/test_hidden_behavior.py;benchmark/tasks/sqlparse__parse_split_core__001/repo/sqlparse/__init__.py,high,reviewed_v1,v1
sqlparse__token_tree_core__001,core100,sqlparse,f80af6a4007f11ada847218df8c29dc859238290,sqlparse,library,,real_oss_mature,parsing,,parse_tokenize_decode,,local_state,parser_state_coupling,data_model_coupling;implicit_dependency_coupling;parser_state_coupling,data_model_invariant;implicit_runtime_dependency;parser_state;static_transitive_dependency,boundary_cases;mutation_side_effects,weak_module_boundaries,12,NA,2552,8,5,6,1,4,0,false,false,false,false,NA,2,2,benchmark/tasks/sqlparse__token_tree_core__001/metadata.json;benchmark/tasks/sqlparse__token_tree_core__001/evaluation/oracle_manifest.json;benchmark/tasks/sqlparse__token_tree_core__001/public_tests/test_public_api.py;benchmark/tasks/sqlparse__token_tree_core__001/hidden_tests/test_hidden_behavior.py;benchmark/tasks/sqlparse__token_tree_core__001/repo/sqlparse/__init__.py;benchmark/tasks/sqlparse__token_tree_core__001/repo/sqlparse/sql.py;benchmark/tasks/sqlparse__token_tree_core__001/repo/sqlparse/tokens.py,high,reviewed_v1,v1
starlette__route_matching_core__hard3_001,hard50,starlette,5174d4c8358a6f06aa8056bafd14c2272dab8dd1,starlette,framework_plugin,,real_oss_mature,networking,application,registry_plugin_dispatch,,local_state,framework_coupling,data_model_coupling;framework_coupling,data_model_invariant;framework_lifecycle;static_transitive_dependency,boundary_cases,,2,4,681,2,1,0,1,1,0,false,false,true,true,NA,1,2,benchmark/tasks/starlette__route_matching_core__hard3_001/metadata.json;benchmark/tasks/starlette__route_matching_core__hard3_001/evaluation/oracle_manifest.json;benchmark/tasks/starlette__route_matching_core__hard3_001/public_tests/test_public_contract.py;benchmark/tasks/starlette__route_matching_core__hard3_001/hidden_tests/test_hidden_contract.py;benchmark/tasks/starlette__route_matching_core__hard3_001/repo/starlette/routing.py,medium,ai_assisted_reviewed_v1,v1
stevedore__extension_manager_core__hard3_001,hard50,stevedore,8550c66a2e774f97e2f8459265ed3ea8017603f1,stevedore,framework_plugin,,real_oss_mature,general_utility,,registry_plugin_dispatch,,lifecycle_state,framework_coupling,framework_coupling;implicit_dependency_coupling;third_party_dependency_coupling,dynamic_import_plugin;framework_lifecycle;implicit_runtime_dependency;static_transitive_dependency;third_party_contract,boundary_cases;exception_semantics;mutation_side_effects;ordering_semantics,weak_module_boundaries,5,8,788,5,4,0,1,1,0,true,false,true,true,NA,3,5,benchmark/tasks/stevedore__extension_manager_core__hard3_001/metadata.json;benchmark/tasks/stevedore__extension_manager_core__hard3_001/evaluation/oracle_manifest.json;benchmark/tasks/stevedore__extension_manager_core__hard3_001/public_tests/test_public_contract.py;benchmark/tasks/stevedore__extension_manager_core__hard3_001/hidden_tests/test_hidden_contract.py;benchmark/tasks/stevedore__extension_manager_core__hard3_001/repo/stevedore/_cache.py;benchmark/tasks/stevedore__extension_manager_core__hard3_001/repo/stevedore/extension.py;benchmark/tasks/stevedore__extension_manager_core__hard3_001/repo/stevedore/named.py,high,reviewed_v1,v1
tabulate__table_format_core__001,core100,tabulate,268615a5c27dc40e5c22454c07b44d5c50410da0,tabulate,library,,real_oss_mature,general_utility,,serialize_format_render,,local_state,data_model_coupling,data_model_coupling;implicit_dependency_coupling;resource_coupling,data_model_invariant;implicit_runtime_dependency;resource_packaging,boundary_cases;ordering_semantics,,1,NA,2507,8,0,0,2,0,0,false,false,true,false,NA,4,9,benchmark/tasks/tabulate__table_format_core__001/metadata.json;benchmark/tasks/tabulate__table_format_core__001/evaluation/oracle_manifest.json;benchmark/tasks/tabulate__table_format_core__001/public_tests/test_public_api.py;benchmark/tasks/tabulate__table_format_core__001/hidden_tests/test_hidden_behavior.py;benchmark/tasks/tabulate__table_format_core__001/repo/tabulate/__init__.py,high,reviewed_v1,v1
tenacity__retry_state_core__hard3_001,hard50,tenacity,b2cd0274c67610d615019ab4745f521504a0576d,tenacity,library,,real_oss_mature,general_utility,,cache_retry_policy,protocol_state_transition,session_state,data_model_coupling,data_model_coupling;implicit_dependency_coupling;parser_state_coupling,data_model_invariant;implicit_runtime_dependency;parser_state;static_transitive_dependency,boundary_cases;exception_semantics;lifecycle_semantics;mutation_side_effects;ordering_semantics,weak_module_boundaries,5,13,1287,7,5,0,3,1,0,false,false,false,true,NA,3,5,benchmark/tasks/tenacity__retry_state_core__hard3_001/metadata.json;benchmark/tasks/tenacity__retry_state_core__hard3_001/evaluation/oracle_manifest.json;benchmark/tasks/tenacity__retry_state_core__hard3_001/public_tests/test_public_contract.py;benchmark/tasks/tenacity__retry_state_core__hard3_001/hidden_tests/test_hidden_contract.py;benchmark/tasks/tenacity__retry_state_core__hard3_001/repo/tenacity/__init__.py;benchmark/tasks/tenacity__retry_state_core__hard3_001/repo/tenacity/retry.py;benchmark/tasks/tenacity__retry_state_core__hard3_001/repo/tenacity/stop.py,high,reviewed_v1,v1
tomlkit__roundtrip_document__001,core100,tomlkit,9ac3f98214dbfbca0157b6c370c7986f497c34e4,tomlkit,library,,real_oss_mature,parsing,,serialize_format_render,parse_tokenize_decode,local_state,data_model_coupling,data_model_coupling;implicit_dependency_coupling;parser_state_coupling,data_model_invariant;implicit_runtime_dependency;parser_state;static_transitive_dependency,boundary_cases;exception_semantics;mutation_side_effects;ordering_semantics,weak_module_boundaries,12,NA,4844,11,9,1,0,2,0,false,false,false,false,NA,4,4,benchmark/tasks/tomlkit__roundtrip_document__001/metadata.json;benchmark/tasks/tomlkit__roundtrip_document__001/evaluation/oracle_manifest.json;benchmark/tasks/tomlkit__roundtrip_document__001/public_tests/test_public_api.py;benchmark/tasks/tomlkit__roundtrip_document__001/hidden_tests/test_hidden_behavior.py;benchmark/tasks/tomlkit__roundtrip_document__001/repo/tomlkit/api.py;benchmark/tasks/tomlkit__roundtrip_document__001/repo/tomlkit/exceptions.py;benchmark/tasks/tomlkit__roundtrip_document__001/repo/tomlkit/items.py,high,reviewed_v1,v1
tox__factor_expression_core__hard3_001,hard50,tox,5458a28f15a36c0d7ad2e7166cce4dac0a9cd7cf,tox,developer_tooling,,real_oss_mature,configuration,,parse_tokenize_decode,,local_state,parser_state_coupling,implicit_dependency_coupling;parser_state_coupling,dynamic_import_plugin;implicit_runtime_dependency;parser_state,boundary_cases;platform_variation,,1,3,180,1,0,0,1,0,0,true,false,false,false,NA,1,1,benchmark/tasks/tox__factor_expression_core__hard3_001/metadata.json;benchmark/tasks/tox__factor_expression_core__hard3_001/evaluation/oracle_manifest.json;benchmark/tasks/tox__factor_expression_core__hard3_001/public_tests/test_public_contract.py;benchmark/tasks/tox__factor_expression_core__hard3_001/hidden_tests/test_hidden_contract.py;benchmark/tasks/tox__factor_expression_core__hard3_001/repo/src/tox/config/loader/ini/factor.py,high,reviewed_v1,v1
trafaret__validation_rules_core__hard3_001,hard50,trafaret,4ac577155c93e5a3b024645abd64b1442fd4d550,trafaret,library,,real_oss_mature,data_modeling,,validate_normalize_construct,,stateless,data_model_coupling,data_model_coupling;implicit_dependency_coupling,data_model_invariant;implicit_runtime_dependency;static_transitive_dependency,exception_semantics;mutation_side_effects,,2,4,1358,3,1,0,0,1,0,false,false,false,false,NA,1,3,benchmark/tasks/trafaret__validation_rules_core__hard3_001/metadata.json;benchmark/tasks/trafaret__validation_rules_core__hard3_001/evaluation/oracle_manifest.json;benchmark/tasks/trafaret__validation_rules_core__hard3_001/public_tests/test_public_contract.py;benchmark/tasks/trafaret__validation_rules_core__hard3_001/hidden_tests/test_hidden_contract.py;benchmark/tasks/trafaret__validation_rules_core__hard3_001/repo/trafaret/base.py,high,reviewed_v1,v1
transitions__state_machine_core__hard3_001,hard50,transitions,bd42b38f3627e6bca7274fb4d9af2e105f75da7c,transitions,library,,real_oss_mature,general_utility,,protocol_state_transition,,session_state,data_model_coupling,data_model_coupling;implicit_dependency_coupling,data_model_invariant;dynamic_import_plugin;implicit_runtime_dependency;static_transitive_dependency,boundary_cases;exception_semantics;mutation_side_effects;ordering_semantics,,2,3,1163,2,0,0,1,0,0,true,false,true,false,NA,1,3,benchmark/tasks/transitions__state_machine_core__hard3_001/metadata.json;benchmark/tasks/transitions__state_machine_core__hard3_001/evaluation/oracle_manifest.json;benchmark/tasks/transitions__state_machine_core__hard3_001/public_tests/test_public_contract.py;benchmark/tasks/transitions__state_machine_core__hard3_001/hidden_tests/test_hidden_contract.py;benchmark/tasks/transitions__state_machine_core__hard3_001/repo/transitions/core.py,high,reviewed_v1,v1
typer__command_parser_core__001,core100,typer,0.20.0-installed-snapshot,typer,library,,real_oss_mature,general_utility,,workflow_session_orchestration,parse_tokenize_decode,lifecycle_state,framework_coupling,framework_coupling;implicit_dependency_coupling;third_party_dependency_coupling,framework_lifecycle;implicit_runtime_dependency;static_transitive_dependency;third_party_contract,boundary_cases;lifecycle_semantics,,NA,NA,NA,5,20,8,6,3,NA,false,true,true,true,NA,1,2,benchmark/tasks/typer__command_parser_core__001/metadata.json;benchmark/tasks/typer__command_parser_core__001/evaluation/oracle_manifest.json;benchmark/tasks/typer__command_parser_core__001/public_tests/test_public_api.py;benchmark/tasks/typer__command_parser_core__001/hidden_tests/test_hidden_behavior.py;benchmark/tasks/typer__command_parser_core__001/repo/click/_termui_impl.py;benchmark/tasks/typer__command_parser_core__001/repo/click/core.py;benchmark/tasks/typer__command_parser_core__001/repo/click/termui.py,high,reviewed_v1,v1
urllib3__retry_backoff_core__001,core100,urllib3,2f68c5363ef632d73dd4d9300289d7ce5ff275b4,urllib3,library,,real_oss_mature,networking,,cache_retry_policy,,stateless,config_environment_coupling,config_environment_coupling;data_model_coupling;implicit_dependency_coupling,config_environment;data_model_invariant;implicit_runtime_dependency;static_transitive_dependency,boundary_cases;exception_semantics;mutation_side_effects;ordering_semantics,weak_module_boundaries,3,NA,663,7,3,0,2,1,0,false,false,false,false,NA,4,9,benchmark/tasks/urllib3__retry_backoff_core__001/metadata.json;benchmark/tasks/urllib3__retry_backoff_core__001/evaluation/oracle_manifest.json;benchmark/tasks/urllib3__retry_backoff_core__001/public_tests/conftest.py;benchmark/tasks/urllib3__retry_backoff_core__001/hidden_tests/conftest.py;benchmark/tasks/urllib3__retry_backoff_core__001/repo/src/urllib3/exceptions.py;benchmark/tasks/urllib3__retry_backoff_core__001/repo/src/urllib3/util/retry.py,high,reviewed_v1,v1
vibe_app__csv_transform_core__001,core100,vibe_app,curated,vibe_app,application_service,,curated_vibe,application,configuration,workflow_session_orchestration,,global_state,legacy_vibe_clutter,global_state_registry_coupling;implicit_dependency_coupling;legacy_vibe_clutter,global_state_registry;implicit_runtime_dependency;static_transitive_dependency,boundary_cases;exception_semantics;ordering_semantics,dead_code_distractors;duplicated_implementation;legacy_clutter;weak_module_boundaries,14,NA,159,3,3,7,0,4,0,false,true,true,false,NA,2,3,benchmark/tasks/vibe_app__csv_transform_core__001/metadata.json;benchmark/tasks/vibe_app__csv_transform_core__001/evaluation/oracle_manifest.json;benchmark/tasks/vibe_app__csv_transform_core__001/public_tests/test_public_api.py;benchmark/tasks/vibe_app__csv_transform_core__001/hidden_tests/test_hidden_behavior.py;benchmark/tasks/vibe_app__csv_transform_core__001/repo/vibe_app/csv_transform/pipeline.py;benchmark/tasks/vibe_app__csv_transform_core__001/repo/vibe_app/state.py,high,reviewed_v1,v1
vibe_app__orm_query_ast_core__001,core100,vibe_app,curated,vibe_app,application_service,,curated_vibe,application,configuration,serialize_format_render,,global_state,framework_coupling,framework_coupling;global_state_registry_coupling;implicit_dependency_coupling,framework_lifecycle;global_state_registry;implicit_runtime_dependency;static_transitive_dependency,boundary_cases;mutation_side_effects;ordering_semantics,dead_code_distractors;duplicated_implementation;weak_module_boundaries,5,NA,240,4,3,0,0,1,0,false,true,true,true,NA,2,3,benchmark/tasks/vibe_app__orm_query_ast_core__001/metadata.json;benchmark/tasks/vibe_app__orm_query_ast_core__001/evaluation/oracle_manifest.json;benchmark/tasks/vibe_app__orm_query_ast_core__001/public_tests/test_public_api.py;benchmark/tasks/vibe_app__orm_query_ast_core__001/hidden_tests/test_hidden_behavior.py;benchmark/tasks/vibe_app__orm_query_ast_core__001/repo/vibe_app/orm_query/ast.py;benchmark/tasks/vibe_app__orm_query_ast_core__001/repo/vibe_app/orm_query/compiler.py;benchmark/tasks/vibe_app__orm_query_ast_core__001/repo/vibe_app/orm_query/query.py,high,reviewed_v1,v1
vibe_app__plugin_registry_core__001,core100,vibe_app,curated,vibe_app,application_service,,curated_vibe,application,configuration,registry_plugin_dispatch,,global_state,legacy_vibe_clutter,global_state_registry_coupling;implicit_dependency_coupling;legacy_vibe_clutter,dynamic_import_plugin;global_state_registry;implicit_runtime_dependency;static_transitive_dependency,boundary_cases;lifecycle_semantics;mutation_side_effects,dead_code_distractors;duplicated_implementation;legacy_clutter;weak_module_boundaries,5,NA,97,3,3,0,0,1,0,true,true,true,true,NA,2,3,benchmark/tasks/vibe_app__plugin_registry_core__001/metadata.json;benchmark/tasks/vibe_app__plugin_registry_core__001/evaluation/oracle_manifest.json;benchmark/tasks/vibe_app__plugin_registry_core__001/public_tests/test_public_api.py;benchmark/tasks/vibe_app__plugin_registry_core__001/hidden_tests/test_hidden_behavior.py;benchmark/tasks/vibe_app__plugin_registry_core__001/repo/vibe_app/plugin_registry/base.py;benchmark/tasks/vibe_app__plugin_registry_core__001/repo/vibe_app/plugin_registry/metaclass.py;benchmark/tasks/vibe_app__plugin_registry_core__001/repo/vibe_app/plugin_registry/registry.py,high,reviewed_v1,v1
vibe_app__pricing_rules_core__001,core100,vibe_app,curated,vibe_app,application_service,,curated_vibe,application,configuration,cache_retry_policy,,global_state,legacy_vibe_clutter,config_environment_coupling;global_state_registry_coupling;implicit_dependency_coupling;legacy_vibe_clutter,config_environment;global_state_registry;implicit_runtime_dependency;static_transitive_dependency,boundary_cases,dead_code_distractors;duplicated_implementation;legacy_clutter;weak_module_boundaries,7,NA,89,3,5,0,0,1,0,false,true,true,false,NA,2,2,benchmark/tasks/vibe_app__pricing_rules_core__001/metadata.json;benchmark/tasks/vibe_app__pricing_rules_core__001/evaluation/oracle_manifest.json;benchmark/tasks/vibe_app__pricing_rules_core__001/public_tests/test_public_api.py;benchmark/tasks/vibe_app__pricing_rules_core__001/hidden_tests/test_hidden_behavior.py;benchmark/tasks/vibe_app__pricing_rules_core__001/repo/vibe_app/pricing/rules.py;benchmark/tasks/vibe_app__pricing_rules_core__001/repo/vibe_app/state.py;benchmark/tasks/vibe_app__pricing_rules_core__001/repo/vibe_app/utils.py,high,reviewed_v1,v1
vibe_app__rules_engine_core__001,core100,vibe_app,curated,vibe_app,application_service,,curated_vibe,application,configuration,cache_retry_policy,,global_state,legacy_vibe_clutter,global_state_registry_coupling;implicit_dependency_coupling;legacy_vibe_clutter,global_state_registry;implicit_runtime_dependency;static_transitive_dependency,boundary_cases;mutation_side_effects;ordering_semantics,dead_code_distractors;duplicated_implementation;legacy_clutter;weak_module_boundaries,5,NA,109,4,3,0,0,1,0,false,true,true,false,NA,2,3,benchmark/tasks/vibe_app__rules_engine_core__001/metadata.json;benchmark/tasks/vibe_app__rules_engine_core__001/evaluation/oracle_manifest.json;benchmark/tasks/vibe_app__rules_engine_core__001/public_tests/test_public_api.py;benchmark/tasks/vibe_app__rules_engine_core__001/hidden_tests/test_hidden_behavior.py;benchmark/tasks/vibe_app__rules_engine_core__001/repo/vibe_app/rules_engine/actions.py;benchmark/tasks/vibe_app__rules_engine_core__001/repo/vibe_app/rules_engine/conditions.py;benchmark/tasks/vibe_app__rules_engine_core__001/repo/vibe_app/rules_engine/engine.py,high,reviewed_v1,v1
vibe_app__session_registry_core__001,core100,vibe_app,curated,vibe_app,application_service,,curated_vibe,application,configuration,workflow_session_orchestration,registry_plugin_dispatch,global_state,legacy_vibe_clutter,global_state_registry_coupling;implicit_dependency_coupling;legacy_vibe_clutter,global_state_registry;implicit_runtime_dependency;static_transitive_dependency,boundary_cases;lifecycle_semantics;mutation_side_effects,dead_code_distractors;duplicated_implementation;legacy_clutter;weak_module_boundaries,5,NA,88,4,3,0,0,1,0,false,true,true,true,NA,2,3,benchmark/tasks/vibe_app__session_registry_core__001/metadata.json;benchmark/tasks/vibe_app__session_registry_core__001/evaluation/oracle_manifest.json;benchmark/tasks/vibe_app__session_registry_core__001/public_tests/test_public_api.py;benchmark/tasks/vibe_app__session_registry_core__001/hidden_tests/test_hidden_behavior.py;benchmark/tasks/vibe_app__session_registry_core__001/repo/vibe_app/session_registry/registry.py;benchmark/tasks/vibe_app__session_registry_core__001/repo/vibe_app/session_registry/tokens.py;benchmark/tasks/vibe_app__session_registry_core__001/repo/vibe_app/state.py,high,reviewed_v1,v1
vibe_app__yaml_config_bootstrap__001,core100,vibe_app,curated,vibe_app,application_service,,curated_vibe,application,configuration,config_resolve_discover,,global_state,legacy_vibe_clutter,config_environment_coupling;global_state_registry_coupling;implicit_dependency_coupling;legacy_vibe_clutter,config_environment;global_state_registry;implicit_runtime_dependency;static_transitive_dependency,boundary_cases;mutation_side_effects;platform_variation,dead_code_distractors;duplicated_implementation;legacy_clutter;weak_module_boundaries,4,NA,210,3,3,0,0,1,0,false,true,true,false,NA,2,3,benchmark/tasks/vibe_app__yaml_config_bootstrap__001/metadata.json;benchmark/tasks/vibe_app__yaml_config_bootstrap__001/evaluation/oracle_manifest.json;benchmark/tasks/vibe_app__yaml_config_bootstrap__001/public_tests/test_public_api.py;benchmark/tasks/vibe_app__yaml_config_bootstrap__001/hidden_tests/test_hidden_behavior.py;benchmark/tasks/vibe_app__yaml_config_bootstrap__001/repo/vibe_app/config_loader.py;benchmark/tasks/vibe_app__yaml_config_bootstrap__001/repo/vibe_app/config_merge.py;benchmark/tasks/vibe_app__yaml_config_bootstrap__001/repo/vibe_app/state.py,high,reviewed_v1,v1
virtualenv__interpreter_spec_core__hard3_001,hard50,virtualenv,57c8dc69a9080c3cd5741355aa756ce5a3b8ab15,virtualenv,developer_tooling,,real_oss_mature,configuration,,parse_tokenize_decode,,local_state,resource_coupling,config_environment_coupling;resource_coupling,config_environment;resource_packaging;static_transitive_dependency,exception_semantics,,2,3,37,1,0,0,1,0,0,false,false,false,false,NA,1,3,benchmark/tasks/virtualenv__interpreter_spec_core__hard3_001/metadata.json;benchmark/tasks/virtualenv__interpreter_spec_core__hard3_001/evaluation/oracle_manifest.json;benchmark/tasks/virtualenv__interpreter_spec_core__hard3_001/public_tests/test_public_contract.py;benchmark/tasks/virtualenv__interpreter_spec_core__hard3_001/hidden_tests/test_hidden_contract.py;benchmark/tasks/virtualenv__interpreter_spec_core__hard3_001/repo/src/virtualenv/discovery/py_info.py,high,reviewed_v1,v1
voluptuous__schema_validate_core__001,core100,voluptuous,87825d6dbdab8830fcc6d559ecb3b88bdf68af6d,voluptuous,library,,real_oss_mature,data_modeling,,validate_normalize_construct,,lifecycle_state,data_model_coupling,data_model_coupling;framework_coupling;implicit_dependency_coupling,data_model_invariant;framework_lifecycle;implicit_runtime_dependency;static_transitive_dependency,boundary_cases;exception_semantics,weak_module_boundaries,5,NA,2454,8,4,1,2,2,0,false,false,false,true,NA,3,4,benchmark/tasks/voluptuous__schema_validate_core__001/metadata.json;benchmark/tasks/voluptuous__schema_validate_core__001/evaluation/oracle_manifest.json;benchmark/tasks/voluptuous__schema_validate_core__001/public_tests/test_public_api.py;benchmark/tasks/voluptuous__schema_validate_core__001/hidden_tests/test_hidden_behavior.py;benchmark/tasks/voluptuous__schema_validate_core__001/repo/voluptuous/error.py;benchmark/tasks/voluptuous__schema_validate_core__001/repo/voluptuous/schema_builder.py;benchmark/tasks/voluptuous__schema_validate_core__001/repo/voluptuous/validators.py,high,reviewed_v1,v1
websockets__handshake_parse_core__001,core100,websockets,d4303a5d3e373fc8c34177c3dec1a9c75c8865fa,websockets,library,,real_oss_mature,networking,,protocol_state_transition,,session_state,parser_state_coupling,data_model_coupling;implicit_dependency_coupling;parser_state_coupling,data_model_invariant;implicit_runtime_dependency;parser_state;static_transitive_dependency,boundary_cases;exception_semantics;lifecycle_semantics;ordering_semantics,weak_module_boundaries,7,NA,1162,9,6,0,0,1,0,false,false,true,false,NA,4,18,benchmark/tasks/websockets__handshake_parse_core__001/metadata.json;benchmark/tasks/websockets__handshake_parse_core__001/evaluation/oracle_manifest.json;benchmark/tasks/websockets__handshake_parse_core__001/public_tests/test_public_api.py;benchmark/tasks/websockets__handshake_parse_core__001/hidden_tests/test_hidden_behavior.py;benchmark/tasks/websockets__handshake_parse_core__001/repo/websockets/datastructures.py;benchmark/tasks/websockets__handshake_parse_core__001/repo/websockets/headers.py;benchmark/tasks/websockets__handshake_parse_core__001/repo/websockets/http11.py,high,reviewed_v1,v1
werkzeug__routing_core__001,core100,werkzeug,3.0.3-installed-snapshot,werkzeug,framework_plugin,,real_oss_mature,networking,application,registry_plugin_dispatch,,local_state,framework_coupling,data_model_coupling;framework_coupling;implicit_dependency_coupling,data_model_invariant;dynamic_import_plugin;framework_lifecycle;implicit_runtime_dependency;static_transitive_dependency,boundary_cases;exception_semantics,,NA,NA,NA,5,11,32,6,7,NA,false,false,true,true,true,1,2,benchmark/tasks/werkzeug__routing_core__001/metadata.json;benchmark/tasks/werkzeug__routing_core__001/evaluation/oracle_manifest.json;benchmark/tasks/werkzeug__routing_core__001/public_tests/test_public_api.py;benchmark/tasks/werkzeug__routing_core__001/hidden_tests/test_hidden_behavior.py;benchmark/tasks/werkzeug__routing_core__001/repo/werkzeug/_internal.py;benchmark/tasks/werkzeug__routing_core__001/repo/werkzeug/_reloader.py;benchmark/tasks/werkzeug__routing_core__001/repo/werkzeug/datastructures/csp.py,medium,ai_assisted_reviewed_v1,v1
wheel__metadata_normalize_core__hard3_001,hard50,wheel,197012dcb8a9da10570d6486bc1a70305861e7f2,wheel,developer_tooling,,real_oss_mature,packaging,,resource_metadata_loading,,stateless,data_model_coupling,data_model_coupling;parser_state_coupling,data_model_invariant;parser_state;static_transitive_dependency,boundary_cases;exception_semantics,,2,2,362,2,0,0,2,0,0,false,false,false,false,NA,1,2,benchmark/tasks/wheel__metadata_normalize_core__hard3_001/metadata.json;benchmark/tasks/wheel__metadata_normalize_core__hard3_001/evaluation/oracle_manifest.json;benchmark/tasks/wheel__metadata_normalize_core__hard3_001/public_tests/test_public_contract.py;benchmark/tasks/wheel__metadata_normalize_core__hard3_001/hidden_tests/test_hidden_contract.py;benchmark/tasks/wheel__metadata_normalize_core__hard3_001/repo/src/wheel/_metadata.py;benchmark/tasks/wheel__metadata_normalize_core__hard3_001/repo/src/wheel/wheelfile.py,medium,ai_assisted_reviewed_v1,v1
wsproto__frame_parse_core__001,core100,wsproto,1.3.2-installed-snapshot,wsproto,library,,real_oss_mature,networking,,protocol_state_transition,,session_state,parser_state_coupling,data_model_coupling;parser_state_coupling;resource_coupling,data_model_invariant;parser_state;resource_packaging,boundary_cases;exception_semantics;lifecycle_semantics;ordering_semantics,,NA,NA,NA,3,1,0,0,1,NA,false,false,true,true,NA,2,7,benchmark/tasks/wsproto__frame_parse_core__001/metadata.json;benchmark/tasks/wsproto__frame_parse_core__001/evaluation/oracle_manifest.json;benchmark/tasks/wsproto__frame_parse_core__001/public_tests/test_public_api.py;benchmark/tasks/wsproto__frame_parse_core__001/hidden_tests/test_hidden_behavior.py;benchmark/tasks/wsproto__frame_parse_core__001/repo/wsproto/extensions.py;benchmark/tasks/wsproto__frame_parse_core__001/repo/wsproto/frame_protocol.py,high,reviewed_v1,v1
xmltodict__xml_parse_core__001,core100,xmltodict,966b903e4441f27816cd39ecf3305727b294a9c5,xmltodict,library,,real_oss_mature,parsing,,serialize_format_render,parse_tokenize_decode,local_state,parser_state_coupling,implicit_dependency_coupling;parser_state_coupling;resource_coupling,implicit_runtime_dependency;parser_state;resource_packaging,boundary_cases,,1,NA,580,6,0,0,0,0,0,false,false,true,false,NA,5,6,benchmark/tasks/xmltodict__xml_parse_core__001/metadata.json;benchmark/tasks/xmltodict__xml_parse_core__001/evaluation/oracle_manifest.json;benchmark/tasks/xmltodict__xml_parse_core__001/public_tests/test_public_api.py;benchmark/tasks/xmltodict__xml_parse_core__001/hidden_tests/test_hidden_behavior.py;benchmark/tasks/xmltodict__xml_parse_core__001/repo/xmltodict.py,high,reviewed_v1,v1
yamale__schema_validate_core__hard3_001,hard50,yamale,c203d14bface6f35693874a8e4ee39079bcb9094,yamale,library,,real_oss_mature,data_modeling,,validate_normalize_construct,,stateless,data_model_coupling,data_model_coupling;implicit_dependency_coupling,data_model_invariant;implicit_runtime_dependency;static_transitive_dependency,exception_semantics,weak_module_boundaries,4,3,421,2,0,0,0,0,0,false,false,false,false,NA,1,3,benchmark/tasks/yamale__schema_validate_core__hard3_001/metadata.json;benchmark/tasks/yamale__schema_validate_core__hard3_001/evaluation/oracle_manifest.json;benchmark/tasks/yamale__schema_validate_core__hard3_001/public_tests/test_public_contract.py;benchmark/tasks/yamale__schema_validate_core__hard3_001/hidden_tests/test_hidden_contract.py;benchmark/tasks/yamale__schema_validate_core__hard3_001/repo/yamale/yamale.py,high,reviewed_v1,v1
yarl__url_model_core__001,core100,yarl,b0d27e478c543c28045296311a821f924729150f,yarl,library,,real_oss_mature,networking,,parse_tokenize_decode,,local_state,parser_state_coupling,data_model_coupling;implicit_dependency_coupling;parser_state_coupling;third_party_dependency_coupling,data_model_invariant;implicit_runtime_dependency;parser_state;static_transitive_dependency;third_party_contract,boundary_cases;exception_semantics;mutation_side_effects,weak_module_boundaries,7,NA,2028,9,5,1,5,2,0,false,true,true,false,NA,4,11,benchmark/tasks/yarl__url_model_core__001/metadata.json;benchmark/tasks/yarl__url_model_core__001/evaluation/oracle_manifest.json;benchmark/tasks/yarl__url_model_core__001/public_tests/test_url_public.py;benchmark/tasks/yarl__url_model_core__001/hidden_tests/test_url_hidden.py;benchmark/tasks/yarl__url_model_core__001/repo/yarl/_parse.py;benchmark/tasks/yarl__url_model_core__001/repo/yarl/_path.py;benchmark/tasks/yarl__url_model_core__001/repo/yarl/_query.py,high,reviewed_v1,v1
