model,task_id,functional_pass,first_failure_stage,run_directory,run_json_exists,events_path,events_present_nonempty
deepseek-v4-pro,aiohttp__url_params_core__hard3_001,False,hidden_failure,experiments/python/openhands/deepseek-v4-pro/python150-prime-v2-main-r1/aiohttp__url_params_core__hard3_001,True,experiments/python/openhands/deepseek-v4-pro/python150-prime-v2-main-r1/aiohttp__url_params_core__hard3_001/agent/openhands_events.jsonl,True
deepseek-v4-pro,alembic__revision_map_core__hard3_001,False,public_failure,experiments/python/openhands/deepseek-v4-pro/python150-prime-v2-main-r1/alembic__revision_map_core__hard3_001,True,experiments/python/openhands/deepseek-v4-pro/python150-prime-v2-main-r1/alembic__revision_map_core__hard3_001/agent/openhands_events.jsonl,True
deepseek-v4-pro,apscheduler__cron_trigger_core__hard3_001,True,functional_pass,experiments/python/openhands/deepseek-v4-pro/python150-prime-v2-main-r1/apscheduler__cron_trigger_core__hard3_001,True,experiments/python/openhands/deepseek-v4-pro/python150-prime-v2-main-r1/apscheduler__cron_trigger_core__hard3_001/agent/openhands_events.jsonl,True
deepseek-v4-pro,arrow__parse_format_core__001,True,functional_pass,experiments/python/openhands/deepseek-v4-pro/python150-prime-v2-main-r1/arrow__parse_format_core__001,True,experiments/python/openhands/deepseek-v4-pro/python150-prime-v2-main-r1/arrow__parse_format_core__001/agent/openhands_events.jsonl,True
deepseek-v4-pro,astroid__nodes_core__001,True,functional_pass,experiments/python/openhands/deepseek-v4-pro/python150-prime-v2-main-r1/astroid__nodes_core__001,True,experiments/python/openhands/deepseek-v4-pro/python150-prime-v2-main-r1/astroid__nodes_core__001/agent/openhands_events.jsonl,True
deepseek-v4-pro,attrs__validators_core__001,True,functional_pass,experiments/python/openhands/deepseek-v4-pro/python150-prime-v2-main-r1/attrs__validators_core__001,True,experiments/python/openhands/deepseek-v4-pro/python150-prime-v2-main-r1/attrs__validators_core__001/agent/openhands_events.jsonl,True
deepseek-v4-pro,babel__plural_core__001,True,functional_pass,experiments/python/openhands/deepseek-v4-pro/python150-prime-v2-main-r1/babel__plural_core__001,True,experiments/python/openhands/deepseek-v4-pro/python150-prime-v2-main-r1/babel__plural_core__001/agent/openhands_events.jsonl,True
deepseek-v4-pro,bidict__bidirectional_map_core__001,True,functional_pass,experiments/python/openhands/deepseek-v4-pro/python150-prime-v2-main-r1/bidict__bidirectional_map_core__001,True,experiments/python/openhands/deepseek-v4-pro/python150-prime-v2-main-r1/bidict__bidirectional_map_core__001/agent/openhands_events.jsonl,True
deepseek-v4-pro,bleach__sanitize_core__001,True,functional_pass,experiments/python/openhands/deepseek-v4-pro/python150-prime-v2-main-r1/bleach__sanitize_core__001,True,experiments/python/openhands/deepseek-v4-pro/python150-prime-v2-main-r1/bleach__sanitize_core__001/agent/openhands_events.jsonl,True
deepseek-v4-pro,blinker__signal_registry_core__001,True,functional_pass,experiments/python/openhands/deepseek-v4-pro/python150-prime-v2-main-r1/blinker__signal_registry_core__001,True,experiments/python/openhands/deepseek-v4-pro/python150-prime-v2-main-r1/blinker__signal_registry_core__001/agent/openhands_events.jsonl,True
deepseek-v4-pro,boltons__iterutils_core__001,True,functional_pass,experiments/python/openhands/deepseek-v4-pro/python150-prime-v2-main-r1/boltons__iterutils_core__001,True,experiments/python/openhands/deepseek-v4-pro/python150-prime-v2-main-r1/boltons__iterutils_core__001/agent/openhands_events.jsonl,True
deepseek-v4-pro,build__pyproject_backend_core__hard3_001,False,public_failure,experiments/python/openhands/deepseek-v4-pro/python150-prime-v2-main-r1/build__pyproject_backend_core__hard3_001,True,experiments/python/openhands/deepseek-v4-pro/python150-prime-v2-main-r1/build__pyproject_backend_core__hard3_001/agent/openhands_events.jsonl,True
deepseek-v4-pro,cachetools__cache_eviction_core__001,True,functional_pass,experiments/python/openhands/deepseek-v4-pro/python150-prime-v2-main-r1/cachetools__cache_eviction_core__001,True,experiments/python/openhands/deepseek-v4-pro/python150-prime-v2-main-r1/cachetools__cache_eviction_core__001/agent/openhands_events.jsonl,True
deepseek-v4-pro,cattrs__structure_core__001,True,functional_pass,experiments/python/openhands/deepseek-v4-pro/python150-prime-v2-main-r1/cattrs__structure_core__001,True,experiments/python/openhands/deepseek-v4-pro/python150-prime-v2-main-r1/cattrs__structure_core__001/agent/openhands_events.jsonl,True
deepseek-v4-pro,celery__signal_dispatch_core__hard3_001,False,public_failure,experiments/python/openhands/deepseek-v4-pro/python150-prime-v2-main-r1/celery__signal_dispatch_core__hard3_001,True,experiments/python/openhands/deepseek-v4-pro/python150-prime-v2-main-r1/celery__signal_dispatch_core__hard3_001/agent/openhands_events.jsonl,True
deepseek-v4-pro,cerberus__schema_validate_core__001,True,functional_pass,experiments/python/openhands/deepseek-v4-pro/python150-prime-v2-main-r1/cerberus__schema_validate_core__001,True,experiments/python/openhands/deepseek-v4-pro/python150-prime-v2-main-r1/cerberus__schema_validate_core__001/agent/openhands_events.jsonl,True
deepseek-v4-pro,chameleon__template_compile_core__001,True,functional_pass,experiments/python/openhands/deepseek-v4-pro/python150-prime-v2-main-r1/chameleon__template_compile_core__001,True,experiments/python/openhands/deepseek-v4-pro/python150-prime-v2-main-r1/chameleon__template_compile_core__001/agent/openhands_events.jsonl,True
deepseek-v4-pro,click__lazy_command_core__hard3_001,False,public_failure,experiments/python/openhands/deepseek-v4-pro/python150-prime-v2-main-r1/click__lazy_command_core__hard3_001,True,experiments/python/openhands/deepseek-v4-pro/python150-prime-v2-main-r1/click__lazy_command_core__hard3_001/agent/openhands_events.jsonl,True
deepseek-v4-pro,click__option_parser__001,True,functional_pass,experiments/python/openhands/deepseek-v4-pro/python150-prime-v2-main-r1/click__option_parser__001,True,experiments/python/openhands/deepseek-v4-pro/python150-prime-v2-main-r1/click__option_parser__001/agent/openhands_events.jsonl,True
deepseek-v4-pro,configobj__roundtrip_config_core__001,True,functional_pass,experiments/python/openhands/deepseek-v4-pro/python150-prime-v2-main-r1/configobj__roundtrip_config_core__001,True,experiments/python/openhands/deepseek-v4-pro/python150-prime-v2-main-r1/configobj__roundtrip_config_core__001/agent/openhands_events.jsonl,True
deepseek-v4-pro,cookiecutter__repo_finder_core__hard3_001,False,public_failure,experiments/python/openhands/deepseek-v4-pro/python150-prime-v2-main-r1/cookiecutter__repo_finder_core__hard3_001,True,experiments/python/openhands/deepseek-v4-pro/python150-prime-v2-main-r1/cookiecutter__repo_finder_core__hard3_001/agent/openhands_events.jsonl,True
deepseek-v4-pro,coverage__config_merge_core__001,True,functional_pass,experiments/python/openhands/deepseek-v4-pro/python150-prime-v2-main-r1/coverage__config_merge_core__001,True,experiments/python/openhands/deepseek-v4-pro/python150-prime-v2-main-r1/coverage__config_merge_core__001/agent/openhands_events.jsonl,True
deepseek-v4-pro,coverage__glob_matcher_core__001,True,functional_pass,experiments/python/openhands/deepseek-v4-pro/python150-prime-v2-main-r1/coverage__glob_matcher_core__001,True,experiments/python/openhands/deepseek-v4-pro/python150-prime-v2-main-r1/coverage__glob_matcher_core__001/agent/openhands_events.jsonl,True
deepseek-v4-pro,coverage__path_remap_core__001,True,functional_pass,experiments/python/openhands/deepseek-v4-pro/python150-prime-v2-main-r1/coverage__path_remap_core__001,True,experiments/python/openhands/deepseek-v4-pro/python150-prime-v2-main-r1/coverage__path_remap_core__001/agent/openhands_events.jsonl,True
deepseek-v4-pro,coverage__report_core__001,True,functional_pass,experiments/python/openhands/deepseek-v4-pro/python150-prime-v2-main-r1/coverage__report_core__001,True,experiments/python/openhands/deepseek-v4-pro/python150-prime-v2-main-r1/coverage__report_core__001/agent/openhands_events.jsonl,True
deepseek-v4-pro,coverage__source_selection_core__001,True,functional_pass,experiments/python/openhands/deepseek-v4-pro/python150-prime-v2-main-r1/coverage__source_selection_core__001,True,experiments/python/openhands/deepseek-v4-pro/python150-prime-v2-main-r1/coverage__source_selection_core__001/agent/openhands_events.jsonl,True
deepseek-v4-pro,croniter__cron_parse_core__001,True,functional_pass,experiments/python/openhands/deepseek-v4-pro/python150-prime-v2-main-r1/croniter__cron_parse_core__001,True,experiments/python/openhands/deepseek-v4-pro/python150-prime-v2-main-r1/croniter__cron_parse_core__001/agent/openhands_events.jsonl,True
deepseek-v4-pro,dataclasses_json__serde_core__001,True,functional_pass,experiments/python/openhands/deepseek-v4-pro/python150-prime-v2-main-r1/dataclasses_json__serde_core__001,True,experiments/python/openhands/deepseek-v4-pro/python150-prime-v2-main-r1/dataclasses_json__serde_core__001/agent/openhands_events.jsonl,True
deepseek-v4-pro,dateutil__zone_resolver_core__hard3_001,True,functional_pass,experiments/python/openhands/deepseek-v4-pro/python150-prime-v2-main-r1/dateutil__zone_resolver_core__hard3_001,True,experiments/python/openhands/deepseek-v4-pro/python150-prime-v2-main-r1/dateutil__zone_resolver_core__hard3_001/agent/openhands_events.jsonl,True
deepseek-v4-pro,decorator__signature_preserving_core__001,False,public_failure,experiments/python/openhands/deepseek-v4-pro/python150-prime-v2-main-r1/decorator__signature_preserving_core__001,True,experiments/python/openhands/deepseek-v4-pro/python150-prime-v2-main-r1/decorator__signature_preserving_core__001/agent/openhands_events.jsonl,True
deepseek-v4-pro,deepdiff__deep_compare_core__001,True,functional_pass,experiments/python/openhands/deepseek-v4-pro/python150-prime-v2-main-r1/deepdiff__deep_compare_core__001,True,experiments/python/openhands/deepseek-v4-pro/python150-prime-v2-main-r1/deepdiff__deep_compare_core__001/agent/openhands_events.jsonl,True
deepseek-v4-pro,diskcache__eviction_policy_core__hard3_001,True,functional_pass,experiments/python/openhands/deepseek-v4-pro/python150-prime-v2-main-r1/diskcache__eviction_policy_core__hard3_001,True,experiments/python/openhands/deepseek-v4-pro/python150-prime-v2-main-r1/diskcache__eviction_policy_core__hard3_001/agent/openhands_events.jsonl,True
deepseek-v4-pro,distlib__wheel_metadata_core__hard3_001,True,functional_pass,experiments/python/openhands/deepseek-v4-pro/python150-prime-v2-main-r1/distlib__wheel_metadata_core__hard3_001,True,experiments/python/openhands/deepseek-v4-pro/python150-prime-v2-main-r1/distlib__wheel_metadata_core__hard3_001/agent/openhands_events.jsonl,True
deepseek-v4-pro,dynaconf__settings_merge_core__001,True,functional_pass,experiments/python/openhands/deepseek-v4-pro/python150-prime-v2-main-r1/dynaconf__settings_merge_core__001,True,experiments/python/openhands/deepseek-v4-pro/python150-prime-v2-main-r1/dynaconf__settings_merge_core__001/agent/openhands_events.jsonl,True
deepseek-v4-pro,email_validator__validate_core__001,True,functional_pass,experiments/python/openhands/deepseek-v4-pro/python150-prime-v2-main-r1/email_validator__validate_core__001,True,experiments/python/openhands/deepseek-v4-pro/python150-prime-v2-main-r1/email_validator__validate_core__001/agent/openhands_events.jsonl,True
deepseek-v4-pro,environs__typed_env_core__001,True,functional_pass,experiments/python/openhands/deepseek-v4-pro/python150-prime-v2-main-r1/environs__typed_env_core__001,True,experiments/python/openhands/deepseek-v4-pro/python150-prime-v2-main-r1/environs__typed_env_core__001/agent/openhands_events.jsonl,True
deepseek-v4-pro,faker__provider_core__001,True,functional_pass,experiments/python/openhands/deepseek-v4-pro/python150-prime-v2-main-r1/faker__provider_core__001,True,experiments/python/openhands/deepseek-v4-pro/python150-prime-v2-main-r1/faker__provider_core__001/agent/openhands_events.jsonl,True
deepseek-v4-pro,filelock__reentrant_lock_core__001,False,public_failure,experiments/python/openhands/deepseek-v4-pro/python150-prime-v2-main-r1/filelock__reentrant_lock_core__001,True,experiments/python/openhands/deepseek-v4-pro/python150-prime-v2-main-r1/filelock__reentrant_lock_core__001/agent/openhands_events.jsonl,True
deepseek-v4-pro,flake8__plugin_options_core__hard3_001,False,public_failure,experiments/python/openhands/deepseek-v4-pro/python150-prime-v2-main-r1/flake8__plugin_options_core__hard3_001,True,experiments/python/openhands/deepseek-v4-pro/python150-prime-v2-main-r1/flake8__plugin_options_core__hard3_001/agent/openhands_events.jsonl,True
deepseek-v4-pro,flask__route_dispatch_core__001,False,public_failure,experiments/python/openhands/deepseek-v4-pro/python150-prime-v2-main-r1/flask__route_dispatch_core__001,True,experiments/python/openhands/deepseek-v4-pro/python150-prime-v2-main-r1/flask__route_dispatch_core__001/agent/openhands_events.jsonl,True
deepseek-v4-pro,fs__url_opener_core__hard3_001,True,functional_pass,experiments/python/openhands/deepseek-v4-pro/python150-prime-v2-main-r1/fs__url_opener_core__hard3_001,True,experiments/python/openhands/deepseek-v4-pro/python150-prime-v2-main-r1/fs__url_opener_core__hard3_001/agent/openhands_events.jsonl,True
deepseek-v4-pro,fsspec__url_chain_core__hard3_001,True,functional_pass,experiments/python/openhands/deepseek-v4-pro/python150-prime-v2-main-r1/fsspec__url_chain_core__hard3_001,True,experiments/python/openhands/deepseek-v4-pro/python150-prime-v2-main-r1/fsspec__url_chain_core__hard3_001/agent/openhands_events.jsonl,True
deepseek-v4-pro,glom__spec_eval_core__hard3_001,True,functional_pass,experiments/python/openhands/deepseek-v4-pro/python150-prime-v2-main-r1/glom__spec_eval_core__hard3_001,True,experiments/python/openhands/deepseek-v4-pro/python150-prime-v2-main-r1/glom__spec_eval_core__hard3_001/agent/openhands_events.jsonl,True
deepseek-v4-pro,h11__message_parse_core__001,True,functional_pass,experiments/python/openhands/deepseek-v4-pro/python150-prime-v2-main-r1/h11__message_parse_core__001,True,experiments/python/openhands/deepseek-v4-pro/python150-prime-v2-main-r1/h11__message_parse_core__001/agent/openhands_events.jsonl,True
deepseek-v4-pro,h2__frame_parse_core__001,True,functional_pass,experiments/python/openhands/deepseek-v4-pro/python150-prime-v2-main-r1/h2__frame_parse_core__001,True,experiments/python/openhands/deepseek-v4-pro/python150-prime-v2-main-r1/h2__frame_parse_core__001/agent/openhands_events.jsonl,True
deepseek-v4-pro,hatch__project_metadata_core__hard3_001,False,public_failure,experiments/python/openhands/deepseek-v4-pro/python150-prime-v2-main-r1/hatch__project_metadata_core__hard3_001,True,experiments/python/openhands/deepseek-v4-pro/python150-prime-v2-main-r1/hatch__project_metadata_core__hard3_001/agent/openhands_events.jsonl,True
deepseek-v4-pro,httpx__request_model_core__001,True,functional_pass,experiments/python/openhands/deepseek-v4-pro/python150-prime-v2-main-r1/httpx__request_model_core__001,True,experiments/python/openhands/deepseek-v4-pro/python150-prime-v2-main-r1/httpx__request_model_core__001/agent/openhands_events.jsonl,True
deepseek-v4-pro,humanize__naturaltime_core__001,True,functional_pass,experiments/python/openhands/deepseek-v4-pro/python150-prime-v2-main-r1/humanize__naturaltime_core__001,True,experiments/python/openhands/deepseek-v4-pro/python150-prime-v2-main-r1/humanize__naturaltime_core__001/agent/openhands_events.jsonl,True
deepseek-v4-pro,importlib_metadata__entry_points_core__001,True,functional_pass,experiments/python/openhands/deepseek-v4-pro/python150-prime-v2-main-r1/importlib_metadata__entry_points_core__001,True,experiments/python/openhands/deepseek-v4-pro/python150-prime-v2-main-r1/importlib_metadata__entry_points_core__001/agent/openhands_events.jsonl,True
deepseek-v4-pro,importlib_resources__traversable_tree_core__hard3_001,True,functional_pass,experiments/python/openhands/deepseek-v4-pro/python150-prime-v2-main-r1/importlib_resources__traversable_tree_core__hard3_001,True,experiments/python/openhands/deepseek-v4-pro/python150-prime-v2-main-r1/importlib_resources__traversable_tree_core__hard3_001/agent/openhands_events.jsonl,True
deepseek-v4-pro,installer__wheel_record_core__hard3_001,True,functional_pass,experiments/python/openhands/deepseek-v4-pro/python150-prime-v2-main-r1/installer__wheel_record_core__hard3_001,True,experiments/python/openhands/deepseek-v4-pro/python150-prime-v2-main-r1/installer__wheel_record_core__hard3_001/agent/openhands_events.jsonl,True
deepseek-v4-pro,intervaltree__interval_tree_core__001,True,functional_pass,experiments/python/openhands/deepseek-v4-pro/python150-prime-v2-main-r1/intervaltree__interval_tree_core__001,True,experiments/python/openhands/deepseek-v4-pro/python150-prime-v2-main-r1/intervaltree__interval_tree_core__001/agent/openhands_events.jsonl,True
deepseek-v4-pro,isodate__duration_parse_core__001,True,functional_pass,experiments/python/openhands/deepseek-v4-pro/python150-prime-v2-main-r1/isodate__duration_parse_core__001,True,experiments/python/openhands/deepseek-v4-pro/python150-prime-v2-main-r1/isodate__duration_parse_core__001/agent/openhands_events.jsonl,True
deepseek-v4-pro,isort__settings_resolver_core__hard3_001,True,functional_pass,experiments/python/openhands/deepseek-v4-pro/python150-prime-v2-main-r1/isort__settings_resolver_core__hard3_001,True,experiments/python/openhands/deepseek-v4-pro/python150-prime-v2-main-r1/isort__settings_resolver_core__hard3_001/agent/openhands_events.jsonl,True
deepseek-v4-pro,itsdangerous__timed_serializer_core__001,True,functional_pass,experiments/python/openhands/deepseek-v4-pro/python150-prime-v2-main-r1/itsdangerous__timed_serializer_core__001,True,experiments/python/openhands/deepseek-v4-pro/python150-prime-v2-main-r1/itsdangerous__timed_serializer_core__001/agent/openhands_events.jsonl,True
deepseek-v4-pro,jinja2__compile_render_core__001,True,functional_pass,experiments/python/openhands/deepseek-v4-pro/python150-prime-v2-main-r1/jinja2__compile_render_core__001,True,experiments/python/openhands/deepseek-v4-pro/python150-prime-v2-main-r1/jinja2__compile_render_core__001/agent/openhands_events.jsonl,True
deepseek-v4-pro,jinja2__extensions_core__001,True,functional_pass,experiments/python/openhands/deepseek-v4-pro/python150-prime-v2-main-r1/jinja2__extensions_core__001,True,experiments/python/openhands/deepseek-v4-pro/python150-prime-v2-main-r1/jinja2__extensions_core__001/agent/openhands_events.jsonl,True
deepseek-v4-pro,jinja2__filters_tests_core__001,True,functional_pass,experiments/python/openhands/deepseek-v4-pro/python150-prime-v2-main-r1/jinja2__filters_tests_core__001,True,experiments/python/openhands/deepseek-v4-pro/python150-prime-v2-main-r1/jinja2__filters_tests_core__001/agent/openhands_events.jsonl,True
deepseek-v4-pro,jinja2__lexer_parser_core__001,True,functional_pass,experiments/python/openhands/deepseek-v4-pro/python150-prime-v2-main-r1/jinja2__lexer_parser_core__001,True,experiments/python/openhands/deepseek-v4-pro/python150-prime-v2-main-r1/jinja2__lexer_parser_core__001/agent/openhands_events.jsonl,True
deepseek-v4-pro,jinja2__loader_inheritance_core__001,True,functional_pass,experiments/python/openhands/deepseek-v4-pro/python150-prime-v2-main-r1/jinja2__loader_inheritance_core__001,True,experiments/python/openhands/deepseek-v4-pro/python150-prime-v2-main-r1/jinja2__loader_inheritance_core__001/agent/openhands_events.jsonl,True
deepseek-v4-pro,json5__parse_core__001,True,functional_pass,experiments/python/openhands/deepseek-v4-pro/python150-prime-v2-main-r1/json5__parse_core__001,True,experiments/python/openhands/deepseek-v4-pro/python150-prime-v2-main-r1/json5__parse_core__001/agent/openhands_events.jsonl,True
deepseek-v4-pro,json_logic__evaluator_core__hard3_001,False,hidden_failure,experiments/python/openhands/deepseek-v4-pro/python150-prime-v2-main-r1/json_logic__evaluator_core__hard3_001,True,experiments/python/openhands/deepseek-v4-pro/python150-prime-v2-main-r1/json_logic__evaluator_core__hard3_001/agent/openhands_events.jsonl,True
deepseek-v4-pro,jsonpath_ng__expression_eval_core__001,True,functional_pass,experiments/python/openhands/deepseek-v4-pro/python150-prime-v2-main-r1/jsonpath_ng__expression_eval_core__001,True,experiments/python/openhands/deepseek-v4-pro/python150-prime-v2-main-r1/jsonpath_ng__expression_eval_core__001/agent/openhands_events.jsonl,True
deepseek-v4-pro,jsonpointer__resolve_core__001,True,functional_pass,experiments/python/openhands/deepseek-v4-pro/python150-prime-v2-main-r1/jsonpointer__resolve_core__001,True,experiments/python/openhands/deepseek-v4-pro/python150-prime-v2-main-r1/jsonpointer__resolve_core__001/agent/openhands_events.jsonl,True
deepseek-v4-pro,jsonschema__validator_core__001,True,functional_pass,experiments/python/openhands/deepseek-v4-pro/python150-prime-v2-main-r1/jsonschema__validator_core__001,True,experiments/python/openhands/deepseek-v4-pro/python150-prime-v2-main-r1/jsonschema__validator_core__001/agent/openhands_events.jsonl,True
deepseek-v4-pro,jupyter_core__paths_resolver_core__hard3_001,False,public_failure,experiments/python/openhands/deepseek-v4-pro/python150-prime-v2-main-r1/jupyter_core__paths_resolver_core__hard3_001,True,experiments/python/openhands/deepseek-v4-pro/python150-prime-v2-main-r1/jupyter_core__paths_resolver_core__hard3_001/agent/openhands_events.jsonl,True
deepseek-v4-pro,jupyter_server__extension_config_core__hard3_001,True,functional_pass,experiments/python/openhands/deepseek-v4-pro/python150-prime-v2-main-r1/jupyter_server__extension_config_core__hard3_001,True,experiments/python/openhands/deepseek-v4-pro/python150-prime-v2-main-r1/jupyter_server__extension_config_core__hard3_001/agent/openhands_events.jsonl,True
deepseek-v4-pro,keyring__backend_select_core__hard3_001,False,public_failure,experiments/python/openhands/deepseek-v4-pro/python150-prime-v2-main-r1/keyring__backend_select_core__hard3_001,True,experiments/python/openhands/deepseek-v4-pro/python150-prime-v2-main-r1/keyring__backend_select_core__hard3_001/agent/openhands_events.jsonl,True
deepseek-v4-pro,lark__grammar_loader_core__001,True,functional_pass,experiments/python/openhands/deepseek-v4-pro/python150-prime-v2-main-r1/lark__grammar_loader_core__001,True,experiments/python/openhands/deepseek-v4-pro/python150-prime-v2-main-r1/lark__grammar_loader_core__001/agent/openhands_events.jsonl,True
deepseek-v4-pro,lark__parse_tree_core__001,True,functional_pass,experiments/python/openhands/deepseek-v4-pro/python150-prime-v2-main-r1/lark__parse_tree_core__001,True,experiments/python/openhands/deepseek-v4-pro/python150-prime-v2-main-r1/lark__parse_tree_core__001/agent/openhands_events.jsonl,True
deepseek-v4-pro,lark__visitor_transform_core__001,True,functional_pass,experiments/python/openhands/deepseek-v4-pro/python150-prime-v2-main-r1/lark__visitor_transform_core__001,True,experiments/python/openhands/deepseek-v4-pro/python150-prime-v2-main-r1/lark__visitor_transform_core__001/agent/openhands_events.jsonl,True
deepseek-v4-pro,license_expression__policy_core__hard3_001,False,hidden_failure,experiments/python/openhands/deepseek-v4-pro/python150-prime-v2-main-r1/license_expression__policy_core__hard3_001,True,experiments/python/openhands/deepseek-v4-pro/python150-prime-v2-main-r1/license_expression__policy_core__hard3_001/agent/openhands_events.jsonl,True
deepseek-v4-pro,mako__lexer_expression_core__001,True,functional_pass,experiments/python/openhands/deepseek-v4-pro/python150-prime-v2-main-r1/mako__lexer_expression_core__001,True,experiments/python/openhands/deepseek-v4-pro/python150-prime-v2-main-r1/mako__lexer_expression_core__001/agent/openhands_events.jsonl,True
deepseek-v4-pro,markdown__extensions_core__001,True,functional_pass,experiments/python/openhands/deepseek-v4-pro/python150-prime-v2-main-r1/markdown__extensions_core__001,True,experiments/python/openhands/deepseek-v4-pro/python150-prime-v2-main-r1/markdown__extensions_core__001/agent/openhands_events.jsonl,True
deepseek-v4-pro,markdown_it__commonmark_render__001,True,functional_pass,experiments/python/openhands/deepseek-v4-pro/python150-prime-v2-main-r1/markdown_it__commonmark_render__001,True,experiments/python/openhands/deepseek-v4-pro/python150-prime-v2-main-r1/markdown_it__commonmark_render__001/agent/openhands_events.jsonl,True
deepseek-v4-pro,marshmallow__schema_core__001,True,functional_pass,experiments/python/openhands/deepseek-v4-pro/python150-prime-v2-main-r1/marshmallow__schema_core__001,True,experiments/python/openhands/deepseek-v4-pro/python150-prime-v2-main-r1/marshmallow__schema_core__001/agent/openhands_events.jsonl,True
deepseek-v4-pro,mkdocs__plugin_config_core__hard3_001,False,public_failure,experiments/python/openhands/deepseek-v4-pro/python150-prime-v2-main-r1/mkdocs__plugin_config_core__hard3_001,True,experiments/python/openhands/deepseek-v4-pro/python150-prime-v2-main-r1/mkdocs__plugin_config_core__hard3_001/agent/openhands_events.jsonl,True
deepseek-v4-pro,msgpack__pack_unpack_core__001,True,functional_pass,experiments/python/openhands/deepseek-v4-pro/python150-prime-v2-main-r1/msgpack__pack_unpack_core__001,True,experiments/python/openhands/deepseek-v4-pro/python150-prime-v2-main-r1/msgpack__pack_unpack_core__001/agent/openhands_events.jsonl,True
deepseek-v4-pro,multidict__multidict_mutation_core__hard3_001,False,public_failure,experiments/python/openhands/deepseek-v4-pro/python150-prime-v2-main-r1/multidict__multidict_mutation_core__hard3_001,True,experiments/python/openhands/deepseek-v4-pro/python150-prime-v2-main-r1/multidict__multidict_mutation_core__hard3_001/agent/openhands_events.jsonl,True
deepseek-v4-pro,networkx__dag_topo_core__001,True,functional_pass,experiments/python/openhands/deepseek-v4-pro/python150-prime-v2-main-r1/networkx__dag_topo_core__001,True,experiments/python/openhands/deepseek-v4-pro/python150-prime-v2-main-r1/networkx__dag_topo_core__001/agent/openhands_events.jsonl,True
deepseek-v4-pro,packaging__requirement_marker_specifier__001,True,functional_pass,experiments/python/openhands/deepseek-v4-pro/python150-prime-v2-main-r1/packaging__requirement_marker_specifier__001,True,experiments/python/openhands/deepseek-v4-pro/python150-prime-v2-main-r1/packaging__requirement_marker_specifier__001/agent/openhands_events.jsonl,True
deepseek-v4-pro,parse__format_parser_core__001,True,functional_pass,experiments/python/openhands/deepseek-v4-pro/python150-prime-v2-main-r1/parse__format_parser_core__001,True,experiments/python/openhands/deepseek-v4-pro/python150-prime-v2-main-r1/parse__format_parser_core__001/agent/openhands_events.jsonl,True
deepseek-v4-pro,parsel__selector_namespace_core__hard3_001,False,public_failure,experiments/python/openhands/deepseek-v4-pro/python150-prime-v2-main-r1/parsel__selector_namespace_core__hard3_001,True,experiments/python/openhands/deepseek-v4-pro/python150-prime-v2-main-r1/parsel__selector_namespace_core__hard3_001/agent/openhands_events.jsonl,True
deepseek-v4-pro,parso__python_parse_core__001,True,functional_pass,experiments/python/openhands/deepseek-v4-pro/python150-prime-v2-main-r1/parso__python_parse_core__001,True,experiments/python/openhands/deepseek-v4-pro/python150-prime-v2-main-r1/parso__python_parse_core__001/agent/openhands_events.jsonl,True
deepseek-v4-pro,passlib__hash_context_core__001,True,functional_pass,experiments/python/openhands/deepseek-v4-pro/python150-prime-v2-main-r1/passlib__hash_context_core__001,True,experiments/python/openhands/deepseek-v4-pro/python150-prime-v2-main-r1/passlib__hash_context_core__001/agent/openhands_events.jsonl,True
deepseek-v4-pro,pathvalidate__sanitize_core__001,True,functional_pass,experiments/python/openhands/deepseek-v4-pro/python150-prime-v2-main-r1/pathvalidate__sanitize_core__001,True,experiments/python/openhands/deepseek-v4-pro/python150-prime-v2-main-r1/pathvalidate__sanitize_core__001/agent/openhands_events.jsonl,True
deepseek-v4-pro,pendulum__parse_format_core__001,True,functional_pass,experiments/python/openhands/deepseek-v4-pro/python150-prime-v2-main-r1/pendulum__parse_format_core__001,True,experiments/python/openhands/deepseek-v4-pro/python150-prime-v2-main-r1/pendulum__parse_format_core__001/agent/openhands_events.jsonl,True
deepseek-v4-pro,phonenumbers__parse_format_core__001,True,functional_pass,experiments/python/openhands/deepseek-v4-pro/python150-prime-v2-main-r1/phonenumbers__parse_format_core__001,True,experiments/python/openhands/deepseek-v4-pro/python150-prime-v2-main-r1/phonenumbers__parse_format_core__001/agent/openhands_events.jsonl,True
deepseek-v4-pro,platformdirs__app_dirs_core__hard3_001,False,public_failure,experiments/python/openhands/deepseek-v4-pro/python150-prime-v2-main-r1/platformdirs__app_dirs_core__hard3_001,True,experiments/python/openhands/deepseek-v4-pro/python150-prime-v2-main-r1/platformdirs__app_dirs_core__hard3_001/agent/openhands_events.jsonl,True
deepseek-v4-pro,pluggy__hook_call_order__001,True,functional_pass,experiments/python/openhands/deepseek-v4-pro/python150-prime-v2-main-r1/pluggy__hook_call_order__001,True,experiments/python/openhands/deepseek-v4-pro/python150-prime-v2-main-r1/pluggy__hook_call_order__001/agent/openhands_events.jsonl,True
deepseek-v4-pro,pluggy__hook_specs_core__001,True,functional_pass,experiments/python/openhands/deepseek-v4-pro/python150-prime-v2-main-r1/pluggy__hook_specs_core__001,True,experiments/python/openhands/deepseek-v4-pro/python150-prime-v2-main-r1/pluggy__hook_specs_core__001/agent/openhands_events.jsonl,True
deepseek-v4-pro,pluggy__hook_wrapper_core__hard3_001,False,public_failure,experiments/python/openhands/deepseek-v4-pro/python150-prime-v2-main-r1/pluggy__hook_wrapper_core__hard3_001,True,experiments/python/openhands/deepseek-v4-pro/python150-prime-v2-main-r1/pluggy__hook_wrapper_core__hard3_001/agent/openhands_events.jsonl,True
deepseek-v4-pro,poetry_core__dependency_groups_core__hard3_001,False,public_failure,experiments/python/openhands/deepseek-v4-pro/python150-prime-v2-main-r1/poetry_core__dependency_groups_core__hard3_001,True,experiments/python/openhands/deepseek-v4-pro/python150-prime-v2-main-r1/poetry_core__dependency_groups_core__hard3_001/agent/openhands_events.jsonl,True
deepseek-v4-pro,pydantic__field_validator_core__hard3_001,True,functional_pass,experiments/python/openhands/deepseek-v4-pro/python150-prime-v2-main-r1/pydantic__field_validator_core__hard3_001,True,experiments/python/openhands/deepseek-v4-pro/python150-prime-v2-main-r1/pydantic__field_validator_core__hard3_001/agent/openhands_events.jsonl,True
deepseek-v4-pro,pydantic_settings__env_source_core__001,True,functional_pass,experiments/python/openhands/deepseek-v4-pro/python150-prime-v2-main-r1/pydantic_settings__env_source_core__001,True,experiments/python/openhands/deepseek-v4-pro/python150-prime-v2-main-r1/pydantic_settings__env_source_core__001/agent/openhands_events.jsonl,True
deepseek-v4-pro,pydantic_v1__validation_error_core__001,True,functional_pass,experiments/python/openhands/deepseek-v4-pro/python150-prime-v2-main-r1/pydantic_v1__validation_error_core__001,True,experiments/python/openhands/deepseek-v4-pro/python150-prime-v2-main-r1/pydantic_v1__validation_error_core__001/agent/openhands_events.jsonl,True
deepseek-v4-pro,pygments__formatter_core__001,True,functional_pass,experiments/python/openhands/deepseek-v4-pro/python150-prime-v2-main-r1/pygments__formatter_core__001,True,experiments/python/openhands/deepseek-v4-pro/python150-prime-v2-main-r1/pygments__formatter_core__001/agent/openhands_events.jsonl,True
deepseek-v4-pro,pygments__lexer_core__001,False,hidden_failure,experiments/python/openhands/deepseek-v4-pro/python150-prime-v2-main-r1/pygments__lexer_core__001,True,experiments/python/openhands/deepseek-v4-pro/python150-prime-v2-main-r1/pygments__lexer_core__001/agent/openhands_events.jsonl,True
deepseek-v4-pro,pyramid__configurator_action_core__hard3_001,True,functional_pass,experiments/python/openhands/deepseek-v4-pro/python150-prime-v2-main-r1/pyramid__configurator_action_core__hard3_001,True,experiments/python/openhands/deepseek-v4-pro/python150-prime-v2-main-r1/pyramid__configurator_action_core__hard3_001/agent/openhands_events.jsonl,True
deepseek-v4-pro,pytest__fixture_resolve_core__001,True,functional_pass,experiments/python/openhands/deepseek-v4-pro/python150-prime-v2-main-r1/pytest__fixture_resolve_core__001,True,experiments/python/openhands/deepseek-v4-pro/python150-prime-v2-main-r1/pytest__fixture_resolve_core__001/agent/openhands_events.jsonl,True
deepseek-v4-pro,pytest__ini_markers_core__001,False,public_failure,experiments/python/openhands/deepseek-v4-pro/python150-prime-v2-main-r1/pytest__ini_markers_core__001,True,experiments/python/openhands/deepseek-v4-pro/python150-prime-v2-main-r1/pytest__ini_markers_core__001/agent/openhands_events.jsonl,True
deepseek-v4-pro,pytest__mark_expression_core__001,True,functional_pass,experiments/python/openhands/deepseek-v4-pro/python150-prime-v2-main-r1/pytest__mark_expression_core__001,True,experiments/python/openhands/deepseek-v4-pro/python150-prime-v2-main-r1/pytest__mark_expression_core__001/agent/openhands_events.jsonl,True
deepseek-v4-pro,pytest__marker_registry_core__hard3_001,False,hidden_failure,experiments/python/openhands/deepseek-v4-pro/python150-prime-v2-main-r1/pytest__marker_registry_core__hard3_001,True,experiments/python/openhands/deepseek-v4-pro/python150-prime-v2-main-r1/pytest__marker_registry_core__hard3_001/agent/openhands_events.jsonl,True
deepseek-v4-pro,pytest__skipif_eval_core__001,True,functional_pass,experiments/python/openhands/deepseek-v4-pro/python150-prime-v2-main-r1/pytest__skipif_eval_core__001,True,experiments/python/openhands/deepseek-v4-pro/python150-prime-v2-main-r1/pytest__skipif_eval_core__001/agent/openhands_events.jsonl,True
deepseek-v4-pro,python_box__config_box_core__001,True,functional_pass,experiments/python/openhands/deepseek-v4-pro/python150-prime-v2-main-r1/python_box__config_box_core__001,True,experiments/python/openhands/deepseek-v4-pro/python150-prime-v2-main-r1/python_box__config_box_core__001/agent/openhands_events.jsonl,True
deepseek-v4-pro,python_dateutil__relativedelta_core__001,True,functional_pass,experiments/python/openhands/deepseek-v4-pro/python150-prime-v2-main-r1/python_dateutil__relativedelta_core__001,True,experiments/python/openhands/deepseek-v4-pro/python150-prime-v2-main-r1/python_dateutil__relativedelta_core__001/agent/openhands_events.jsonl,True
deepseek-v4-pro,python_dateutil__rrule_core__001,True,functional_pass,experiments/python/openhands/deepseek-v4-pro/python150-prime-v2-main-r1/python_dateutil__rrule_core__001,True,experiments/python/openhands/deepseek-v4-pro/python150-prime-v2-main-r1/python_dateutil__rrule_core__001/agent/openhands_events.jsonl,True
deepseek-v4-pro,python_decouple__config_repository_core__001,False,hidden_failure,experiments/python/openhands/deepseek-v4-pro/python150-prime-v2-main-r1/python_decouple__config_repository_core__001,True,experiments/python/openhands/deepseek-v4-pro/python150-prime-v2-main-r1/python_decouple__config_repository_core__001/agent/openhands_events.jsonl,True
deepseek-v4-pro,python_dotenv__env_parse_core__001,True,functional_pass,experiments/python/openhands/deepseek-v4-pro/python150-prime-v2-main-r1/python_dotenv__env_parse_core__001,True,experiments/python/openhands/deepseek-v4-pro/python150-prime-v2-main-r1/python_dotenv__env_parse_core__001/agent/openhands_events.jsonl,True
deepseek-v4-pro,python_frontmatter__roundtrip_core__001,True,functional_pass,experiments/python/openhands/deepseek-v4-pro/python150-prime-v2-main-r1/python_frontmatter__roundtrip_core__001,True,experiments/python/openhands/deepseek-v4-pro/python150-prime-v2-main-r1/python_frontmatter__roundtrip_core__001/agent/openhands_events.jsonl,True
deepseek-v4-pro,python_multipart__form_parse_core__001,True,functional_pass,experiments/python/openhands/deepseek-v4-pro/python150-prime-v2-main-r1/python_multipart__form_parse_core__001,True,experiments/python/openhands/deepseek-v4-pro/python150-prime-v2-main-r1/python_multipart__form_parse_core__001/agent/openhands_events.jsonl,True
deepseek-v4-pro,pyyaml__safe_load_dump__001,True,functional_pass,experiments/python/openhands/deepseek-v4-pro/python150-prime-v2-main-r1/pyyaml__safe_load_dump__001,True,experiments/python/openhands/deepseek-v4-pro/python150-prime-v2-main-r1/pyyaml__safe_load_dump__001/agent/openhands_events.jsonl,True
deepseek-v4-pro,readme_renderer__content_type_core__hard3_001,False,public_failure,experiments/python/openhands/deepseek-v4-pro/python150-prime-v2-main-r1/readme_renderer__content_type_core__hard3_001,True,experiments/python/openhands/deepseek-v4-pro/python150-prime-v2-main-r1/readme_renderer__content_type_core__hard3_001/agent/openhands_events.jsonl,True
deepseek-v4-pro,redis__resp_parser_core__001,True,functional_pass,experiments/python/openhands/deepseek-v4-pro/python150-prime-v2-main-r1/redis__resp_parser_core__001,True,experiments/python/openhands/deepseek-v4-pro/python150-prime-v2-main-r1/redis__resp_parser_core__001/agent/openhands_events.jsonl,True
deepseek-v4-pro,referencing__json_schema_refs_core__001,True,functional_pass,experiments/python/openhands/deepseek-v4-pro/python150-prime-v2-main-r1/referencing__json_schema_refs_core__001,True,experiments/python/openhands/deepseek-v4-pro/python150-prime-v2-main-r1/referencing__json_schema_refs_core__001/agent/openhands_events.jsonl,True
deepseek-v4-pro,requests_cache__cache_key_core__hard3_001,False,hidden_failure,experiments/python/openhands/deepseek-v4-pro/python150-prime-v2-main-r1/requests_cache__cache_key_core__hard3_001,True,experiments/python/openhands/deepseek-v4-pro/python150-prime-v2-main-r1/requests_cache__cache_key_core__hard3_001/agent/openhands_events.jsonl,True
deepseek-v4-pro,responses__request_matcher_core__hard3_001,False,hidden_failure,experiments/python/openhands/deepseek-v4-pro/python150-prime-v2-main-r1/responses__request_matcher_core__hard3_001,True,experiments/python/openhands/deepseek-v4-pro/python150-prime-v2-main-r1/responses__request_matcher_core__hard3_001/agent/openhands_events.jsonl,True
deepseek-v4-pro,returns__result_pipeline_core__hard3_001,True,functional_pass,experiments/python/openhands/deepseek-v4-pro/python150-prime-v2-main-r1/returns__result_pipeline_core__hard3_001,True,experiments/python/openhands/deepseek-v4-pro/python150-prime-v2-main-r1/returns__result_pipeline_core__hard3_001/agent/openhands_events.jsonl,True
deepseek-v4-pro,rfc3986__uri_parse_core__001,True,functional_pass,experiments/python/openhands/deepseek-v4-pro/python150-prime-v2-main-r1/rfc3986__uri_parse_core__001,True,experiments/python/openhands/deepseek-v4-pro/python150-prime-v2-main-r1/rfc3986__uri_parse_core__001/agent/openhands_events.jsonl,True
deepseek-v4-pro,rich__markup_parse_core__001,True,functional_pass,experiments/python/openhands/deepseek-v4-pro/python150-prime-v2-main-r1/rich__markup_parse_core__001,True,experiments/python/openhands/deepseek-v4-pro/python150-prime-v2-main-r1/rich__markup_parse_core__001/agent/openhands_events.jsonl,True
deepseek-v4-pro,ruamel_yaml__roundtrip_core__001,True,functional_pass,experiments/python/openhands/deepseek-v4-pro/python150-prime-v2-main-r1/ruamel_yaml__roundtrip_core__001,True,experiments/python/openhands/deepseek-v4-pro/python150-prime-v2-main-r1/ruamel_yaml__roundtrip_core__001/agent/openhands_events.jsonl,True
deepseek-v4-pro,schema__nested_validate_core__hard3_001,False,hidden_failure,experiments/python/openhands/deepseek-v4-pro/python150-prime-v2-main-r1/schema__nested_validate_core__hard3_001,True,experiments/python/openhands/deepseek-v4-pro/python150-prime-v2-main-r1/schema__nested_validate_core__hard3_001/agent/openhands_events.jsonl,True
deepseek-v4-pro,scrapy__item_loader_core__hard3_001,False,public_failure,experiments/python/openhands/deepseek-v4-pro/python150-prime-v2-main-r1/scrapy__item_loader_core__hard3_001,True,experiments/python/openhands/deepseek-v4-pro/python150-prime-v2-main-r1/scrapy__item_loader_core__hard3_001/agent/openhands_events.jsonl,True
deepseek-v4-pro,setuptools_scm__version_normalize_core__hard3_001,False,public_failure,experiments/python/openhands/deepseek-v4-pro/python150-prime-v2-main-r1/setuptools_scm__version_normalize_core__hard3_001,True,experiments/python/openhands/deepseek-v4-pro/python150-prime-v2-main-r1/setuptools_scm__version_normalize_core__hard3_001/agent/openhands_events.jsonl,True
deepseek-v4-pro,sortedcontainers__sorted_list_core__001,True,functional_pass,experiments/python/openhands/deepseek-v4-pro/python150-prime-v2-main-r1/sortedcontainers__sorted_list_core__001,True,experiments/python/openhands/deepseek-v4-pro/python150-prime-v2-main-r1/sortedcontainers__sorted_list_core__001/agent/openhands_events.jsonl,True
deepseek-v4-pro,sphinx__extension_registry_core__hard3_001,True,functional_pass,experiments/python/openhands/deepseek-v4-pro/python150-prime-v2-main-r1/sphinx__extension_registry_core__hard3_001,True,experiments/python/openhands/deepseek-v4-pro/python150-prime-v2-main-r1/sphinx__extension_registry_core__hard3_001/agent/openhands_events.jsonl,True
deepseek-v4-pro,sqlalchemy__event_dispatch_core__hard3_001,True,functional_pass,experiments/python/openhands/deepseek-v4-pro/python150-prime-v2-main-r1/sqlalchemy__event_dispatch_core__hard3_001,True,experiments/python/openhands/deepseek-v4-pro/python150-prime-v2-main-r1/sqlalchemy__event_dispatch_core__hard3_001/agent/openhands_events.jsonl,True
deepseek-v4-pro,sqlparse__format_filters_core__001,True,functional_pass,experiments/python/openhands/deepseek-v4-pro/python150-prime-v2-main-r1/sqlparse__format_filters_core__001,True,experiments/python/openhands/deepseek-v4-pro/python150-prime-v2-main-r1/sqlparse__format_filters_core__001/agent/openhands_events.jsonl,True
deepseek-v4-pro,sqlparse__parse_format_core__001,True,functional_pass,experiments/python/openhands/deepseek-v4-pro/python150-prime-v2-main-r1/sqlparse__parse_format_core__001,True,experiments/python/openhands/deepseek-v4-pro/python150-prime-v2-main-r1/sqlparse__parse_format_core__001/agent/openhands_events.jsonl,True
deepseek-v4-pro,sqlparse__parse_split_core__001,True,functional_pass,experiments/python/openhands/deepseek-v4-pro/python150-prime-v2-main-r1/sqlparse__parse_split_core__001,True,experiments/python/openhands/deepseek-v4-pro/python150-prime-v2-main-r1/sqlparse__parse_split_core__001/agent/openhands_events.jsonl,True
deepseek-v4-pro,sqlparse__token_tree_core__001,True,functional_pass,experiments/python/openhands/deepseek-v4-pro/python150-prime-v2-main-r1/sqlparse__token_tree_core__001,True,experiments/python/openhands/deepseek-v4-pro/python150-prime-v2-main-r1/sqlparse__token_tree_core__001/agent/openhands_events.jsonl,True
deepseek-v4-pro,starlette__route_matching_core__hard3_001,False,hidden_failure,experiments/python/openhands/deepseek-v4-pro/python150-prime-v2-main-r1/starlette__route_matching_core__hard3_001,True,experiments/python/openhands/deepseek-v4-pro/python150-prime-v2-main-r1/starlette__route_matching_core__hard3_001/agent/openhands_events.jsonl,True
deepseek-v4-pro,stevedore__extension_manager_core__hard3_001,True,functional_pass,experiments/python/openhands/deepseek-v4-pro/python150-prime-v2-main-r1/stevedore__extension_manager_core__hard3_001,True,experiments/python/openhands/deepseek-v4-pro/python150-prime-v2-main-r1/stevedore__extension_manager_core__hard3_001/agent/openhands_events.jsonl,True
deepseek-v4-pro,tabulate__table_format_core__001,True,functional_pass,experiments/python/openhands/deepseek-v4-pro/python150-prime-v2-main-r1/tabulate__table_format_core__001,True,experiments/python/openhands/deepseek-v4-pro/python150-prime-v2-main-r1/tabulate__table_format_core__001/agent/openhands_events.jsonl,True
deepseek-v4-pro,tenacity__retry_state_core__hard3_001,True,functional_pass,experiments/python/openhands/deepseek-v4-pro/python150-prime-v2-main-r1/tenacity__retry_state_core__hard3_001,True,experiments/python/openhands/deepseek-v4-pro/python150-prime-v2-main-r1/tenacity__retry_state_core__hard3_001/agent/openhands_events.jsonl,True
deepseek-v4-pro,tomlkit__roundtrip_document__001,True,functional_pass,experiments/python/openhands/deepseek-v4-pro/python150-prime-v2-main-r1/tomlkit__roundtrip_document__001,True,experiments/python/openhands/deepseek-v4-pro/python150-prime-v2-main-r1/tomlkit__roundtrip_document__001/agent/openhands_events.jsonl,True
deepseek-v4-pro,tox__factor_expression_core__hard3_001,False,public_failure,experiments/python/openhands/deepseek-v4-pro/python150-prime-v2-main-r1/tox__factor_expression_core__hard3_001,True,experiments/python/openhands/deepseek-v4-pro/python150-prime-v2-main-r1/tox__factor_expression_core__hard3_001/agent/openhands_events.jsonl,True
deepseek-v4-pro,trafaret__validation_rules_core__hard3_001,True,functional_pass,experiments/python/openhands/deepseek-v4-pro/python150-prime-v2-main-r1/trafaret__validation_rules_core__hard3_001,True,experiments/python/openhands/deepseek-v4-pro/python150-prime-v2-main-r1/trafaret__validation_rules_core__hard3_001/agent/openhands_events.jsonl,True
deepseek-v4-pro,transitions__state_machine_core__hard3_001,True,functional_pass,experiments/python/openhands/deepseek-v4-pro/python150-prime-v2-main-r1/transitions__state_machine_core__hard3_001,True,experiments/python/openhands/deepseek-v4-pro/python150-prime-v2-main-r1/transitions__state_machine_core__hard3_001/agent/openhands_events.jsonl,True
deepseek-v4-pro,typer__command_parser_core__001,True,functional_pass,experiments/python/openhands/deepseek-v4-pro/python150-prime-v2-main-r1/typer__command_parser_core__001,True,experiments/python/openhands/deepseek-v4-pro/python150-prime-v2-main-r1/typer__command_parser_core__001/agent/openhands_events.jsonl,True
deepseek-v4-pro,urllib3__retry_backoff_core__001,True,functional_pass,experiments/python/openhands/deepseek-v4-pro/python150-prime-v2-main-r1/urllib3__retry_backoff_core__001,True,experiments/python/openhands/deepseek-v4-pro/python150-prime-v2-main-r1/urllib3__retry_backoff_core__001/agent/openhands_events.jsonl,True
deepseek-v4-pro,virtualenv__interpreter_spec_core__hard3_001,False,public_failure,experiments/python/openhands/deepseek-v4-pro/python150-prime-v2-main-r1/virtualenv__interpreter_spec_core__hard3_001,True,experiments/python/openhands/deepseek-v4-pro/python150-prime-v2-main-r1/virtualenv__interpreter_spec_core__hard3_001/agent/openhands_events.jsonl,True
deepseek-v4-pro,voluptuous__schema_validate_core__001,True,functional_pass,experiments/python/openhands/deepseek-v4-pro/python150-prime-v2-main-r1/voluptuous__schema_validate_core__001,True,experiments/python/openhands/deepseek-v4-pro/python150-prime-v2-main-r1/voluptuous__schema_validate_core__001/agent/openhands_events.jsonl,True
deepseek-v4-pro,websockets__handshake_parse_core__001,True,functional_pass,experiments/python/openhands/deepseek-v4-pro/python150-prime-v2-main-r1/websockets__handshake_parse_core__001,True,experiments/python/openhands/deepseek-v4-pro/python150-prime-v2-main-r1/websockets__handshake_parse_core__001/agent/openhands_events.jsonl,True
deepseek-v4-pro,werkzeug__routing_core__001,True,functional_pass,experiments/python/openhands/deepseek-v4-pro/python150-prime-v2-main-r1/werkzeug__routing_core__001,True,experiments/python/openhands/deepseek-v4-pro/python150-prime-v2-main-r1/werkzeug__routing_core__001/agent/openhands_events.jsonl,True
deepseek-v4-pro,wheel__metadata_normalize_core__hard3_001,True,functional_pass,experiments/python/openhands/deepseek-v4-pro/python150-prime-v2-main-r1/wheel__metadata_normalize_core__hard3_001,True,experiments/python/openhands/deepseek-v4-pro/python150-prime-v2-main-r1/wheel__metadata_normalize_core__hard3_001/agent/openhands_events.jsonl,True
deepseek-v4-pro,wsproto__frame_parse_core__001,True,functional_pass,experiments/python/openhands/deepseek-v4-pro/python150-prime-v2-main-r1/wsproto__frame_parse_core__001,True,experiments/python/openhands/deepseek-v4-pro/python150-prime-v2-main-r1/wsproto__frame_parse_core__001/agent/openhands_events.jsonl,True
deepseek-v4-pro,xmltodict__xml_parse_core__001,True,functional_pass,experiments/python/openhands/deepseek-v4-pro/python150-prime-v2-main-r1/xmltodict__xml_parse_core__001,True,experiments/python/openhands/deepseek-v4-pro/python150-prime-v2-main-r1/xmltodict__xml_parse_core__001/agent/openhands_events.jsonl,True
deepseek-v4-pro,yamale__schema_validate_core__hard3_001,False,public_failure,experiments/python/openhands/deepseek-v4-pro/python150-prime-v2-main-r1/yamale__schema_validate_core__hard3_001,True,experiments/python/openhands/deepseek-v4-pro/python150-prime-v2-main-r1/yamale__schema_validate_core__hard3_001/agent/openhands_events.jsonl,True
deepseek-v4-pro,yarl__url_model_core__001,True,functional_pass,experiments/python/openhands/deepseek-v4-pro/python150-prime-v2-main-r1/yarl__url_model_core__001,True,experiments/python/openhands/deepseek-v4-pro/python150-prime-v2-main-r1/yarl__url_model_core__001/agent/openhands_events.jsonl,True
deepseek-v4-flash,aiohttp__url_params_core__hard3_001,False,hidden_failure,experiments/python/openhands/deepseek-v4-flash/python200-prime-v2-main-r1/aiohttp__url_params_core__hard3_001,True,experiments/python/openhands/deepseek-v4-flash/python200-prime-v2-main-r1/aiohttp__url_params_core__hard3_001/agent/openhands_events.jsonl,True
deepseek-v4-flash,alembic__revision_map_core__hard3_001,False,public_failure,experiments/python/openhands/deepseek-v4-flash/python200-prime-v2-main-r1/alembic__revision_map_core__hard3_001,True,experiments/python/openhands/deepseek-v4-flash/python200-prime-v2-main-r1/alembic__revision_map_core__hard3_001/agent/openhands_events.jsonl,True
deepseek-v4-flash,apscheduler__cron_trigger_core__hard3_001,True,functional_pass,experiments/python/openhands/deepseek-v4-flash/python200-prime-v2-main-r1/apscheduler__cron_trigger_core__hard3_001,True,experiments/python/openhands/deepseek-v4-flash/python200-prime-v2-main-r1/apscheduler__cron_trigger_core__hard3_001/agent/openhands_events.jsonl,True
deepseek-v4-flash,arrow__parse_format_core__001,True,functional_pass,experiments/python/openhands/deepseek-v4-flash/python200-prime-v2-main-r1/arrow__parse_format_core__001,True,experiments/python/openhands/deepseek-v4-flash/python200-prime-v2-main-r1/arrow__parse_format_core__001/agent/openhands_events.jsonl,True
deepseek-v4-flash,astroid__nodes_core__001,True,functional_pass,experiments/python/openhands/deepseek-v4-flash/python200-prime-v2-main-r1/astroid__nodes_core__001,True,experiments/python/openhands/deepseek-v4-flash/python200-prime-v2-main-r1/astroid__nodes_core__001/agent/openhands_events.jsonl,True
deepseek-v4-flash,attrs__validators_core__001,True,functional_pass,experiments/python/openhands/deepseek-v4-flash/python200-prime-v2-main-r1/attrs__validators_core__001,True,experiments/python/openhands/deepseek-v4-flash/python200-prime-v2-main-r1/attrs__validators_core__001/agent/openhands_events.jsonl,True
deepseek-v4-flash,babel__plural_core__001,True,functional_pass,experiments/python/openhands/deepseek-v4-flash/python200-prime-v2-main-r1/babel__plural_core__001,True,experiments/python/openhands/deepseek-v4-flash/python200-prime-v2-main-r1/babel__plural_core__001/agent/openhands_events.jsonl,True
deepseek-v4-flash,bidict__bidirectional_map_core__001,True,functional_pass,experiments/python/openhands/deepseek-v4-flash/python200-prime-v2-main-r1/bidict__bidirectional_map_core__001,True,experiments/python/openhands/deepseek-v4-flash/python200-prime-v2-main-r1/bidict__bidirectional_map_core__001/agent/openhands_events.jsonl,True
deepseek-v4-flash,bleach__sanitize_core__001,False,hidden_failure,experiments/python/openhands/deepseek-v4-flash/python200-prime-v2-main-r1/bleach__sanitize_core__001,True,experiments/python/openhands/deepseek-v4-flash/python200-prime-v2-main-r1/bleach__sanitize_core__001/agent/openhands_events.jsonl,True
deepseek-v4-flash,blinker__signal_registry_core__001,True,functional_pass,experiments/python/openhands/deepseek-v4-flash/python200-prime-v2-main-r1/blinker__signal_registry_core__001,True,experiments/python/openhands/deepseek-v4-flash/python200-prime-v2-main-r1/blinker__signal_registry_core__001/agent/openhands_events.jsonl,True
deepseek-v4-flash,boltons__iterutils_core__001,True,functional_pass,experiments/python/openhands/deepseek-v4-flash/python200-prime-v2-main-r1/boltons__iterutils_core__001,True,experiments/python/openhands/deepseek-v4-flash/python200-prime-v2-main-r1/boltons__iterutils_core__001/agent/openhands_events.jsonl,True
deepseek-v4-flash,build__pyproject_backend_core__hard3_001,False,public_failure,experiments/python/openhands/deepseek-v4-flash/python200-prime-v2-main-r1/build__pyproject_backend_core__hard3_001,True,experiments/python/openhands/deepseek-v4-flash/python200-prime-v2-main-r1/build__pyproject_backend_core__hard3_001/agent/openhands_events.jsonl,True
deepseek-v4-flash,cachetools__cache_eviction_core__001,True,functional_pass,experiments/python/openhands/deepseek-v4-flash/python200-prime-v2-main-r1/cachetools__cache_eviction_core__001,True,experiments/python/openhands/deepseek-v4-flash/python200-prime-v2-main-r1/cachetools__cache_eviction_core__001/agent/openhands_events.jsonl,True
deepseek-v4-flash,cattrs__structure_core__001,True,functional_pass,experiments/python/openhands/deepseek-v4-flash/python200-prime-v2-main-r1/cattrs__structure_core__001,True,experiments/python/openhands/deepseek-v4-flash/python200-prime-v2-main-r1/cattrs__structure_core__001/agent/openhands_events.jsonl,True
deepseek-v4-flash,celery__signal_dispatch_core__hard3_001,False,public_failure,experiments/python/openhands/deepseek-v4-flash/python200-prime-v2-main-r1/celery__signal_dispatch_core__hard3_001,True,experiments/python/openhands/deepseek-v4-flash/python200-prime-v2-main-r1/celery__signal_dispatch_core__hard3_001/agent/openhands_events.jsonl,True
deepseek-v4-flash,cerberus__schema_validate_core__001,True,functional_pass,experiments/python/openhands/deepseek-v4-flash/python200-prime-v2-main-r1/cerberus__schema_validate_core__001,True,experiments/python/openhands/deepseek-v4-flash/python200-prime-v2-main-r1/cerberus__schema_validate_core__001/agent/openhands_events.jsonl,True
deepseek-v4-flash,chameleon__template_compile_core__001,True,functional_pass,experiments/python/openhands/deepseek-v4-flash/python200-prime-v2-main-r1/chameleon__template_compile_core__001,True,experiments/python/openhands/deepseek-v4-flash/python200-prime-v2-main-r1/chameleon__template_compile_core__001/agent/openhands_events.jsonl,True
deepseek-v4-flash,click__lazy_command_core__hard3_001,False,public_failure,experiments/python/openhands/deepseek-v4-flash/python200-prime-v2-main-r1/click__lazy_command_core__hard3_001,True,experiments/python/openhands/deepseek-v4-flash/python200-prime-v2-main-r1/click__lazy_command_core__hard3_001/agent/openhands_events.jsonl,True
deepseek-v4-flash,click__option_parser__001,True,functional_pass,experiments/python/openhands/deepseek-v4-flash/python200-prime-v2-main-r1/click__option_parser__001,True,experiments/python/openhands/deepseek-v4-flash/python200-prime-v2-main-r1/click__option_parser__001/agent/openhands_events.jsonl,True
deepseek-v4-flash,configobj__roundtrip_config_core__001,True,functional_pass,experiments/python/openhands/deepseek-v4-flash/python200-prime-v2-main-r1/configobj__roundtrip_config_core__001,True,experiments/python/openhands/deepseek-v4-flash/python200-prime-v2-main-r1/configobj__roundtrip_config_core__001/agent/openhands_events.jsonl,True
deepseek-v4-flash,cookiecutter__repo_finder_core__hard3_001,False,public_failure,experiments/python/openhands/deepseek-v4-flash/python200-prime-v2-main-r1/cookiecutter__repo_finder_core__hard3_001,True,experiments/python/openhands/deepseek-v4-flash/python200-prime-v2-main-r1/cookiecutter__repo_finder_core__hard3_001/agent/openhands_events.jsonl,True
deepseek-v4-flash,coverage__config_merge_core__001,True,functional_pass,experiments/python/openhands/deepseek-v4-flash/python200-prime-v2-main-r1/coverage__config_merge_core__001,True,experiments/python/openhands/deepseek-v4-flash/python200-prime-v2-main-r1/coverage__config_merge_core__001/agent/openhands_events.jsonl,True
deepseek-v4-flash,coverage__glob_matcher_core__001,True,functional_pass,experiments/python/openhands/deepseek-v4-flash/python200-prime-v2-main-r1/coverage__glob_matcher_core__001,True,experiments/python/openhands/deepseek-v4-flash/python200-prime-v2-main-r1/coverage__glob_matcher_core__001/agent/openhands_events.jsonl,True
deepseek-v4-flash,coverage__path_remap_core__001,True,functional_pass,experiments/python/openhands/deepseek-v4-flash/python200-prime-v2-main-r1/coverage__path_remap_core__001,True,experiments/python/openhands/deepseek-v4-flash/python200-prime-v2-main-r1/coverage__path_remap_core__001/agent/openhands_events.jsonl,True
deepseek-v4-flash,coverage__report_core__001,True,functional_pass,experiments/python/openhands/deepseek-v4-flash/python200-prime-v2-main-r1/coverage__report_core__001,True,experiments/python/openhands/deepseek-v4-flash/python200-prime-v2-main-r1/coverage__report_core__001/agent/openhands_events.jsonl,True
deepseek-v4-flash,coverage__source_selection_core__001,True,functional_pass,experiments/python/openhands/deepseek-v4-flash/python200-prime-v2-main-r1/coverage__source_selection_core__001,True,experiments/python/openhands/deepseek-v4-flash/python200-prime-v2-main-r1/coverage__source_selection_core__001/agent/openhands_events.jsonl,True
deepseek-v4-flash,croniter__cron_parse_core__001,True,functional_pass,experiments/python/openhands/deepseek-v4-flash/python200-prime-v2-main-r1/croniter__cron_parse_core__001,True,experiments/python/openhands/deepseek-v4-flash/python200-prime-v2-main-r1/croniter__cron_parse_core__001/agent/openhands_events.jsonl,True
deepseek-v4-flash,dataclasses_json__serde_core__001,True,functional_pass,experiments/python/openhands/deepseek-v4-flash/python200-prime-v2-main-r1/dataclasses_json__serde_core__001,True,experiments/python/openhands/deepseek-v4-flash/python200-prime-v2-main-r1/dataclasses_json__serde_core__001/agent/openhands_events.jsonl,True
deepseek-v4-flash,dateutil__zone_resolver_core__hard3_001,False,hidden_failure,experiments/python/openhands/deepseek-v4-flash/python200-prime-v2-main-r1/dateutil__zone_resolver_core__hard3_001,True,experiments/python/openhands/deepseek-v4-flash/python200-prime-v2-main-r1/dateutil__zone_resolver_core__hard3_001/agent/openhands_events.jsonl,True
deepseek-v4-flash,decorator__signature_preserving_core__001,False,public_failure,experiments/python/openhands/deepseek-v4-flash/python200-prime-v2-main-r1/decorator__signature_preserving_core__001,True,experiments/python/openhands/deepseek-v4-flash/python200-prime-v2-main-r1/decorator__signature_preserving_core__001/agent/openhands_events.jsonl,True
deepseek-v4-flash,deepdiff__deep_compare_core__001,True,functional_pass,experiments/python/openhands/deepseek-v4-flash/python200-prime-v2-main-r1/deepdiff__deep_compare_core__001,True,experiments/python/openhands/deepseek-v4-flash/python200-prime-v2-main-r1/deepdiff__deep_compare_core__001/agent/openhands_events.jsonl,True
deepseek-v4-flash,diskcache__eviction_policy_core__hard3_001,True,functional_pass,experiments/python/openhands/deepseek-v4-flash/python200-prime-v2-main-r1/diskcache__eviction_policy_core__hard3_001,True,experiments/python/openhands/deepseek-v4-flash/python200-prime-v2-main-r1/diskcache__eviction_policy_core__hard3_001/agent/openhands_events.jsonl,True
deepseek-v4-flash,distlib__wheel_metadata_core__hard3_001,True,functional_pass,experiments/python/openhands/deepseek-v4-flash/python200-prime-v2-main-r1/distlib__wheel_metadata_core__hard3_001,True,experiments/python/openhands/deepseek-v4-flash/python200-prime-v2-main-r1/distlib__wheel_metadata_core__hard3_001/agent/openhands_events.jsonl,True
deepseek-v4-flash,dynaconf__settings_merge_core__001,True,functional_pass,experiments/python/openhands/deepseek-v4-flash/python200-prime-v2-main-r1/dynaconf__settings_merge_core__001,True,experiments/python/openhands/deepseek-v4-flash/python200-prime-v2-main-r1/dynaconf__settings_merge_core__001/agent/openhands_events.jsonl,True
deepseek-v4-flash,email_validator__validate_core__001,True,functional_pass,experiments/python/openhands/deepseek-v4-flash/python200-prime-v2-main-r1/email_validator__validate_core__001,True,experiments/python/openhands/deepseek-v4-flash/python200-prime-v2-main-r1/email_validator__validate_core__001/agent/openhands_events.jsonl,True
deepseek-v4-flash,environs__typed_env_core__001,True,functional_pass,experiments/python/openhands/deepseek-v4-flash/python200-prime-v2-main-r1/environs__typed_env_core__001,True,experiments/python/openhands/deepseek-v4-flash/python200-prime-v2-main-r1/environs__typed_env_core__001/agent/openhands_events.jsonl,True
deepseek-v4-flash,faker__provider_core__001,True,functional_pass,experiments/python/openhands/deepseek-v4-flash/python200-prime-v2-main-r1/faker__provider_core__001,True,experiments/python/openhands/deepseek-v4-flash/python200-prime-v2-main-r1/faker__provider_core__001/agent/openhands_events.jsonl,True
deepseek-v4-flash,filelock__reentrant_lock_core__001,False,public_failure,experiments/python/openhands/deepseek-v4-flash/python200-prime-v2-main-r1/filelock__reentrant_lock_core__001,True,experiments/python/openhands/deepseek-v4-flash/python200-prime-v2-main-r1/filelock__reentrant_lock_core__001/agent/openhands_events.jsonl,True
deepseek-v4-flash,flake8__plugin_options_core__hard3_001,False,public_failure,experiments/python/openhands/deepseek-v4-flash/python200-prime-v2-main-r1/flake8__plugin_options_core__hard3_001,True,experiments/python/openhands/deepseek-v4-flash/python200-prime-v2-main-r1/flake8__plugin_options_core__hard3_001/agent/openhands_events.jsonl,True
deepseek-v4-flash,flask__route_dispatch_core__001,False,public_failure,experiments/python/openhands/deepseek-v4-flash/python200-prime-v2-main-r1/flask__route_dispatch_core__001,True,experiments/python/openhands/deepseek-v4-flash/python200-prime-v2-main-r1/flask__route_dispatch_core__001/agent/openhands_events.jsonl,True
deepseek-v4-flash,fs__url_opener_core__hard3_001,True,functional_pass,experiments/python/openhands/deepseek-v4-flash/python200-prime-v2-main-r1/fs__url_opener_core__hard3_001,True,experiments/python/openhands/deepseek-v4-flash/python200-prime-v2-main-r1/fs__url_opener_core__hard3_001/agent/openhands_events.jsonl,True
deepseek-v4-flash,fsspec__url_chain_core__hard3_001,True,functional_pass,experiments/python/openhands/deepseek-v4-flash/python200-prime-v2-main-r1/fsspec__url_chain_core__hard3_001,True,experiments/python/openhands/deepseek-v4-flash/python200-prime-v2-main-r1/fsspec__url_chain_core__hard3_001/agent/openhands_events.jsonl,True
deepseek-v4-flash,glom__spec_eval_core__hard3_001,False,hidden_failure,experiments/python/openhands/deepseek-v4-flash/python200-prime-v2-main-r1/glom__spec_eval_core__hard3_001,True,experiments/python/openhands/deepseek-v4-flash/python200-prime-v2-main-r1/glom__spec_eval_core__hard3_001/agent/openhands_events.jsonl,True
deepseek-v4-flash,h11__message_parse_core__001,True,functional_pass,experiments/python/openhands/deepseek-v4-flash/python200-prime-v2-main-r1/h11__message_parse_core__001,True,experiments/python/openhands/deepseek-v4-flash/python200-prime-v2-main-r1/h11__message_parse_core__001/agent/openhands_events.jsonl,True
deepseek-v4-flash,h2__frame_parse_core__001,True,functional_pass,experiments/python/openhands/deepseek-v4-flash/python200-prime-v2-main-r1/h2__frame_parse_core__001,True,experiments/python/openhands/deepseek-v4-flash/python200-prime-v2-main-r1/h2__frame_parse_core__001/agent/openhands_events.jsonl,True
deepseek-v4-flash,hatch__project_metadata_core__hard3_001,False,public_failure,experiments/python/openhands/deepseek-v4-flash/python200-prime-v2-main-r1/hatch__project_metadata_core__hard3_001,True,experiments/python/openhands/deepseek-v4-flash/python200-prime-v2-main-r1/hatch__project_metadata_core__hard3_001/agent/openhands_events.jsonl,True
deepseek-v4-flash,httpx__request_model_core__001,True,functional_pass,experiments/python/openhands/deepseek-v4-flash/python200-prime-v2-main-r1/httpx__request_model_core__001,True,experiments/python/openhands/deepseek-v4-flash/python200-prime-v2-main-r1/httpx__request_model_core__001/agent/openhands_events.jsonl,True
deepseek-v4-flash,humanize__naturaltime_core__001,True,functional_pass,experiments/python/openhands/deepseek-v4-flash/python200-prime-v2-main-r1/humanize__naturaltime_core__001,True,experiments/python/openhands/deepseek-v4-flash/python200-prime-v2-main-r1/humanize__naturaltime_core__001/agent/openhands_events.jsonl,True
deepseek-v4-flash,importlib_metadata__entry_points_core__001,True,functional_pass,experiments/python/openhands/deepseek-v4-flash/python200-prime-v2-main-r1/importlib_metadata__entry_points_core__001,True,experiments/python/openhands/deepseek-v4-flash/python200-prime-v2-main-r1/importlib_metadata__entry_points_core__001/agent/openhands_events.jsonl,True
deepseek-v4-flash,importlib_resources__traversable_tree_core__hard3_001,True,functional_pass,experiments/python/openhands/deepseek-v4-flash/python200-prime-v2-main-r1/importlib_resources__traversable_tree_core__hard3_001,True,experiments/python/openhands/deepseek-v4-flash/python200-prime-v2-main-r1/importlib_resources__traversable_tree_core__hard3_001/agent/openhands_events.jsonl,True
deepseek-v4-flash,installer__wheel_record_core__hard3_001,False,hidden_failure,experiments/python/openhands/deepseek-v4-flash/python200-prime-v2-main-r1/installer__wheel_record_core__hard3_001,True,experiments/python/openhands/deepseek-v4-flash/python200-prime-v2-main-r1/installer__wheel_record_core__hard3_001/agent/openhands_events.jsonl,True
deepseek-v4-flash,intervaltree__interval_tree_core__001,True,functional_pass,experiments/python/openhands/deepseek-v4-flash/python200-prime-v2-main-r1/intervaltree__interval_tree_core__001,True,experiments/python/openhands/deepseek-v4-flash/python200-prime-v2-main-r1/intervaltree__interval_tree_core__001/agent/openhands_events.jsonl,True
deepseek-v4-flash,isodate__duration_parse_core__001,True,functional_pass,experiments/python/openhands/deepseek-v4-flash/python200-prime-v2-main-r1/isodate__duration_parse_core__001,True,experiments/python/openhands/deepseek-v4-flash/python200-prime-v2-main-r1/isodate__duration_parse_core__001/agent/openhands_events.jsonl,True
deepseek-v4-flash,isort__settings_resolver_core__hard3_001,True,functional_pass,experiments/python/openhands/deepseek-v4-flash/python200-prime-v2-main-r1/isort__settings_resolver_core__hard3_001,True,experiments/python/openhands/deepseek-v4-flash/python200-prime-v2-main-r1/isort__settings_resolver_core__hard3_001/agent/openhands_events.jsonl,True
deepseek-v4-flash,itsdangerous__timed_serializer_core__001,True,functional_pass,experiments/python/openhands/deepseek-v4-flash/python200-prime-v2-main-r1/itsdangerous__timed_serializer_core__001,True,experiments/python/openhands/deepseek-v4-flash/python200-prime-v2-main-r1/itsdangerous__timed_serializer_core__001/agent/openhands_events.jsonl,True
deepseek-v4-flash,jinja2__compile_render_core__001,True,functional_pass,experiments/python/openhands/deepseek-v4-flash/python200-prime-v2-main-r1/jinja2__compile_render_core__001,True,experiments/python/openhands/deepseek-v4-flash/python200-prime-v2-main-r1/jinja2__compile_render_core__001/agent/openhands_events.jsonl,True
deepseek-v4-flash,jinja2__extensions_core__001,True,functional_pass,experiments/python/openhands/deepseek-v4-flash/python200-prime-v2-main-r1/jinja2__extensions_core__001,True,experiments/python/openhands/deepseek-v4-flash/python200-prime-v2-main-r1/jinja2__extensions_core__001/agent/openhands_events.jsonl,True
deepseek-v4-flash,jinja2__filters_tests_core__001,True,functional_pass,experiments/python/openhands/deepseek-v4-flash/python200-prime-v2-main-r1/jinja2__filters_tests_core__001,True,experiments/python/openhands/deepseek-v4-flash/python200-prime-v2-main-r1/jinja2__filters_tests_core__001/agent/openhands_events.jsonl,True
deepseek-v4-flash,jinja2__lexer_parser_core__001,True,functional_pass,experiments/python/openhands/deepseek-v4-flash/python200-prime-v2-main-r1/jinja2__lexer_parser_core__001,True,experiments/python/openhands/deepseek-v4-flash/python200-prime-v2-main-r1/jinja2__lexer_parser_core__001/agent/openhands_events.jsonl,True
deepseek-v4-flash,jinja2__loader_inheritance_core__001,True,functional_pass,experiments/python/openhands/deepseek-v4-flash/python200-prime-v2-main-r1/jinja2__loader_inheritance_core__001,True,experiments/python/openhands/deepseek-v4-flash/python200-prime-v2-main-r1/jinja2__loader_inheritance_core__001/agent/openhands_events.jsonl,True
deepseek-v4-flash,json5__parse_core__001,True,functional_pass,experiments/python/openhands/deepseek-v4-flash/python200-prime-v2-main-r1/json5__parse_core__001,True,experiments/python/openhands/deepseek-v4-flash/python200-prime-v2-main-r1/json5__parse_core__001/agent/openhands_events.jsonl,True
deepseek-v4-flash,json_logic__evaluator_core__hard3_001,True,functional_pass,experiments/python/openhands/deepseek-v4-flash/python200-prime-v2-main-r1/json_logic__evaluator_core__hard3_001,True,experiments/python/openhands/deepseek-v4-flash/python200-prime-v2-main-r1/json_logic__evaluator_core__hard3_001/agent/openhands_events.jsonl,True
deepseek-v4-flash,jsonpath_ng__expression_eval_core__001,True,functional_pass,experiments/python/openhands/deepseek-v4-flash/python200-prime-v2-main-r1/jsonpath_ng__expression_eval_core__001,True,experiments/python/openhands/deepseek-v4-flash/python200-prime-v2-main-r1/jsonpath_ng__expression_eval_core__001/agent/openhands_events.jsonl,True
deepseek-v4-flash,jsonpointer__resolve_core__001,True,functional_pass,experiments/python/openhands/deepseek-v4-flash/python200-prime-v2-main-r1/jsonpointer__resolve_core__001,True,experiments/python/openhands/deepseek-v4-flash/python200-prime-v2-main-r1/jsonpointer__resolve_core__001/agent/openhands_events.jsonl,True
deepseek-v4-flash,jsonschema__validator_core__001,True,functional_pass,experiments/python/openhands/deepseek-v4-flash/python200-prime-v2-main-r1/jsonschema__validator_core__001,True,experiments/python/openhands/deepseek-v4-flash/python200-prime-v2-main-r1/jsonschema__validator_core__001/agent/openhands_events.jsonl,True
deepseek-v4-flash,jupyter_core__paths_resolver_core__hard3_001,False,public_failure,experiments/python/openhands/deepseek-v4-flash/python200-prime-v2-main-r1/jupyter_core__paths_resolver_core__hard3_001,True,experiments/python/openhands/deepseek-v4-flash/python200-prime-v2-main-r1/jupyter_core__paths_resolver_core__hard3_001/agent/openhands_events.jsonl,True
deepseek-v4-flash,jupyter_server__extension_config_core__hard3_001,False,hidden_failure,experiments/python/openhands/deepseek-v4-flash/python200-prime-v2-main-r1/jupyter_server__extension_config_core__hard3_001,True,experiments/python/openhands/deepseek-v4-flash/python200-prime-v2-main-r1/jupyter_server__extension_config_core__hard3_001/agent/openhands_events.jsonl,True
deepseek-v4-flash,keyring__backend_select_core__hard3_001,False,public_failure,experiments/python/openhands/deepseek-v4-flash/python200-prime-v2-main-r1/keyring__backend_select_core__hard3_001,True,experiments/python/openhands/deepseek-v4-flash/python200-prime-v2-main-r1/keyring__backend_select_core__hard3_001/agent/openhands_events.jsonl,True
deepseek-v4-flash,lark__grammar_loader_core__001,True,functional_pass,experiments/python/openhands/deepseek-v4-flash/python200-prime-v2-main-r1/lark__grammar_loader_core__001,True,experiments/python/openhands/deepseek-v4-flash/python200-prime-v2-main-r1/lark__grammar_loader_core__001/agent/openhands_events.jsonl,True
deepseek-v4-flash,lark__parse_tree_core__001,True,functional_pass,experiments/python/openhands/deepseek-v4-flash/python200-prime-v2-main-r1/lark__parse_tree_core__001,True,experiments/python/openhands/deepseek-v4-flash/python200-prime-v2-main-r1/lark__parse_tree_core__001/agent/openhands_events.jsonl,True
deepseek-v4-flash,lark__visitor_transform_core__001,True,functional_pass,experiments/python/openhands/deepseek-v4-flash/python200-prime-v2-main-r1/lark__visitor_transform_core__001,True,experiments/python/openhands/deepseek-v4-flash/python200-prime-v2-main-r1/lark__visitor_transform_core__001/agent/openhands_events.jsonl,True
deepseek-v4-flash,license_expression__policy_core__hard3_001,False,hidden_failure,experiments/python/openhands/deepseek-v4-flash/python200-prime-v2-main-r1/license_expression__policy_core__hard3_001,True,experiments/python/openhands/deepseek-v4-flash/python200-prime-v2-main-r1/license_expression__policy_core__hard3_001/agent/openhands_events.jsonl,True
deepseek-v4-flash,mako__lexer_expression_core__001,True,functional_pass,experiments/python/openhands/deepseek-v4-flash/python200-prime-v2-main-r1/mako__lexer_expression_core__001,True,experiments/python/openhands/deepseek-v4-flash/python200-prime-v2-main-r1/mako__lexer_expression_core__001/agent/openhands_events.jsonl,True
deepseek-v4-flash,markdown__extensions_core__001,True,functional_pass,experiments/python/openhands/deepseek-v4-flash/python200-prime-v2-main-r1/markdown__extensions_core__001,True,experiments/python/openhands/deepseek-v4-flash/python200-prime-v2-main-r1/markdown__extensions_core__001/agent/openhands_events.jsonl,True
deepseek-v4-flash,markdown_it__commonmark_render__001,True,functional_pass,experiments/python/openhands/deepseek-v4-flash/python200-prime-v2-main-r1/markdown_it__commonmark_render__001,True,experiments/python/openhands/deepseek-v4-flash/python200-prime-v2-main-r1/markdown_it__commonmark_render__001/agent/openhands_events.jsonl,True
deepseek-v4-flash,marshmallow__schema_core__001,True,functional_pass,experiments/python/openhands/deepseek-v4-flash/python200-prime-v2-main-r1/marshmallow__schema_core__001,True,experiments/python/openhands/deepseek-v4-flash/python200-prime-v2-main-r1/marshmallow__schema_core__001/agent/openhands_events.jsonl,True
deepseek-v4-flash,mkdocs__plugin_config_core__hard3_001,False,public_failure,experiments/python/openhands/deepseek-v4-flash/python200-prime-v2-main-r1/mkdocs__plugin_config_core__hard3_001,True,experiments/python/openhands/deepseek-v4-flash/python200-prime-v2-main-r1/mkdocs__plugin_config_core__hard3_001/agent/openhands_events.jsonl,True
deepseek-v4-flash,msgpack__pack_unpack_core__001,True,functional_pass,experiments/python/openhands/deepseek-v4-flash/python200-prime-v2-main-r1/msgpack__pack_unpack_core__001,True,experiments/python/openhands/deepseek-v4-flash/python200-prime-v2-main-r1/msgpack__pack_unpack_core__001/agent/openhands_events.jsonl,True
deepseek-v4-flash,multidict__multidict_mutation_core__hard3_001,False,public_failure,experiments/python/openhands/deepseek-v4-flash/python200-prime-v2-main-r1/multidict__multidict_mutation_core__hard3_001,True,experiments/python/openhands/deepseek-v4-flash/python200-prime-v2-main-r1/multidict__multidict_mutation_core__hard3_001/agent/openhands_events.jsonl,True
deepseek-v4-flash,networkx__dag_topo_core__001,True,functional_pass,experiments/python/openhands/deepseek-v4-flash/python200-prime-v2-main-r1/networkx__dag_topo_core__001,True,experiments/python/openhands/deepseek-v4-flash/python200-prime-v2-main-r1/networkx__dag_topo_core__001/agent/openhands_events.jsonl,True
deepseek-v4-flash,packaging__requirement_marker_specifier__001,True,functional_pass,experiments/python/openhands/deepseek-v4-flash/python200-prime-v2-main-r1/packaging__requirement_marker_specifier__001,True,experiments/python/openhands/deepseek-v4-flash/python200-prime-v2-main-r1/packaging__requirement_marker_specifier__001/agent/openhands_events.jsonl,True
deepseek-v4-flash,parse__format_parser_core__001,True,functional_pass,experiments/python/openhands/deepseek-v4-flash/python200-prime-v2-main-r1/parse__format_parser_core__001,True,experiments/python/openhands/deepseek-v4-flash/python200-prime-v2-main-r1/parse__format_parser_core__001/agent/openhands_events.jsonl,True
deepseek-v4-flash,parsel__selector_namespace_core__hard3_001,False,public_failure,experiments/python/openhands/deepseek-v4-flash/python200-prime-v2-main-r1/parsel__selector_namespace_core__hard3_001,True,experiments/python/openhands/deepseek-v4-flash/python200-prime-v2-main-r1/parsel__selector_namespace_core__hard3_001/agent/openhands_events.jsonl,True
deepseek-v4-flash,parso__python_parse_core__001,True,functional_pass,experiments/python/openhands/deepseek-v4-flash/python200-prime-v2-main-r1/parso__python_parse_core__001,True,experiments/python/openhands/deepseek-v4-flash/python200-prime-v2-main-r1/parso__python_parse_core__001/agent/openhands_events.jsonl,True
deepseek-v4-flash,passlib__hash_context_core__001,True,functional_pass,experiments/python/openhands/deepseek-v4-flash/python200-prime-v2-main-r1/passlib__hash_context_core__001,True,experiments/python/openhands/deepseek-v4-flash/python200-prime-v2-main-r1/passlib__hash_context_core__001/agent/openhands_events.jsonl,True
deepseek-v4-flash,pathvalidate__sanitize_core__001,True,functional_pass,experiments/python/openhands/deepseek-v4-flash/python200-prime-v2-main-r1/pathvalidate__sanitize_core__001,True,experiments/python/openhands/deepseek-v4-flash/python200-prime-v2-main-r1/pathvalidate__sanitize_core__001/agent/openhands_events.jsonl,True
deepseek-v4-flash,pendulum__parse_format_core__001,False,public_failure,experiments/python/openhands/deepseek-v4-flash/python200-prime-v2-main-r1/pendulum__parse_format_core__001,True,experiments/python/openhands/deepseek-v4-flash/python200-prime-v2-main-r1/pendulum__parse_format_core__001/agent/openhands_events.jsonl,True
deepseek-v4-flash,phonenumbers__parse_format_core__001,True,functional_pass,experiments/python/openhands/deepseek-v4-flash/python200-prime-v2-main-r1/phonenumbers__parse_format_core__001,True,experiments/python/openhands/deepseek-v4-flash/python200-prime-v2-main-r1/phonenumbers__parse_format_core__001/agent/openhands_events.jsonl,True
deepseek-v4-flash,platformdirs__app_dirs_core__hard3_001,False,public_failure,experiments/python/openhands/deepseek-v4-flash/python200-prime-v2-main-r1/platformdirs__app_dirs_core__hard3_001,True,experiments/python/openhands/deepseek-v4-flash/python200-prime-v2-main-r1/platformdirs__app_dirs_core__hard3_001/agent/openhands_events.jsonl,True
deepseek-v4-flash,pluggy__hook_call_order__001,True,functional_pass,experiments/python/openhands/deepseek-v4-flash/python200-prime-v2-main-r1/pluggy__hook_call_order__001,True,experiments/python/openhands/deepseek-v4-flash/python200-prime-v2-main-r1/pluggy__hook_call_order__001/agent/openhands_events.jsonl,True
deepseek-v4-flash,pluggy__hook_specs_core__001,True,functional_pass,experiments/python/openhands/deepseek-v4-flash/python200-prime-v2-main-r1/pluggy__hook_specs_core__001,True,experiments/python/openhands/deepseek-v4-flash/python200-prime-v2-main-r1/pluggy__hook_specs_core__001/agent/openhands_events.jsonl,True
deepseek-v4-flash,pluggy__hook_wrapper_core__hard3_001,False,public_failure,experiments/python/openhands/deepseek-v4-flash/python200-prime-v2-main-r1/pluggy__hook_wrapper_core__hard3_001,True,experiments/python/openhands/deepseek-v4-flash/python200-prime-v2-main-r1/pluggy__hook_wrapper_core__hard3_001/agent/openhands_events.jsonl,True
deepseek-v4-flash,poetry_core__dependency_groups_core__hard3_001,False,public_failure,experiments/python/openhands/deepseek-v4-flash/python200-prime-v2-main-r1/poetry_core__dependency_groups_core__hard3_001,True,experiments/python/openhands/deepseek-v4-flash/python200-prime-v2-main-r1/poetry_core__dependency_groups_core__hard3_001/agent/openhands_events.jsonl,True
deepseek-v4-flash,pydantic__field_validator_core__hard3_001,False,hidden_failure,experiments/python/openhands/deepseek-v4-flash/python200-prime-v2-main-r1/pydantic__field_validator_core__hard3_001,True,experiments/python/openhands/deepseek-v4-flash/python200-prime-v2-main-r1/pydantic__field_validator_core__hard3_001/agent/openhands_events.jsonl,True
deepseek-v4-flash,pydantic_settings__env_source_core__001,True,functional_pass,experiments/python/openhands/deepseek-v4-flash/python200-prime-v2-main-r1/pydantic_settings__env_source_core__001,True,experiments/python/openhands/deepseek-v4-flash/python200-prime-v2-main-r1/pydantic_settings__env_source_core__001/agent/openhands_events.jsonl,True
deepseek-v4-flash,pydantic_v1__validation_error_core__001,True,functional_pass,experiments/python/openhands/deepseek-v4-flash/python200-prime-v2-main-r1/pydantic_v1__validation_error_core__001,True,experiments/python/openhands/deepseek-v4-flash/python200-prime-v2-main-r1/pydantic_v1__validation_error_core__001/agent/openhands_events.jsonl,True
deepseek-v4-flash,pygments__formatter_core__001,True,functional_pass,experiments/python/openhands/deepseek-v4-flash/python200-prime-v2-main-r1/pygments__formatter_core__001,True,experiments/python/openhands/deepseek-v4-flash/python200-prime-v2-main-r1/pygments__formatter_core__001/agent/openhands_events.jsonl,True
deepseek-v4-flash,pygments__lexer_core__001,False,hidden_failure,experiments/python/openhands/deepseek-v4-flash/python200-prime-v2-main-r1/pygments__lexer_core__001,True,experiments/python/openhands/deepseek-v4-flash/python200-prime-v2-main-r1/pygments__lexer_core__001/agent/openhands_events.jsonl,True
deepseek-v4-flash,pyramid__configurator_action_core__hard3_001,True,functional_pass,experiments/python/openhands/deepseek-v4-flash/python200-prime-v2-main-r1/pyramid__configurator_action_core__hard3_001,True,experiments/python/openhands/deepseek-v4-flash/python200-prime-v2-main-r1/pyramid__configurator_action_core__hard3_001/agent/openhands_events.jsonl,True
deepseek-v4-flash,pytest__fixture_resolve_core__001,True,functional_pass,experiments/python/openhands/deepseek-v4-flash/python200-prime-v2-main-r1/pytest__fixture_resolve_core__001,True,experiments/python/openhands/deepseek-v4-flash/python200-prime-v2-main-r1/pytest__fixture_resolve_core__001/agent/openhands_events.jsonl,True
deepseek-v4-flash,pytest__ini_markers_core__001,False,public_failure,experiments/python/openhands/deepseek-v4-flash/python200-prime-v2-main-r1/pytest__ini_markers_core__001,True,experiments/python/openhands/deepseek-v4-flash/python200-prime-v2-main-r1/pytest__ini_markers_core__001/agent/openhands_events.jsonl,True
deepseek-v4-flash,pytest__mark_expression_core__001,True,functional_pass,experiments/python/openhands/deepseek-v4-flash/python200-prime-v2-main-r1/pytest__mark_expression_core__001,True,experiments/python/openhands/deepseek-v4-flash/python200-prime-v2-main-r1/pytest__mark_expression_core__001/agent/openhands_events.jsonl,True
deepseek-v4-flash,pytest__marker_registry_core__hard3_001,False,hidden_failure,experiments/python/openhands/deepseek-v4-flash/python200-prime-v2-main-r1/pytest__marker_registry_core__hard3_001,True,experiments/python/openhands/deepseek-v4-flash/python200-prime-v2-main-r1/pytest__marker_registry_core__hard3_001/agent/openhands_events.jsonl,True
deepseek-v4-flash,pytest__skipif_eval_core__001,True,functional_pass,experiments/python/openhands/deepseek-v4-flash/python200-prime-v2-main-r1/pytest__skipif_eval_core__001,True,experiments/python/openhands/deepseek-v4-flash/python200-prime-v2-main-r1/pytest__skipif_eval_core__001/agent/openhands_events.jsonl,True
deepseek-v4-flash,python_box__config_box_core__001,True,functional_pass,experiments/python/openhands/deepseek-v4-flash/python200-prime-v2-main-r1/python_box__config_box_core__001,True,experiments/python/openhands/deepseek-v4-flash/python200-prime-v2-main-r1/python_box__config_box_core__001/agent/openhands_events.jsonl,True
deepseek-v4-flash,python_dateutil__relativedelta_core__001,False,public_failure,experiments/python/openhands/deepseek-v4-flash/python200-prime-v2-main-r1/python_dateutil__relativedelta_core__001,True,experiments/python/openhands/deepseek-v4-flash/python200-prime-v2-main-r1/python_dateutil__relativedelta_core__001/agent/openhands_events.jsonl,True
deepseek-v4-flash,python_dateutil__rrule_core__001,True,functional_pass,experiments/python/openhands/deepseek-v4-flash/python200-prime-v2-main-r1/python_dateutil__rrule_core__001,True,experiments/python/openhands/deepseek-v4-flash/python200-prime-v2-main-r1/python_dateutil__rrule_core__001/agent/openhands_events.jsonl,True
deepseek-v4-flash,python_decouple__config_repository_core__001,False,hidden_failure,experiments/python/openhands/deepseek-v4-flash/python200-prime-v2-main-r1/python_decouple__config_repository_core__001,True,experiments/python/openhands/deepseek-v4-flash/python200-prime-v2-main-r1/python_decouple__config_repository_core__001/agent/openhands_events.jsonl,True
deepseek-v4-flash,python_dotenv__env_parse_core__001,True,functional_pass,experiments/python/openhands/deepseek-v4-flash/python200-prime-v2-main-r1/python_dotenv__env_parse_core__001,True,experiments/python/openhands/deepseek-v4-flash/python200-prime-v2-main-r1/python_dotenv__env_parse_core__001/agent/openhands_events.jsonl,True
deepseek-v4-flash,python_frontmatter__roundtrip_core__001,True,functional_pass,experiments/python/openhands/deepseek-v4-flash/python200-prime-v2-main-r1/python_frontmatter__roundtrip_core__001,True,experiments/python/openhands/deepseek-v4-flash/python200-prime-v2-main-r1/python_frontmatter__roundtrip_core__001/agent/openhands_events.jsonl,True
deepseek-v4-flash,python_multipart__form_parse_core__001,True,functional_pass,experiments/python/openhands/deepseek-v4-flash/python200-prime-v2-main-r1/python_multipart__form_parse_core__001,True,experiments/python/openhands/deepseek-v4-flash/python200-prime-v2-main-r1/python_multipart__form_parse_core__001/agent/openhands_events.jsonl,True
deepseek-v4-flash,pyyaml__safe_load_dump__001,True,functional_pass,experiments/python/openhands/deepseek-v4-flash/python200-prime-v2-main-r1/pyyaml__safe_load_dump__001,True,experiments/python/openhands/deepseek-v4-flash/python200-prime-v2-main-r1/pyyaml__safe_load_dump__001/agent/openhands_events.jsonl,True
deepseek-v4-flash,readme_renderer__content_type_core__hard3_001,False,public_failure,experiments/python/openhands/deepseek-v4-flash/python200-prime-v2-main-r1/readme_renderer__content_type_core__hard3_001,True,experiments/python/openhands/deepseek-v4-flash/python200-prime-v2-main-r1/readme_renderer__content_type_core__hard3_001/agent/openhands_events.jsonl,True
deepseek-v4-flash,redis__resp_parser_core__001,True,functional_pass,experiments/python/openhands/deepseek-v4-flash/python200-prime-v2-main-r1/redis__resp_parser_core__001,True,experiments/python/openhands/deepseek-v4-flash/python200-prime-v2-main-r1/redis__resp_parser_core__001/agent/openhands_events.jsonl,True
deepseek-v4-flash,referencing__json_schema_refs_core__001,True,functional_pass,experiments/python/openhands/deepseek-v4-flash/python200-prime-v2-main-r1/referencing__json_schema_refs_core__001,True,experiments/python/openhands/deepseek-v4-flash/python200-prime-v2-main-r1/referencing__json_schema_refs_core__001/agent/openhands_events.jsonl,True
deepseek-v4-flash,requests_cache__cache_key_core__hard3_001,False,hidden_failure,experiments/python/openhands/deepseek-v4-flash/python200-prime-v2-main-r1/requests_cache__cache_key_core__hard3_001,True,experiments/python/openhands/deepseek-v4-flash/python200-prime-v2-main-r1/requests_cache__cache_key_core__hard3_001/agent/openhands_events.jsonl,True
deepseek-v4-flash,responses__request_matcher_core__hard3_001,False,hidden_failure,experiments/python/openhands/deepseek-v4-flash/python200-prime-v2-main-r1/responses__request_matcher_core__hard3_001,True,experiments/python/openhands/deepseek-v4-flash/python200-prime-v2-main-r1/responses__request_matcher_core__hard3_001/agent/openhands_events.jsonl,True
deepseek-v4-flash,returns__result_pipeline_core__hard3_001,True,functional_pass,experiments/python/openhands/deepseek-v4-flash/python200-prime-v2-main-r1/returns__result_pipeline_core__hard3_001,True,experiments/python/openhands/deepseek-v4-flash/python200-prime-v2-main-r1/returns__result_pipeline_core__hard3_001/agent/openhands_events.jsonl,True
deepseek-v4-flash,rfc3986__uri_parse_core__001,True,functional_pass,experiments/python/openhands/deepseek-v4-flash/python200-prime-v2-main-r1/rfc3986__uri_parse_core__001,True,experiments/python/openhands/deepseek-v4-flash/python200-prime-v2-main-r1/rfc3986__uri_parse_core__001/agent/openhands_events.jsonl,True
deepseek-v4-flash,rich__markup_parse_core__001,True,functional_pass,experiments/python/openhands/deepseek-v4-flash/python200-prime-v2-main-r1/rich__markup_parse_core__001,True,experiments/python/openhands/deepseek-v4-flash/python200-prime-v2-main-r1/rich__markup_parse_core__001/agent/openhands_events.jsonl,True
deepseek-v4-flash,ruamel_yaml__roundtrip_core__001,True,functional_pass,experiments/python/openhands/deepseek-v4-flash/python200-prime-v2-main-r1/ruamel_yaml__roundtrip_core__001,True,experiments/python/openhands/deepseek-v4-flash/python200-prime-v2-main-r1/ruamel_yaml__roundtrip_core__001/agent/openhands_events.jsonl,True
deepseek-v4-flash,schema__nested_validate_core__hard3_001,True,functional_pass,experiments/python/openhands/deepseek-v4-flash/python200-prime-v2-main-r1/schema__nested_validate_core__hard3_001,True,experiments/python/openhands/deepseek-v4-flash/python200-prime-v2-main-r1/schema__nested_validate_core__hard3_001/agent/openhands_events.jsonl,True
deepseek-v4-flash,scrapy__item_loader_core__hard3_001,False,public_failure,experiments/python/openhands/deepseek-v4-flash/python200-prime-v2-main-r1/scrapy__item_loader_core__hard3_001,True,experiments/python/openhands/deepseek-v4-flash/python200-prime-v2-main-r1/scrapy__item_loader_core__hard3_001/agent/openhands_events.jsonl,True
deepseek-v4-flash,setuptools_scm__version_normalize_core__hard3_001,False,public_failure,experiments/python/openhands/deepseek-v4-flash/python200-prime-v2-main-r1/setuptools_scm__version_normalize_core__hard3_001,True,experiments/python/openhands/deepseek-v4-flash/python200-prime-v2-main-r1/setuptools_scm__version_normalize_core__hard3_001/agent/openhands_events.jsonl,True
deepseek-v4-flash,sortedcontainers__sorted_list_core__001,True,functional_pass,experiments/python/openhands/deepseek-v4-flash/python200-prime-v2-main-r1/sortedcontainers__sorted_list_core__001,True,experiments/python/openhands/deepseek-v4-flash/python200-prime-v2-main-r1/sortedcontainers__sorted_list_core__001/agent/openhands_events.jsonl,True
deepseek-v4-flash,sphinx__extension_registry_core__hard3_001,True,functional_pass,experiments/python/openhands/deepseek-v4-flash/python200-prime-v2-main-r1/sphinx__extension_registry_core__hard3_001,True,experiments/python/openhands/deepseek-v4-flash/python200-prime-v2-main-r1/sphinx__extension_registry_core__hard3_001/agent/openhands_events.jsonl,True
deepseek-v4-flash,sqlalchemy__event_dispatch_core__hard3_001,True,functional_pass,experiments/python/openhands/deepseek-v4-flash/python200-prime-v2-main-r1/sqlalchemy__event_dispatch_core__hard3_001,True,experiments/python/openhands/deepseek-v4-flash/python200-prime-v2-main-r1/sqlalchemy__event_dispatch_core__hard3_001/agent/openhands_events.jsonl,True
deepseek-v4-flash,sqlparse__format_filters_core__001,True,functional_pass,experiments/python/openhands/deepseek-v4-flash/python200-prime-v2-main-r1/sqlparse__format_filters_core__001,True,experiments/python/openhands/deepseek-v4-flash/python200-prime-v2-main-r1/sqlparse__format_filters_core__001/agent/openhands_events.jsonl,True
deepseek-v4-flash,sqlparse__parse_format_core__001,True,functional_pass,experiments/python/openhands/deepseek-v4-flash/python200-prime-v2-main-r1/sqlparse__parse_format_core__001,True,experiments/python/openhands/deepseek-v4-flash/python200-prime-v2-main-r1/sqlparse__parse_format_core__001/agent/openhands_events.jsonl,True
deepseek-v4-flash,sqlparse__parse_split_core__001,True,functional_pass,experiments/python/openhands/deepseek-v4-flash/python200-prime-v2-main-r1/sqlparse__parse_split_core__001,True,experiments/python/openhands/deepseek-v4-flash/python200-prime-v2-main-r1/sqlparse__parse_split_core__001/agent/openhands_events.jsonl,True
deepseek-v4-flash,sqlparse__token_tree_core__001,True,functional_pass,experiments/python/openhands/deepseek-v4-flash/python200-prime-v2-main-r1/sqlparse__token_tree_core__001,True,experiments/python/openhands/deepseek-v4-flash/python200-prime-v2-main-r1/sqlparse__token_tree_core__001/agent/openhands_events.jsonl,True
deepseek-v4-flash,starlette__route_matching_core__hard3_001,False,hidden_failure,experiments/python/openhands/deepseek-v4-flash/python200-prime-v2-main-r1/starlette__route_matching_core__hard3_001,True,experiments/python/openhands/deepseek-v4-flash/python200-prime-v2-main-r1/starlette__route_matching_core__hard3_001/agent/openhands_events.jsonl,True
deepseek-v4-flash,stevedore__extension_manager_core__hard3_001,True,functional_pass,experiments/python/openhands/deepseek-v4-flash/python200-prime-v2-main-r1/stevedore__extension_manager_core__hard3_001,True,experiments/python/openhands/deepseek-v4-flash/python200-prime-v2-main-r1/stevedore__extension_manager_core__hard3_001/agent/openhands_events.jsonl,True
deepseek-v4-flash,tabulate__table_format_core__001,True,functional_pass,experiments/python/openhands/deepseek-v4-flash/python200-prime-v2-main-r1/tabulate__table_format_core__001,True,experiments/python/openhands/deepseek-v4-flash/python200-prime-v2-main-r1/tabulate__table_format_core__001/agent/openhands_events.jsonl,True
deepseek-v4-flash,tenacity__retry_state_core__hard3_001,False,hidden_failure,experiments/python/openhands/deepseek-v4-flash/python200-prime-v2-main-r1/tenacity__retry_state_core__hard3_001,True,experiments/python/openhands/deepseek-v4-flash/python200-prime-v2-main-r1/tenacity__retry_state_core__hard3_001/agent/openhands_events.jsonl,True
deepseek-v4-flash,tomlkit__roundtrip_document__001,True,functional_pass,experiments/python/openhands/deepseek-v4-flash/python200-prime-v2-main-r1/tomlkit__roundtrip_document__001,True,experiments/python/openhands/deepseek-v4-flash/python200-prime-v2-main-r1/tomlkit__roundtrip_document__001/agent/openhands_events.jsonl,True
deepseek-v4-flash,tox__factor_expression_core__hard3_001,False,public_failure,experiments/python/openhands/deepseek-v4-flash/python200-prime-v2-main-r1/tox__factor_expression_core__hard3_001,True,experiments/python/openhands/deepseek-v4-flash/python200-prime-v2-main-r1/tox__factor_expression_core__hard3_001/agent/openhands_events.jsonl,True
deepseek-v4-flash,trafaret__validation_rules_core__hard3_001,True,functional_pass,experiments/python/openhands/deepseek-v4-flash/python200-prime-v2-main-r1/trafaret__validation_rules_core__hard3_001,True,experiments/python/openhands/deepseek-v4-flash/python200-prime-v2-main-r1/trafaret__validation_rules_core__hard3_001/agent/openhands_events.jsonl,True
deepseek-v4-flash,transitions__state_machine_core__hard3_001,True,functional_pass,experiments/python/openhands/deepseek-v4-flash/python200-prime-v2-main-r1/transitions__state_machine_core__hard3_001,True,experiments/python/openhands/deepseek-v4-flash/python200-prime-v2-main-r1/transitions__state_machine_core__hard3_001/agent/openhands_events.jsonl,True
deepseek-v4-flash,typer__command_parser_core__001,False,isolation_failure,experiments/python/openhands/deepseek-v4-flash/python200-prime-v2-main-r1/typer__command_parser_core__001,True,experiments/python/openhands/deepseek-v4-flash/python200-prime-v2-main-r1/typer__command_parser_core__001/agent/openhands_events.jsonl,True
deepseek-v4-flash,urllib3__retry_backoff_core__001,True,functional_pass,experiments/python/openhands/deepseek-v4-flash/python200-prime-v2-main-r1/urllib3__retry_backoff_core__001,True,experiments/python/openhands/deepseek-v4-flash/python200-prime-v2-main-r1/urllib3__retry_backoff_core__001/agent/openhands_events.jsonl,True
deepseek-v4-flash,virtualenv__interpreter_spec_core__hard3_001,True,functional_pass,experiments/python/openhands/deepseek-v4-flash/python200-prime-v2-main-r1/virtualenv__interpreter_spec_core__hard3_001,True,experiments/python/openhands/deepseek-v4-flash/python200-prime-v2-main-r1/virtualenv__interpreter_spec_core__hard3_001/agent/openhands_events.jsonl,True
deepseek-v4-flash,voluptuous__schema_validate_core__001,True,functional_pass,experiments/python/openhands/deepseek-v4-flash/python200-prime-v2-main-r1/voluptuous__schema_validate_core__001,True,experiments/python/openhands/deepseek-v4-flash/python200-prime-v2-main-r1/voluptuous__schema_validate_core__001/agent/openhands_events.jsonl,True
deepseek-v4-flash,websockets__handshake_parse_core__001,True,functional_pass,experiments/python/openhands/deepseek-v4-flash/python200-prime-v2-main-r1/websockets__handshake_parse_core__001,True,experiments/python/openhands/deepseek-v4-flash/python200-prime-v2-main-r1/websockets__handshake_parse_core__001/agent/openhands_events.jsonl,True
deepseek-v4-flash,werkzeug__routing_core__001,True,functional_pass,experiments/python/openhands/deepseek-v4-flash/python200-prime-v2-main-r1/werkzeug__routing_core__001,True,experiments/python/openhands/deepseek-v4-flash/python200-prime-v2-main-r1/werkzeug__routing_core__001/agent/openhands_events.jsonl,True
deepseek-v4-flash,wheel__metadata_normalize_core__hard3_001,True,functional_pass,experiments/python/openhands/deepseek-v4-flash/python200-prime-v2-main-r1/wheel__metadata_normalize_core__hard3_001,True,experiments/python/openhands/deepseek-v4-flash/python200-prime-v2-main-r1/wheel__metadata_normalize_core__hard3_001/agent/openhands_events.jsonl,True
deepseek-v4-flash,wsproto__frame_parse_core__001,True,functional_pass,experiments/python/openhands/deepseek-v4-flash/python200-prime-v2-main-r1/wsproto__frame_parse_core__001,True,experiments/python/openhands/deepseek-v4-flash/python200-prime-v2-main-r1/wsproto__frame_parse_core__001/agent/openhands_events.jsonl,True
deepseek-v4-flash,xmltodict__xml_parse_core__001,True,functional_pass,experiments/python/openhands/deepseek-v4-flash/python200-prime-v2-main-r1/xmltodict__xml_parse_core__001,True,experiments/python/openhands/deepseek-v4-flash/python200-prime-v2-main-r1/xmltodict__xml_parse_core__001/agent/openhands_events.jsonl,True
deepseek-v4-flash,yamale__schema_validate_core__hard3_001,False,public_failure,experiments/python/openhands/deepseek-v4-flash/python200-prime-v2-main-r1/yamale__schema_validate_core__hard3_001,True,experiments/python/openhands/deepseek-v4-flash/python200-prime-v2-main-r1/yamale__schema_validate_core__hard3_001/agent/openhands_events.jsonl,True
deepseek-v4-flash,yarl__url_model_core__001,True,functional_pass,experiments/python/openhands/deepseek-v4-flash/python200-prime-v2-main-r1/yarl__url_model_core__001,True,experiments/python/openhands/deepseek-v4-flash/python200-prime-v2-main-r1/yarl__url_model_core__001/agent/openhands_events.jsonl,True
gpt-5.6-luna,aiohttp__url_params_core__hard3_001,True,functional_pass,experiments/python/openhands/gpt-5.6-luna/python200-prime-v2-main-r1/aiohttp__url_params_core__hard3_001,True,experiments/python/openhands/gpt-5.6-luna/python200-prime-v2-main-r1/aiohttp__url_params_core__hard3_001/agent/openhands_events.jsonl,True
gpt-5.6-luna,alembic__revision_map_core__hard3_001,False,public_failure,experiments/python/openhands/gpt-5.6-luna/python200-prime-v2-main-r1/alembic__revision_map_core__hard3_001,True,experiments/python/openhands/gpt-5.6-luna/python200-prime-v2-main-r1/alembic__revision_map_core__hard3_001/agent/openhands_events.jsonl,True
gpt-5.6-luna,apscheduler__cron_trigger_core__hard3_001,False,public_failure,experiments/python/openhands/gpt-5.6-luna/python200-prime-v2-main-r1/apscheduler__cron_trigger_core__hard3_001,True,experiments/python/openhands/gpt-5.6-luna/python200-prime-v2-main-r1/apscheduler__cron_trigger_core__hard3_001/agent/openhands_events.jsonl,True
gpt-5.6-luna,arrow__parse_format_core__001,False,missing_submission,experiments/python/openhands/gpt-5.6-luna/python200-prime-v2-main-r1/arrow__parse_format_core__001,True,experiments/python/openhands/gpt-5.6-luna/python200-prime-v2-main-r1/arrow__parse_format_core__001/agent/openhands_events.jsonl,True
gpt-5.6-luna,astroid__nodes_core__001,False,hidden_failure,experiments/python/openhands/gpt-5.6-luna/python200-prime-v2-main-r1/astroid__nodes_core__001,True,experiments/python/openhands/gpt-5.6-luna/python200-prime-v2-main-r1/astroid__nodes_core__001/agent/openhands_events.jsonl,True
gpt-5.6-luna,attrs__validators_core__001,True,functional_pass,experiments/python/openhands/gpt-5.6-luna/python200-prime-v2-main-r1/attrs__validators_core__001,True,experiments/python/openhands/gpt-5.6-luna/python200-prime-v2-main-r1/attrs__validators_core__001/agent/openhands_events.jsonl,True
gpt-5.6-luna,babel__plural_core__001,True,functional_pass,experiments/python/openhands/gpt-5.6-luna/python200-prime-v2-main-r1/babel__plural_core__001,True,experiments/python/openhands/gpt-5.6-luna/python200-prime-v2-main-r1/babel__plural_core__001/agent/openhands_events.jsonl,True
gpt-5.6-luna,bidict__bidirectional_map_core__001,True,functional_pass,experiments/python/openhands/gpt-5.6-luna/python200-prime-v2-main-r1/bidict__bidirectional_map_core__001,True,experiments/python/openhands/gpt-5.6-luna/python200-prime-v2-main-r1/bidict__bidirectional_map_core__001/agent/openhands_events.jsonl,True
gpt-5.6-luna,bleach__sanitize_core__001,True,functional_pass,experiments/python/openhands/gpt-5.6-luna/python200-prime-v2-main-r1/bleach__sanitize_core__001,True,experiments/python/openhands/gpt-5.6-luna/python200-prime-v2-main-r1/bleach__sanitize_core__001/agent/openhands_events.jsonl,True
gpt-5.6-luna,blinker__signal_registry_core__001,True,functional_pass,experiments/python/openhands/gpt-5.6-luna/python200-prime-v2-main-r1/blinker__signal_registry_core__001,True,experiments/python/openhands/gpt-5.6-luna/python200-prime-v2-main-r1/blinker__signal_registry_core__001/agent/openhands_events.jsonl,True
gpt-5.6-luna,boltons__iterutils_core__001,True,functional_pass,experiments/python/openhands/gpt-5.6-luna/python200-prime-v2-main-r1/boltons__iterutils_core__001,True,experiments/python/openhands/gpt-5.6-luna/python200-prime-v2-main-r1/boltons__iterutils_core__001/agent/openhands_events.jsonl,True
gpt-5.6-luna,build__pyproject_backend_core__hard3_001,False,public_failure,experiments/python/openhands/gpt-5.6-luna/python200-prime-v2-main-r1/build__pyproject_backend_core__hard3_001,True,experiments/python/openhands/gpt-5.6-luna/python200-prime-v2-main-r1/build__pyproject_backend_core__hard3_001/agent/openhands_events.jsonl,True
gpt-5.6-luna,cachetools__cache_eviction_core__001,True,functional_pass,experiments/python/openhands/gpt-5.6-luna/python200-prime-v2-main-r1/cachetools__cache_eviction_core__001,True,experiments/python/openhands/gpt-5.6-luna/python200-prime-v2-main-r1/cachetools__cache_eviction_core__001/agent/openhands_events.jsonl,True
gpt-5.6-luna,cattrs__structure_core__001,True,functional_pass,experiments/python/openhands/gpt-5.6-luna/python200-prime-v2-main-r1/cattrs__structure_core__001,True,experiments/python/openhands/gpt-5.6-luna/python200-prime-v2-main-r1/cattrs__structure_core__001/agent/openhands_events.jsonl,True
gpt-5.6-luna,celery__signal_dispatch_core__hard3_001,False,public_failure,experiments/python/openhands/gpt-5.6-luna/python200-prime-v2-main-r1/celery__signal_dispatch_core__hard3_001,True,experiments/python/openhands/gpt-5.6-luna/python200-prime-v2-main-r1/celery__signal_dispatch_core__hard3_001/agent/openhands_events.jsonl,True
gpt-5.6-luna,cerberus__schema_validate_core__001,False,hidden_failure,experiments/python/openhands/gpt-5.6-luna/python200-prime-v2-main-r1/cerberus__schema_validate_core__001,True,experiments/python/openhands/gpt-5.6-luna/python200-prime-v2-main-r1/cerberus__schema_validate_core__001/agent/openhands_events.jsonl,True
gpt-5.6-luna,chameleon__template_compile_core__001,True,functional_pass,experiments/python/openhands/gpt-5.6-luna/python200-prime-v2-main-r1/chameleon__template_compile_core__001,True,experiments/python/openhands/gpt-5.6-luna/python200-prime-v2-main-r1/chameleon__template_compile_core__001/agent/openhands_events.jsonl,True
gpt-5.6-luna,click__lazy_command_core__hard3_001,False,public_failure,experiments/python/openhands/gpt-5.6-luna/python200-prime-v2-main-r1/click__lazy_command_core__hard3_001,True,experiments/python/openhands/gpt-5.6-luna/python200-prime-v2-main-r1/click__lazy_command_core__hard3_001/agent/openhands_events.jsonl,True
gpt-5.6-luna,click__option_parser__001,True,functional_pass,experiments/python/openhands/gpt-5.6-luna/python200-prime-v2-main-r1/click__option_parser__001,True,experiments/python/openhands/gpt-5.6-luna/python200-prime-v2-main-r1/click__option_parser__001/agent/openhands_events.jsonl,True
gpt-5.6-luna,configobj__roundtrip_config_core__001,True,functional_pass,experiments/python/openhands/gpt-5.6-luna/python200-prime-v2-main-r1/configobj__roundtrip_config_core__001,True,experiments/python/openhands/gpt-5.6-luna/python200-prime-v2-main-r1/configobj__roundtrip_config_core__001/agent/openhands_events.jsonl,True
gpt-5.6-luna,cookiecutter__repo_finder_core__hard3_001,False,missing_submission,experiments/python/openhands/gpt-5.6-luna/python200-prime-v2-main-r1/cookiecutter__repo_finder_core__hard3_001,True,experiments/python/openhands/gpt-5.6-luna/python200-prime-v2-main-r1/cookiecutter__repo_finder_core__hard3_001/agent/openhands_events.jsonl,True
gpt-5.6-luna,coverage__config_merge_core__001,True,functional_pass,experiments/python/openhands/gpt-5.6-luna/python200-prime-v2-main-r1/coverage__config_merge_core__001,True,experiments/python/openhands/gpt-5.6-luna/python200-prime-v2-main-r1/coverage__config_merge_core__001/agent/openhands_events.jsonl,True
gpt-5.6-luna,coverage__glob_matcher_core__001,True,functional_pass,experiments/python/openhands/gpt-5.6-luna/python200-prime-v2-main-r1/coverage__glob_matcher_core__001,True,experiments/python/openhands/gpt-5.6-luna/python200-prime-v2-main-r1/coverage__glob_matcher_core__001/agent/openhands_events.jsonl,True
gpt-5.6-luna,coverage__path_remap_core__001,False,build_failure,experiments/python/openhands/gpt-5.6-luna/python200-prime-v2-main-r1/coverage__path_remap_core__001,True,experiments/python/openhands/gpt-5.6-luna/python200-prime-v2-main-r1/coverage__path_remap_core__001/agent/openhands_events.jsonl,True
gpt-5.6-luna,coverage__report_core__001,True,functional_pass,experiments/python/openhands/gpt-5.6-luna/python200-prime-v2-main-r1/coverage__report_core__001,True,experiments/python/openhands/gpt-5.6-luna/python200-prime-v2-main-r1/coverage__report_core__001/agent/openhands_events.jsonl,True
gpt-5.6-luna,coverage__source_selection_core__001,True,functional_pass,experiments/python/openhands/gpt-5.6-luna/python200-prime-v2-main-r1/coverage__source_selection_core__001,True,experiments/python/openhands/gpt-5.6-luna/python200-prime-v2-main-r1/coverage__source_selection_core__001/agent/openhands_events.jsonl,True
gpt-5.6-luna,croniter__cron_parse_core__001,False,public_failure,experiments/python/openhands/gpt-5.6-luna/python200-prime-v2-main-r1/croniter__cron_parse_core__001,True,experiments/python/openhands/gpt-5.6-luna/python200-prime-v2-main-r1/croniter__cron_parse_core__001/agent/openhands_events.jsonl,True
gpt-5.6-luna,dataclasses_json__serde_core__001,True,functional_pass,experiments/python/openhands/gpt-5.6-luna/python200-prime-v2-main-r1/dataclasses_json__serde_core__001,True,experiments/python/openhands/gpt-5.6-luna/python200-prime-v2-main-r1/dataclasses_json__serde_core__001/agent/openhands_events.jsonl,True
gpt-5.6-luna,dateutil__zone_resolver_core__hard3_001,False,missing_submission,experiments/python/openhands/gpt-5.6-luna/python200-prime-v2-main-r1/dateutil__zone_resolver_core__hard3_001,True,experiments/python/openhands/gpt-5.6-luna/python200-prime-v2-main-r1/dateutil__zone_resolver_core__hard3_001/agent/openhands_events.jsonl,True
gpt-5.6-luna,decorator__signature_preserving_core__001,False,public_failure,experiments/python/openhands/gpt-5.6-luna/python200-prime-v2-main-r1/decorator__signature_preserving_core__001,True,experiments/python/openhands/gpt-5.6-luna/python200-prime-v2-main-r1/decorator__signature_preserving_core__001/agent/openhands_events.jsonl,True
gpt-5.6-luna,deepdiff__deep_compare_core__001,False,missing_submission,experiments/python/openhands/gpt-5.6-luna/python200-prime-v2-main-r1/deepdiff__deep_compare_core__001,True,experiments/python/openhands/gpt-5.6-luna/python200-prime-v2-main-r1/deepdiff__deep_compare_core__001/agent/openhands_events.jsonl,True
gpt-5.6-luna,diskcache__eviction_policy_core__hard3_001,True,functional_pass,experiments/python/openhands/gpt-5.6-luna/python200-prime-v2-main-r1/diskcache__eviction_policy_core__hard3_001,True,experiments/python/openhands/gpt-5.6-luna/python200-prime-v2-main-r1/diskcache__eviction_policy_core__hard3_001/agent/openhands_events.jsonl,True
gpt-5.6-luna,distlib__wheel_metadata_core__hard3_001,True,functional_pass,experiments/python/openhands/gpt-5.6-luna/python200-prime-v2-main-r1/distlib__wheel_metadata_core__hard3_001,True,experiments/python/openhands/gpt-5.6-luna/python200-prime-v2-main-r1/distlib__wheel_metadata_core__hard3_001/agent/openhands_events.jsonl,True
gpt-5.6-luna,dynaconf__settings_merge_core__001,True,functional_pass,experiments/python/openhands/gpt-5.6-luna/python200-prime-v2-main-r1/dynaconf__settings_merge_core__001,True,experiments/python/openhands/gpt-5.6-luna/python200-prime-v2-main-r1/dynaconf__settings_merge_core__001/agent/openhands_events.jsonl,True
gpt-5.6-luna,email_validator__validate_core__001,False,public_failure,experiments/python/openhands/gpt-5.6-luna/python200-prime-v2-main-r1/email_validator__validate_core__001,True,experiments/python/openhands/gpt-5.6-luna/python200-prime-v2-main-r1/email_validator__validate_core__001/agent/openhands_events.jsonl,True
gpt-5.6-luna,environs__typed_env_core__001,True,functional_pass,experiments/python/openhands/gpt-5.6-luna/python200-prime-v2-main-r1/environs__typed_env_core__001,True,experiments/python/openhands/gpt-5.6-luna/python200-prime-v2-main-r1/environs__typed_env_core__001/agent/openhands_events.jsonl,True
gpt-5.6-luna,faker__provider_core__001,True,functional_pass,experiments/python/openhands/gpt-5.6-luna/python200-prime-v2-main-r1/faker__provider_core__001,True,experiments/python/openhands/gpt-5.6-luna/python200-prime-v2-main-r1/faker__provider_core__001/agent/openhands_events.jsonl,True
gpt-5.6-luna,filelock__reentrant_lock_core__001,False,public_failure,experiments/python/openhands/gpt-5.6-luna/python200-prime-v2-main-r1/filelock__reentrant_lock_core__001,True,experiments/python/openhands/gpt-5.6-luna/python200-prime-v2-main-r1/filelock__reentrant_lock_core__001/agent/openhands_events.jsonl,True
gpt-5.6-luna,flake8__plugin_options_core__hard3_001,False,public_failure,experiments/python/openhands/gpt-5.6-luna/python200-prime-v2-main-r1/flake8__plugin_options_core__hard3_001,True,experiments/python/openhands/gpt-5.6-luna/python200-prime-v2-main-r1/flake8__plugin_options_core__hard3_001/agent/openhands_events.jsonl,True
gpt-5.6-luna,flask__route_dispatch_core__001,False,public_failure,experiments/python/openhands/gpt-5.6-luna/python200-prime-v2-main-r1/flask__route_dispatch_core__001,True,experiments/python/openhands/gpt-5.6-luna/python200-prime-v2-main-r1/flask__route_dispatch_core__001/agent/openhands_events.jsonl,True
gpt-5.6-luna,fs__url_opener_core__hard3_001,False,public_failure,experiments/python/openhands/gpt-5.6-luna/python200-prime-v2-main-r1/fs__url_opener_core__hard3_001,True,experiments/python/openhands/gpt-5.6-luna/python200-prime-v2-main-r1/fs__url_opener_core__hard3_001/agent/openhands_events.jsonl,True
gpt-5.6-luna,fsspec__url_chain_core__hard3_001,True,functional_pass,experiments/python/openhands/gpt-5.6-luna/python200-prime-v2-main-r1/fsspec__url_chain_core__hard3_001,True,experiments/python/openhands/gpt-5.6-luna/python200-prime-v2-main-r1/fsspec__url_chain_core__hard3_001/agent/openhands_events.jsonl,True
gpt-5.6-luna,glom__spec_eval_core__hard3_001,True,functional_pass,experiments/python/openhands/gpt-5.6-luna/python200-prime-v2-main-r1/glom__spec_eval_core__hard3_001,True,experiments/python/openhands/gpt-5.6-luna/python200-prime-v2-main-r1/glom__spec_eval_core__hard3_001/agent/openhands_events.jsonl,True
gpt-5.6-luna,h11__message_parse_core__001,True,functional_pass,experiments/python/openhands/gpt-5.6-luna/python200-prime-v2-main-r1/h11__message_parse_core__001,True,experiments/python/openhands/gpt-5.6-luna/python200-prime-v2-main-r1/h11__message_parse_core__001/agent/openhands_events.jsonl,True
gpt-5.6-luna,h2__frame_parse_core__001,True,functional_pass,experiments/python/openhands/gpt-5.6-luna/python200-prime-v2-main-r1/h2__frame_parse_core__001,True,experiments/python/openhands/gpt-5.6-luna/python200-prime-v2-main-r1/h2__frame_parse_core__001/agent/openhands_events.jsonl,True
gpt-5.6-luna,hatch__project_metadata_core__hard3_001,False,public_failure,experiments/python/openhands/gpt-5.6-luna/python200-prime-v2-main-r1/hatch__project_metadata_core__hard3_001,True,experiments/python/openhands/gpt-5.6-luna/python200-prime-v2-main-r1/hatch__project_metadata_core__hard3_001/agent/openhands_events.jsonl,True
gpt-5.6-luna,httpx__request_model_core__001,True,functional_pass,experiments/python/openhands/gpt-5.6-luna/python200-prime-v2-main-r1/httpx__request_model_core__001,True,experiments/python/openhands/gpt-5.6-luna/python200-prime-v2-main-r1/httpx__request_model_core__001/agent/openhands_events.jsonl,True
gpt-5.6-luna,humanize__naturaltime_core__001,True,functional_pass,experiments/python/openhands/gpt-5.6-luna/python200-prime-v2-main-r1/humanize__naturaltime_core__001,True,experiments/python/openhands/gpt-5.6-luna/python200-prime-v2-main-r1/humanize__naturaltime_core__001/agent/openhands_events.jsonl,True
gpt-5.6-luna,importlib_metadata__entry_points_core__001,True,functional_pass,experiments/python/openhands/gpt-5.6-luna/python200-prime-v2-main-r1/importlib_metadata__entry_points_core__001,True,experiments/python/openhands/gpt-5.6-luna/python200-prime-v2-main-r1/importlib_metadata__entry_points_core__001/agent/openhands_events.jsonl,True
gpt-5.6-luna,importlib_resources__traversable_tree_core__hard3_001,False,hidden_failure,experiments/python/openhands/gpt-5.6-luna/python200-prime-v2-main-r1/importlib_resources__traversable_tree_core__hard3_001,True,experiments/python/openhands/gpt-5.6-luna/python200-prime-v2-main-r1/importlib_resources__traversable_tree_core__hard3_001/agent/openhands_events.jsonl,True
gpt-5.6-luna,installer__wheel_record_core__hard3_001,False,hidden_failure,experiments/python/openhands/gpt-5.6-luna/python200-prime-v2-main-r1/installer__wheel_record_core__hard3_001,True,experiments/python/openhands/gpt-5.6-luna/python200-prime-v2-main-r1/installer__wheel_record_core__hard3_001/agent/openhands_events.jsonl,True
gpt-5.6-luna,intervaltree__interval_tree_core__001,True,functional_pass,experiments/python/openhands/gpt-5.6-luna/python200-prime-v2-main-r1/intervaltree__interval_tree_core__001,True,experiments/python/openhands/gpt-5.6-luna/python200-prime-v2-main-r1/intervaltree__interval_tree_core__001/agent/openhands_events.jsonl,True
gpt-5.6-luna,isodate__duration_parse_core__001,True,functional_pass,experiments/python/openhands/gpt-5.6-luna/python200-prime-v2-main-r1/isodate__duration_parse_core__001,True,experiments/python/openhands/gpt-5.6-luna/python200-prime-v2-main-r1/isodate__duration_parse_core__001/agent/openhands_events.jsonl,True
gpt-5.6-luna,isort__settings_resolver_core__hard3_001,True,functional_pass,experiments/python/openhands/gpt-5.6-luna/python200-prime-v2-main-r1/isort__settings_resolver_core__hard3_001,True,experiments/python/openhands/gpt-5.6-luna/python200-prime-v2-main-r1/isort__settings_resolver_core__hard3_001/agent/openhands_events.jsonl,True
gpt-5.6-luna,itsdangerous__timed_serializer_core__001,True,functional_pass,experiments/python/openhands/gpt-5.6-luna/python200-prime-v2-main-r1/itsdangerous__timed_serializer_core__001,True,experiments/python/openhands/gpt-5.6-luna/python200-prime-v2-main-r1/itsdangerous__timed_serializer_core__001/agent/openhands_events.jsonl,True
gpt-5.6-luna,jinja2__compile_render_core__001,True,functional_pass,experiments/python/openhands/gpt-5.6-luna/python200-prime-v2-main-r1/jinja2__compile_render_core__001,True,experiments/python/openhands/gpt-5.6-luna/python200-prime-v2-main-r1/jinja2__compile_render_core__001/agent/openhands_events.jsonl,True
gpt-5.6-luna,jinja2__extensions_core__001,False,public_failure,experiments/python/openhands/gpt-5.6-luna/python200-prime-v2-main-r1/jinja2__extensions_core__001,True,experiments/python/openhands/gpt-5.6-luna/python200-prime-v2-main-r1/jinja2__extensions_core__001/agent/openhands_events.jsonl,True
gpt-5.6-luna,jinja2__filters_tests_core__001,True,functional_pass,experiments/python/openhands/gpt-5.6-luna/python200-prime-v2-main-r1/jinja2__filters_tests_core__001,True,experiments/python/openhands/gpt-5.6-luna/python200-prime-v2-main-r1/jinja2__filters_tests_core__001/agent/openhands_events.jsonl,True
gpt-5.6-luna,jinja2__lexer_parser_core__001,True,functional_pass,experiments/python/openhands/gpt-5.6-luna/python200-prime-v2-main-r1/jinja2__lexer_parser_core__001,True,experiments/python/openhands/gpt-5.6-luna/python200-prime-v2-main-r1/jinja2__lexer_parser_core__001/agent/openhands_events.jsonl,True
gpt-5.6-luna,jinja2__loader_inheritance_core__001,True,functional_pass,experiments/python/openhands/gpt-5.6-luna/python200-prime-v2-main-r1/jinja2__loader_inheritance_core__001,True,experiments/python/openhands/gpt-5.6-luna/python200-prime-v2-main-r1/jinja2__loader_inheritance_core__001/agent/openhands_events.jsonl,True
gpt-5.6-luna,json5__parse_core__001,True,functional_pass,experiments/python/openhands/gpt-5.6-luna/python200-prime-v2-main-r1/json5__parse_core__001,True,experiments/python/openhands/gpt-5.6-luna/python200-prime-v2-main-r1/json5__parse_core__001/agent/openhands_events.jsonl,True
gpt-5.6-luna,json_logic__evaluator_core__hard3_001,True,functional_pass,experiments/python/openhands/gpt-5.6-luna/python200-prime-v2-main-r1/json_logic__evaluator_core__hard3_001,True,experiments/python/openhands/gpt-5.6-luna/python200-prime-v2-main-r1/json_logic__evaluator_core__hard3_001/agent/openhands_events.jsonl,True
gpt-5.6-luna,jsonpath_ng__expression_eval_core__001,True,functional_pass,experiments/python/openhands/gpt-5.6-luna/python200-prime-v2-main-r1/jsonpath_ng__expression_eval_core__001,True,experiments/python/openhands/gpt-5.6-luna/python200-prime-v2-main-r1/jsonpath_ng__expression_eval_core__001/agent/openhands_events.jsonl,True
gpt-5.6-luna,jsonpointer__resolve_core__001,True,functional_pass,experiments/python/openhands/gpt-5.6-luna/python200-prime-v2-main-r1/jsonpointer__resolve_core__001,True,experiments/python/openhands/gpt-5.6-luna/python200-prime-v2-main-r1/jsonpointer__resolve_core__001/agent/openhands_events.jsonl,True
gpt-5.6-luna,jsonschema__validator_core__001,True,functional_pass,experiments/python/openhands/gpt-5.6-luna/python200-prime-v2-main-r1/jsonschema__validator_core__001,True,experiments/python/openhands/gpt-5.6-luna/python200-prime-v2-main-r1/jsonschema__validator_core__001/agent/openhands_events.jsonl,True
gpt-5.6-luna,jupyter_core__paths_resolver_core__hard3_001,False,public_failure,experiments/python/openhands/gpt-5.6-luna/python200-prime-v2-main-r1/jupyter_core__paths_resolver_core__hard3_001,True,experiments/python/openhands/gpt-5.6-luna/python200-prime-v2-main-r1/jupyter_core__paths_resolver_core__hard3_001/agent/openhands_events.jsonl,True
gpt-5.6-luna,jupyter_server__extension_config_core__hard3_001,False,hidden_failure,experiments/python/openhands/gpt-5.6-luna/python200-prime-v2-main-r1/jupyter_server__extension_config_core__hard3_001,True,experiments/python/openhands/gpt-5.6-luna/python200-prime-v2-main-r1/jupyter_server__extension_config_core__hard3_001/agent/openhands_events.jsonl,True
gpt-5.6-luna,keyring__backend_select_core__hard3_001,False,hidden_failure,experiments/python/openhands/gpt-5.6-luna/python200-prime-v2-main-r1/keyring__backend_select_core__hard3_001,True,experiments/python/openhands/gpt-5.6-luna/python200-prime-v2-main-r1/keyring__backend_select_core__hard3_001/agent/openhands_events.jsonl,True
gpt-5.6-luna,lark__grammar_loader_core__001,True,functional_pass,experiments/python/openhands/gpt-5.6-luna/python200-prime-v2-main-r1/lark__grammar_loader_core__001,True,experiments/python/openhands/gpt-5.6-luna/python200-prime-v2-main-r1/lark__grammar_loader_core__001/agent/openhands_events.jsonl,True
gpt-5.6-luna,lark__parse_tree_core__001,False,build_failure,experiments/python/openhands/gpt-5.6-luna/python200-prime-v2-main-r1/lark__parse_tree_core__001,True,experiments/python/openhands/gpt-5.6-luna/python200-prime-v2-main-r1/lark__parse_tree_core__001/agent/openhands_events.jsonl,True
gpt-5.6-luna,lark__visitor_transform_core__001,True,functional_pass,experiments/python/openhands/gpt-5.6-luna/python200-prime-v2-main-r1/lark__visitor_transform_core__001,True,experiments/python/openhands/gpt-5.6-luna/python200-prime-v2-main-r1/lark__visitor_transform_core__001/agent/openhands_events.jsonl,True
gpt-5.6-luna,license_expression__policy_core__hard3_001,False,public_failure,experiments/python/openhands/gpt-5.6-luna/python200-prime-v2-main-r1/license_expression__policy_core__hard3_001,True,experiments/python/openhands/gpt-5.6-luna/python200-prime-v2-main-r1/license_expression__policy_core__hard3_001/agent/openhands_events.jsonl,True
gpt-5.6-luna,mako__lexer_expression_core__001,True,functional_pass,experiments/python/openhands/gpt-5.6-luna/python200-prime-v2-main-r1/mako__lexer_expression_core__001,True,experiments/python/openhands/gpt-5.6-luna/python200-prime-v2-main-r1/mako__lexer_expression_core__001/agent/openhands_events.jsonl,True
gpt-5.6-luna,markdown__extensions_core__001,True,functional_pass,experiments/python/openhands/gpt-5.6-luna/python200-prime-v2-main-r1/markdown__extensions_core__001,True,experiments/python/openhands/gpt-5.6-luna/python200-prime-v2-main-r1/markdown__extensions_core__001/agent/openhands_events.jsonl,True
gpt-5.6-luna,markdown_it__commonmark_render__001,True,functional_pass,experiments/python/openhands/gpt-5.6-luna/python200-prime-v2-main-r1/markdown_it__commonmark_render__001,True,experiments/python/openhands/gpt-5.6-luna/python200-prime-v2-main-r1/markdown_it__commonmark_render__001/agent/openhands_events.jsonl,True
gpt-5.6-luna,marshmallow__schema_core__001,True,functional_pass,experiments/python/openhands/gpt-5.6-luna/python200-prime-v2-main-r1/marshmallow__schema_core__001,True,experiments/python/openhands/gpt-5.6-luna/python200-prime-v2-main-r1/marshmallow__schema_core__001/agent/openhands_events.jsonl,True
gpt-5.6-luna,mkdocs__plugin_config_core__hard3_001,False,public_failure,experiments/python/openhands/gpt-5.6-luna/python200-prime-v2-main-r1/mkdocs__plugin_config_core__hard3_001,True,experiments/python/openhands/gpt-5.6-luna/python200-prime-v2-main-r1/mkdocs__plugin_config_core__hard3_001/agent/openhands_events.jsonl,True
gpt-5.6-luna,msgpack__pack_unpack_core__001,True,functional_pass,experiments/python/openhands/gpt-5.6-luna/python200-prime-v2-main-r1/msgpack__pack_unpack_core__001,True,experiments/python/openhands/gpt-5.6-luna/python200-prime-v2-main-r1/msgpack__pack_unpack_core__001/agent/openhands_events.jsonl,True
gpt-5.6-luna,multidict__multidict_mutation_core__hard3_001,False,public_failure,experiments/python/openhands/gpt-5.6-luna/python200-prime-v2-main-r1/multidict__multidict_mutation_core__hard3_001,True,experiments/python/openhands/gpt-5.6-luna/python200-prime-v2-main-r1/multidict__multidict_mutation_core__hard3_001/agent/openhands_events.jsonl,True
gpt-5.6-luna,networkx__dag_topo_core__001,True,functional_pass,experiments/python/openhands/gpt-5.6-luna/python200-prime-v2-main-r1/networkx__dag_topo_core__001,True,experiments/python/openhands/gpt-5.6-luna/python200-prime-v2-main-r1/networkx__dag_topo_core__001/agent/openhands_events.jsonl,True
gpt-5.6-luna,packaging__requirement_marker_specifier__001,True,functional_pass,experiments/python/openhands/gpt-5.6-luna/python200-prime-v2-main-r1/packaging__requirement_marker_specifier__001,True,experiments/python/openhands/gpt-5.6-luna/python200-prime-v2-main-r1/packaging__requirement_marker_specifier__001/agent/openhands_events.jsonl,True
gpt-5.6-luna,parse__format_parser_core__001,True,functional_pass,experiments/python/openhands/gpt-5.6-luna/python200-prime-v2-main-r1/parse__format_parser_core__001,True,experiments/python/openhands/gpt-5.6-luna/python200-prime-v2-main-r1/parse__format_parser_core__001/agent/openhands_events.jsonl,True
gpt-5.6-luna,parsel__selector_namespace_core__hard3_001,False,public_failure,experiments/python/openhands/gpt-5.6-luna/python200-prime-v2-main-r1/parsel__selector_namespace_core__hard3_001,True,experiments/python/openhands/gpt-5.6-luna/python200-prime-v2-main-r1/parsel__selector_namespace_core__hard3_001/agent/openhands_events.jsonl,True
gpt-5.6-luna,parso__python_parse_core__001,True,functional_pass,experiments/python/openhands/gpt-5.6-luna/python200-prime-v2-main-r1/parso__python_parse_core__001,True,experiments/python/openhands/gpt-5.6-luna/python200-prime-v2-main-r1/parso__python_parse_core__001/agent/openhands_events.jsonl,True
gpt-5.6-luna,passlib__hash_context_core__001,True,functional_pass,experiments/python/openhands/gpt-5.6-luna/python200-prime-v2-main-r1/passlib__hash_context_core__001,True,experiments/python/openhands/gpt-5.6-luna/python200-prime-v2-main-r1/passlib__hash_context_core__001/agent/openhands_events.jsonl,True
gpt-5.6-luna,pathvalidate__sanitize_core__001,True,functional_pass,experiments/python/openhands/gpt-5.6-luna/python200-prime-v2-main-r1/pathvalidate__sanitize_core__001,True,experiments/python/openhands/gpt-5.6-luna/python200-prime-v2-main-r1/pathvalidate__sanitize_core__001/agent/openhands_events.jsonl,True
gpt-5.6-luna,pendulum__parse_format_core__001,True,functional_pass,experiments/python/openhands/gpt-5.6-luna/python200-prime-v2-main-r1/pendulum__parse_format_core__001,True,experiments/python/openhands/gpt-5.6-luna/python200-prime-v2-main-r1/pendulum__parse_format_core__001/agent/openhands_events.jsonl,True
gpt-5.6-luna,phonenumbers__parse_format_core__001,True,functional_pass,experiments/python/openhands/gpt-5.6-luna/python200-prime-v2-main-r1/phonenumbers__parse_format_core__001,True,experiments/python/openhands/gpt-5.6-luna/python200-prime-v2-main-r1/phonenumbers__parse_format_core__001/agent/openhands_events.jsonl,True
gpt-5.6-luna,platformdirs__app_dirs_core__hard3_001,True,functional_pass,experiments/python/openhands/gpt-5.6-luna/python200-prime-v2-main-r1/platformdirs__app_dirs_core__hard3_001,True,experiments/python/openhands/gpt-5.6-luna/python200-prime-v2-main-r1/platformdirs__app_dirs_core__hard3_001/agent/openhands_events.jsonl,True
gpt-5.6-luna,pluggy__hook_call_order__001,True,functional_pass,experiments/python/openhands/gpt-5.6-luna/python200-prime-v2-main-r1/pluggy__hook_call_order__001,True,experiments/python/openhands/gpt-5.6-luna/python200-prime-v2-main-r1/pluggy__hook_call_order__001/agent/openhands_events.jsonl,True
gpt-5.6-luna,pluggy__hook_specs_core__001,False,missing_submission,experiments/python/openhands/gpt-5.6-luna/python200-prime-v2-main-r1/pluggy__hook_specs_core__001,True,experiments/python/openhands/gpt-5.6-luna/python200-prime-v2-main-r1/pluggy__hook_specs_core__001/agent/openhands_events.jsonl,True
gpt-5.6-luna,pluggy__hook_wrapper_core__hard3_001,False,public_failure,experiments/python/openhands/gpt-5.6-luna/python200-prime-v2-main-r1/pluggy__hook_wrapper_core__hard3_001,True,experiments/python/openhands/gpt-5.6-luna/python200-prime-v2-main-r1/pluggy__hook_wrapper_core__hard3_001/agent/openhands_events.jsonl,True
gpt-5.6-luna,poetry_core__dependency_groups_core__hard3_001,False,public_failure,experiments/python/openhands/gpt-5.6-luna/python200-prime-v2-main-r1/poetry_core__dependency_groups_core__hard3_001,True,experiments/python/openhands/gpt-5.6-luna/python200-prime-v2-main-r1/poetry_core__dependency_groups_core__hard3_001/agent/openhands_events.jsonl,True
gpt-5.6-luna,pydantic__field_validator_core__hard3_001,True,functional_pass,experiments/python/openhands/gpt-5.6-luna/python200-prime-v2-main-r1/pydantic__field_validator_core__hard3_001,True,experiments/python/openhands/gpt-5.6-luna/python200-prime-v2-main-r1/pydantic__field_validator_core__hard3_001/agent/openhands_events.jsonl,True
gpt-5.6-luna,pydantic_settings__env_source_core__001,True,functional_pass,experiments/python/openhands/gpt-5.6-luna/python200-prime-v2-main-r1/pydantic_settings__env_source_core__001,True,experiments/python/openhands/gpt-5.6-luna/python200-prime-v2-main-r1/pydantic_settings__env_source_core__001/agent/openhands_events.jsonl,True
gpt-5.6-luna,pydantic_v1__validation_error_core__001,True,functional_pass,experiments/python/openhands/gpt-5.6-luna/python200-prime-v2-main-r1/pydantic_v1__validation_error_core__001,True,experiments/python/openhands/gpt-5.6-luna/python200-prime-v2-main-r1/pydantic_v1__validation_error_core__001/agent/openhands_events.jsonl,True
gpt-5.6-luna,pygments__formatter_core__001,True,functional_pass,experiments/python/openhands/gpt-5.6-luna/python200-prime-v2-main-r1/pygments__formatter_core__001,True,experiments/python/openhands/gpt-5.6-luna/python200-prime-v2-main-r1/pygments__formatter_core__001/agent/openhands_events.jsonl,True
gpt-5.6-luna,pygments__lexer_core__001,False,build_failure,experiments/python/openhands/gpt-5.6-luna/python200-prime-v2-main-r1/pygments__lexer_core__001,True,experiments/python/openhands/gpt-5.6-luna/python200-prime-v2-main-r1/pygments__lexer_core__001/agent/openhands_events.jsonl,True
gpt-5.6-luna,pyramid__configurator_action_core__hard3_001,True,functional_pass,experiments/python/openhands/gpt-5.6-luna/python200-prime-v2-main-r1/pyramid__configurator_action_core__hard3_001,True,experiments/python/openhands/gpt-5.6-luna/python200-prime-v2-main-r1/pyramid__configurator_action_core__hard3_001/agent/openhands_events.jsonl,True
gpt-5.6-luna,pytest__fixture_resolve_core__001,True,functional_pass,experiments/python/openhands/gpt-5.6-luna/python200-prime-v2-main-r1/pytest__fixture_resolve_core__001,True,experiments/python/openhands/gpt-5.6-luna/python200-prime-v2-main-r1/pytest__fixture_resolve_core__001/agent/openhands_events.jsonl,True
gpt-5.6-luna,pytest__ini_markers_core__001,False,public_failure,experiments/python/openhands/gpt-5.6-luna/python200-prime-v2-main-r1/pytest__ini_markers_core__001,True,experiments/python/openhands/gpt-5.6-luna/python200-prime-v2-main-r1/pytest__ini_markers_core__001/agent/openhands_events.jsonl,True
gpt-5.6-luna,pytest__mark_expression_core__001,True,functional_pass,experiments/python/openhands/gpt-5.6-luna/python200-prime-v2-main-r1/pytest__mark_expression_core__001,True,experiments/python/openhands/gpt-5.6-luna/python200-prime-v2-main-r1/pytest__mark_expression_core__001/agent/openhands_events.jsonl,True
gpt-5.6-luna,pytest__marker_registry_core__hard3_001,False,hidden_failure,experiments/python/openhands/gpt-5.6-luna/python200-prime-v2-main-r1/pytest__marker_registry_core__hard3_001,True,experiments/python/openhands/gpt-5.6-luna/python200-prime-v2-main-r1/pytest__marker_registry_core__hard3_001/agent/openhands_events.jsonl,True
gpt-5.6-luna,pytest__skipif_eval_core__001,True,functional_pass,experiments/python/openhands/gpt-5.6-luna/python200-prime-v2-main-r1/pytest__skipif_eval_core__001,True,experiments/python/openhands/gpt-5.6-luna/python200-prime-v2-main-r1/pytest__skipif_eval_core__001/agent/openhands_events.jsonl,True
gpt-5.6-luna,python_box__config_box_core__001,True,functional_pass,experiments/python/openhands/gpt-5.6-luna/python200-prime-v2-main-r1/python_box__config_box_core__001,True,experiments/python/openhands/gpt-5.6-luna/python200-prime-v2-main-r1/python_box__config_box_core__001/agent/openhands_events.jsonl,True
gpt-5.6-luna,python_dateutil__relativedelta_core__001,True,functional_pass,experiments/python/openhands/gpt-5.6-luna/python200-prime-v2-main-r1/python_dateutil__relativedelta_core__001,True,experiments/python/openhands/gpt-5.6-luna/python200-prime-v2-main-r1/python_dateutil__relativedelta_core__001/agent/openhands_events.jsonl,True
gpt-5.6-luna,python_dateutil__rrule_core__001,True,functional_pass,experiments/python/openhands/gpt-5.6-luna/python200-prime-v2-main-r1/python_dateutil__rrule_core__001,True,experiments/python/openhands/gpt-5.6-luna/python200-prime-v2-main-r1/python_dateutil__rrule_core__001/agent/openhands_events.jsonl,True
gpt-5.6-luna,python_decouple__config_repository_core__001,False,hidden_failure,experiments/python/openhands/gpt-5.6-luna/python200-prime-v2-main-r1/python_decouple__config_repository_core__001,True,experiments/python/openhands/gpt-5.6-luna/python200-prime-v2-main-r1/python_decouple__config_repository_core__001/agent/openhands_events.jsonl,True
gpt-5.6-luna,python_dotenv__env_parse_core__001,True,functional_pass,experiments/python/openhands/gpt-5.6-luna/python200-prime-v2-main-r1/python_dotenv__env_parse_core__001,True,experiments/python/openhands/gpt-5.6-luna/python200-prime-v2-main-r1/python_dotenv__env_parse_core__001/agent/openhands_events.jsonl,True
gpt-5.6-luna,python_frontmatter__roundtrip_core__001,True,functional_pass,experiments/python/openhands/gpt-5.6-luna/python200-prime-v2-main-r1/python_frontmatter__roundtrip_core__001,True,experiments/python/openhands/gpt-5.6-luna/python200-prime-v2-main-r1/python_frontmatter__roundtrip_core__001/agent/openhands_events.jsonl,True
gpt-5.6-luna,python_multipart__form_parse_core__001,True,functional_pass,experiments/python/openhands/gpt-5.6-luna/python200-prime-v2-main-r1/python_multipart__form_parse_core__001,True,experiments/python/openhands/gpt-5.6-luna/python200-prime-v2-main-r1/python_multipart__form_parse_core__001/agent/openhands_events.jsonl,True
gpt-5.6-luna,pyyaml__safe_load_dump__001,True,functional_pass,experiments/python/openhands/gpt-5.6-luna/python200-prime-v2-main-r1/pyyaml__safe_load_dump__001,True,experiments/python/openhands/gpt-5.6-luna/python200-prime-v2-main-r1/pyyaml__safe_load_dump__001/agent/openhands_events.jsonl,True
gpt-5.6-luna,readme_renderer__content_type_core__hard3_001,False,public_failure,experiments/python/openhands/gpt-5.6-luna/python200-prime-v2-main-r1/readme_renderer__content_type_core__hard3_001,True,experiments/python/openhands/gpt-5.6-luna/python200-prime-v2-main-r1/readme_renderer__content_type_core__hard3_001/agent/openhands_events.jsonl,True
gpt-5.6-luna,redis__resp_parser_core__001,True,functional_pass,experiments/python/openhands/gpt-5.6-luna/python200-prime-v2-main-r1/redis__resp_parser_core__001,True,experiments/python/openhands/gpt-5.6-luna/python200-prime-v2-main-r1/redis__resp_parser_core__001/agent/openhands_events.jsonl,True
gpt-5.6-luna,referencing__json_schema_refs_core__001,True,functional_pass,experiments/python/openhands/gpt-5.6-luna/python200-prime-v2-main-r1/referencing__json_schema_refs_core__001,True,experiments/python/openhands/gpt-5.6-luna/python200-prime-v2-main-r1/referencing__json_schema_refs_core__001/agent/openhands_events.jsonl,True
gpt-5.6-luna,requests_cache__cache_key_core__hard3_001,False,hidden_failure,experiments/python/openhands/gpt-5.6-luna/python200-prime-v2-main-r1/requests_cache__cache_key_core__hard3_001,True,experiments/python/openhands/gpt-5.6-luna/python200-prime-v2-main-r1/requests_cache__cache_key_core__hard3_001/agent/openhands_events.jsonl,True
gpt-5.6-luna,responses__request_matcher_core__hard3_001,True,functional_pass,experiments/python/openhands/gpt-5.6-luna/python200-prime-v2-main-r1/responses__request_matcher_core__hard3_001,True,experiments/python/openhands/gpt-5.6-luna/python200-prime-v2-main-r1/responses__request_matcher_core__hard3_001/agent/openhands_events.jsonl,True
gpt-5.6-luna,returns__result_pipeline_core__hard3_001,True,functional_pass,experiments/python/openhands/gpt-5.6-luna/python200-prime-v2-main-r1/returns__result_pipeline_core__hard3_001,True,experiments/python/openhands/gpt-5.6-luna/python200-prime-v2-main-r1/returns__result_pipeline_core__hard3_001/agent/openhands_events.jsonl,True
gpt-5.6-luna,rfc3986__uri_parse_core__001,True,functional_pass,experiments/python/openhands/gpt-5.6-luna/python200-prime-v2-main-r1/rfc3986__uri_parse_core__001,True,experiments/python/openhands/gpt-5.6-luna/python200-prime-v2-main-r1/rfc3986__uri_parse_core__001/agent/openhands_events.jsonl,True
gpt-5.6-luna,rich__markup_parse_core__001,False,missing_submission,experiments/python/openhands/gpt-5.6-luna/python200-prime-v2-main-r1/rich__markup_parse_core__001,True,experiments/python/openhands/gpt-5.6-luna/python200-prime-v2-main-r1/rich__markup_parse_core__001/agent/openhands_events.jsonl,True
gpt-5.6-luna,ruamel_yaml__roundtrip_core__001,True,functional_pass,experiments/python/openhands/gpt-5.6-luna/python200-prime-v2-main-r1/ruamel_yaml__roundtrip_core__001,True,experiments/python/openhands/gpt-5.6-luna/python200-prime-v2-main-r1/ruamel_yaml__roundtrip_core__001/agent/openhands_events.jsonl,True
gpt-5.6-luna,schema__nested_validate_core__hard3_001,True,functional_pass,experiments/python/openhands/gpt-5.6-luna/python200-prime-v2-main-r1/schema__nested_validate_core__hard3_001,True,experiments/python/openhands/gpt-5.6-luna/python200-prime-v2-main-r1/schema__nested_validate_core__hard3_001/agent/openhands_events.jsonl,True
gpt-5.6-luna,scrapy__item_loader_core__hard3_001,False,public_failure,experiments/python/openhands/gpt-5.6-luna/python200-prime-v2-main-r1/scrapy__item_loader_core__hard3_001,True,experiments/python/openhands/gpt-5.6-luna/python200-prime-v2-main-r1/scrapy__item_loader_core__hard3_001/agent/openhands_events.jsonl,True
gpt-5.6-luna,setuptools_scm__version_normalize_core__hard3_001,False,public_failure,experiments/python/openhands/gpt-5.6-luna/python200-prime-v2-main-r1/setuptools_scm__version_normalize_core__hard3_001,True,experiments/python/openhands/gpt-5.6-luna/python200-prime-v2-main-r1/setuptools_scm__version_normalize_core__hard3_001/agent/openhands_events.jsonl,True
gpt-5.6-luna,sortedcontainers__sorted_list_core__001,True,functional_pass,experiments/python/openhands/gpt-5.6-luna/python200-prime-v2-main-r1/sortedcontainers__sorted_list_core__001,True,experiments/python/openhands/gpt-5.6-luna/python200-prime-v2-main-r1/sortedcontainers__sorted_list_core__001/agent/openhands_events.jsonl,True
gpt-5.6-luna,sphinx__extension_registry_core__hard3_001,True,functional_pass,experiments/python/openhands/gpt-5.6-luna/python200-prime-v2-main-r1/sphinx__extension_registry_core__hard3_001,True,experiments/python/openhands/gpt-5.6-luna/python200-prime-v2-main-r1/sphinx__extension_registry_core__hard3_001/agent/openhands_events.jsonl,True
gpt-5.6-luna,sqlalchemy__event_dispatch_core__hard3_001,True,functional_pass,experiments/python/openhands/gpt-5.6-luna/python200-prime-v2-main-r1/sqlalchemy__event_dispatch_core__hard3_001,True,experiments/python/openhands/gpt-5.6-luna/python200-prime-v2-main-r1/sqlalchemy__event_dispatch_core__hard3_001/agent/openhands_events.jsonl,True
gpt-5.6-luna,sqlparse__format_filters_core__001,False,hidden_failure,experiments/python/openhands/gpt-5.6-luna/python200-prime-v2-main-r1/sqlparse__format_filters_core__001,True,experiments/python/openhands/gpt-5.6-luna/python200-prime-v2-main-r1/sqlparse__format_filters_core__001/agent/openhands_events.jsonl,True
gpt-5.6-luna,sqlparse__parse_format_core__001,True,functional_pass,experiments/python/openhands/gpt-5.6-luna/python200-prime-v2-main-r1/sqlparse__parse_format_core__001,True,experiments/python/openhands/gpt-5.6-luna/python200-prime-v2-main-r1/sqlparse__parse_format_core__001/agent/openhands_events.jsonl,True
gpt-5.6-luna,sqlparse__parse_split_core__001,True,functional_pass,experiments/python/openhands/gpt-5.6-luna/python200-prime-v2-main-r1/sqlparse__parse_split_core__001,True,experiments/python/openhands/gpt-5.6-luna/python200-prime-v2-main-r1/sqlparse__parse_split_core__001/agent/openhands_events.jsonl,True
gpt-5.6-luna,sqlparse__token_tree_core__001,True,functional_pass,experiments/python/openhands/gpt-5.6-luna/python200-prime-v2-main-r1/sqlparse__token_tree_core__001,True,experiments/python/openhands/gpt-5.6-luna/python200-prime-v2-main-r1/sqlparse__token_tree_core__001/agent/openhands_events.jsonl,True
gpt-5.6-luna,starlette__route_matching_core__hard3_001,False,hidden_failure,experiments/python/openhands/gpt-5.6-luna/python200-prime-v2-main-r1/starlette__route_matching_core__hard3_001,True,experiments/python/openhands/gpt-5.6-luna/python200-prime-v2-main-r1/starlette__route_matching_core__hard3_001/agent/openhands_events.jsonl,True
gpt-5.6-luna,stevedore__extension_manager_core__hard3_001,True,functional_pass,experiments/python/openhands/gpt-5.6-luna/python200-prime-v2-main-r1/stevedore__extension_manager_core__hard3_001,True,experiments/python/openhands/gpt-5.6-luna/python200-prime-v2-main-r1/stevedore__extension_manager_core__hard3_001/agent/openhands_events.jsonl,True
gpt-5.6-luna,tabulate__table_format_core__001,True,functional_pass,experiments/python/openhands/gpt-5.6-luna/python200-prime-v2-main-r1/tabulate__table_format_core__001,True,experiments/python/openhands/gpt-5.6-luna/python200-prime-v2-main-r1/tabulate__table_format_core__001/agent/openhands_events.jsonl,True
gpt-5.6-luna,tenacity__retry_state_core__hard3_001,True,functional_pass,experiments/python/openhands/gpt-5.6-luna/python200-prime-v2-main-r1/tenacity__retry_state_core__hard3_001,True,experiments/python/openhands/gpt-5.6-luna/python200-prime-v2-main-r1/tenacity__retry_state_core__hard3_001/agent/openhands_events.jsonl,True
gpt-5.6-luna,tomlkit__roundtrip_document__001,True,functional_pass,experiments/python/openhands/gpt-5.6-luna/python200-prime-v2-main-r1/tomlkit__roundtrip_document__001,True,experiments/python/openhands/gpt-5.6-luna/python200-prime-v2-main-r1/tomlkit__roundtrip_document__001/agent/openhands_events.jsonl,True
gpt-5.6-luna,tox__factor_expression_core__hard3_001,False,public_failure,experiments/python/openhands/gpt-5.6-luna/python200-prime-v2-main-r1/tox__factor_expression_core__hard3_001,True,experiments/python/openhands/gpt-5.6-luna/python200-prime-v2-main-r1/tox__factor_expression_core__hard3_001/agent/openhands_events.jsonl,True
gpt-5.6-luna,trafaret__validation_rules_core__hard3_001,True,functional_pass,experiments/python/openhands/gpt-5.6-luna/python200-prime-v2-main-r1/trafaret__validation_rules_core__hard3_001,True,experiments/python/openhands/gpt-5.6-luna/python200-prime-v2-main-r1/trafaret__validation_rules_core__hard3_001/agent/openhands_events.jsonl,True
gpt-5.6-luna,transitions__state_machine_core__hard3_001,True,functional_pass,experiments/python/openhands/gpt-5.6-luna/python200-prime-v2-main-r1/transitions__state_machine_core__hard3_001,True,experiments/python/openhands/gpt-5.6-luna/python200-prime-v2-main-r1/transitions__state_machine_core__hard3_001/agent/openhands_events.jsonl,True
gpt-5.6-luna,typer__command_parser_core__001,True,functional_pass,experiments/python/openhands/gpt-5.6-luna/python200-prime-v2-main-r1/typer__command_parser_core__001,True,experiments/python/openhands/gpt-5.6-luna/python200-prime-v2-main-r1/typer__command_parser_core__001/agent/openhands_events.jsonl,True
gpt-5.6-luna,urllib3__retry_backoff_core__001,True,functional_pass,experiments/python/openhands/gpt-5.6-luna/python200-prime-v2-main-r1/urllib3__retry_backoff_core__001,True,experiments/python/openhands/gpt-5.6-luna/python200-prime-v2-main-r1/urllib3__retry_backoff_core__001/agent/openhands_events.jsonl,True
gpt-5.6-luna,virtualenv__interpreter_spec_core__hard3_001,False,hidden_failure,experiments/python/openhands/gpt-5.6-luna/python200-prime-v2-main-r1/virtualenv__interpreter_spec_core__hard3_001,True,experiments/python/openhands/gpt-5.6-luna/python200-prime-v2-main-r1/virtualenv__interpreter_spec_core__hard3_001/agent/openhands_events.jsonl,True
gpt-5.6-luna,voluptuous__schema_validate_core__001,True,functional_pass,experiments/python/openhands/gpt-5.6-luna/python200-prime-v2-main-r1/voluptuous__schema_validate_core__001,True,experiments/python/openhands/gpt-5.6-luna/python200-prime-v2-main-r1/voluptuous__schema_validate_core__001/agent/openhands_events.jsonl,True
gpt-5.6-luna,websockets__handshake_parse_core__001,True,functional_pass,experiments/python/openhands/gpt-5.6-luna/python200-prime-v2-main-r1/websockets__handshake_parse_core__001,True,experiments/python/openhands/gpt-5.6-luna/python200-prime-v2-main-r1/websockets__handshake_parse_core__001/agent/openhands_events.jsonl,True
gpt-5.6-luna,werkzeug__routing_core__001,True,functional_pass,experiments/python/openhands/gpt-5.6-luna/python200-prime-v2-main-r1/werkzeug__routing_core__001,True,experiments/python/openhands/gpt-5.6-luna/python200-prime-v2-main-r1/werkzeug__routing_core__001/agent/openhands_events.jsonl,True
gpt-5.6-luna,wheel__metadata_normalize_core__hard3_001,True,functional_pass,experiments/python/openhands/gpt-5.6-luna/python200-prime-v2-main-r1/wheel__metadata_normalize_core__hard3_001,True,experiments/python/openhands/gpt-5.6-luna/python200-prime-v2-main-r1/wheel__metadata_normalize_core__hard3_001/agent/openhands_events.jsonl,True
gpt-5.6-luna,wsproto__frame_parse_core__001,True,functional_pass,experiments/python/openhands/gpt-5.6-luna/python200-prime-v2-main-r1/wsproto__frame_parse_core__001,True,experiments/python/openhands/gpt-5.6-luna/python200-prime-v2-main-r1/wsproto__frame_parse_core__001/agent/openhands_events.jsonl,True
gpt-5.6-luna,xmltodict__xml_parse_core__001,True,functional_pass,experiments/python/openhands/gpt-5.6-luna/python200-prime-v2-main-r1/xmltodict__xml_parse_core__001,True,experiments/python/openhands/gpt-5.6-luna/python200-prime-v2-main-r1/xmltodict__xml_parse_core__001/agent/openhands_events.jsonl,True
gpt-5.6-luna,yamale__schema_validate_core__hard3_001,False,public_failure,experiments/python/openhands/gpt-5.6-luna/python200-prime-v2-main-r1/yamale__schema_validate_core__hard3_001,True,experiments/python/openhands/gpt-5.6-luna/python200-prime-v2-main-r1/yamale__schema_validate_core__hard3_001/agent/openhands_events.jsonl,True
gpt-5.6-luna,yarl__url_model_core__001,True,functional_pass,experiments/python/openhands/gpt-5.6-luna/python200-prime-v2-main-r1/yarl__url_model_core__001,True,experiments/python/openhands/gpt-5.6-luna/python200-prime-v2-main-r1/yarl__url_model_core__001/agent/openhands_events.jsonl,True
glm-5.3-flash,aiohttp__url_params_core__hard3_001,False,public_failure,experiments/python/openhands/glm-5.3-flash/python200-prime-v2-main-r1/aiohttp__url_params_core__hard3_001,True,experiments/python/openhands/glm-5.3-flash/python200-prime-v2-main-r1/aiohttp__url_params_core__hard3_001/agent/openhands_events.jsonl,True
glm-5.3-flash,alembic__revision_map_core__hard3_001,False,missing_submission,experiments/python/openhands/glm-5.3-flash/python200-prime-v2-main-r1/alembic__revision_map_core__hard3_001,True,experiments/python/openhands/glm-5.3-flash/python200-prime-v2-main-r1/alembic__revision_map_core__hard3_001/agent/openhands_events.jsonl,True
glm-5.3-flash,apscheduler__cron_trigger_core__hard3_001,False,missing_submission,experiments/python/openhands/glm-5.3-flash/python200-prime-v2-main-r1/apscheduler__cron_trigger_core__hard3_001,True,experiments/python/openhands/glm-5.3-flash/python200-prime-v2-main-r1/apscheduler__cron_trigger_core__hard3_001/agent/openhands_events.jsonl,True
glm-5.3-flash,arrow__parse_format_core__001,False,public_failure,experiments/python/openhands/glm-5.3-flash/python200-prime-v2-main-r1/arrow__parse_format_core__001,True,experiments/python/openhands/glm-5.3-flash/python200-prime-v2-main-r1/arrow__parse_format_core__001/agent/openhands_events.jsonl,True
glm-5.3-flash,astroid__nodes_core__001,False,missing_submission,experiments/python/openhands/glm-5.3-flash/python200-prime-v2-main-r1/astroid__nodes_core__001,True,experiments/python/openhands/glm-5.3-flash/python200-prime-v2-main-r1/astroid__nodes_core__001/agent/openhands_events.jsonl,True
glm-5.3-flash,attrs__validators_core__001,True,functional_pass,experiments/python/openhands/glm-5.3-flash/python200-prime-v2-main-r1/attrs__validators_core__001,True,experiments/python/openhands/glm-5.3-flash/python200-prime-v2-main-r1/attrs__validators_core__001/agent/openhands_events.jsonl,True
glm-5.3-flash,babel__plural_core__001,True,functional_pass,experiments/python/openhands/glm-5.3-flash/python200-prime-v2-main-r1/babel__plural_core__001,True,experiments/python/openhands/glm-5.3-flash/python200-prime-v2-main-r1/babel__plural_core__001/agent/openhands_events.jsonl,True
glm-5.3-flash,bidict__bidirectional_map_core__001,True,functional_pass,experiments/python/openhands/glm-5.3-flash/python200-prime-v2-main-r1/bidict__bidirectional_map_core__001,True,experiments/python/openhands/glm-5.3-flash/python200-prime-v2-main-r1/bidict__bidirectional_map_core__001/agent/openhands_events.jsonl,True
glm-5.3-flash,bleach__sanitize_core__001,True,functional_pass,experiments/python/openhands/glm-5.3-flash/python200-prime-v2-main-r1/bleach__sanitize_core__001,True,experiments/python/openhands/glm-5.3-flash/python200-prime-v2-main-r1/bleach__sanitize_core__001/agent/openhands_events.jsonl,True
glm-5.3-flash,blinker__signal_registry_core__001,True,functional_pass,experiments/python/openhands/glm-5.3-flash/python200-prime-v2-main-r1/blinker__signal_registry_core__001,True,experiments/python/openhands/glm-5.3-flash/python200-prime-v2-main-r1/blinker__signal_registry_core__001/agent/openhands_events.jsonl,True
glm-5.3-flash,boltons__iterutils_core__001,True,functional_pass,experiments/python/openhands/glm-5.3-flash/python200-prime-v2-main-r1/boltons__iterutils_core__001,True,experiments/python/openhands/glm-5.3-flash/python200-prime-v2-main-r1/boltons__iterutils_core__001/agent/openhands_events.jsonl,True
glm-5.3-flash,build__pyproject_backend_core__hard3_001,False,public_failure,experiments/python/openhands/glm-5.3-flash/python200-prime-v2-main-r1/build__pyproject_backend_core__hard3_001,True,experiments/python/openhands/glm-5.3-flash/python200-prime-v2-main-r1/build__pyproject_backend_core__hard3_001/agent/openhands_events.jsonl,True
glm-5.3-flash,cachetools__cache_eviction_core__001,True,functional_pass,experiments/python/openhands/glm-5.3-flash/python200-prime-v2-main-r1/cachetools__cache_eviction_core__001,True,experiments/python/openhands/glm-5.3-flash/python200-prime-v2-main-r1/cachetools__cache_eviction_core__001/agent/openhands_events.jsonl,True
glm-5.3-flash,cattrs__structure_core__001,True,functional_pass,experiments/python/openhands/glm-5.3-flash/python200-prime-v2-main-r1/cattrs__structure_core__001,True,experiments/python/openhands/glm-5.3-flash/python200-prime-v2-main-r1/cattrs__structure_core__001/agent/openhands_events.jsonl,True
glm-5.3-flash,celery__signal_dispatch_core__hard3_001,False,public_failure,experiments/python/openhands/glm-5.3-flash/python200-prime-v2-main-r1/celery__signal_dispatch_core__hard3_001,True,experiments/python/openhands/glm-5.3-flash/python200-prime-v2-main-r1/celery__signal_dispatch_core__hard3_001/agent/openhands_events.jsonl,True
glm-5.3-flash,cerberus__schema_validate_core__001,True,functional_pass,experiments/python/openhands/glm-5.3-flash/python200-prime-v2-main-r1/cerberus__schema_validate_core__001,True,experiments/python/openhands/glm-5.3-flash/python200-prime-v2-main-r1/cerberus__schema_validate_core__001/agent/openhands_events.jsonl,True
glm-5.3-flash,chameleon__template_compile_core__001,True,functional_pass,experiments/python/openhands/glm-5.3-flash/python200-prime-v2-main-r1/chameleon__template_compile_core__001,True,experiments/python/openhands/glm-5.3-flash/python200-prime-v2-main-r1/chameleon__template_compile_core__001/agent/openhands_events.jsonl,True
glm-5.3-flash,click__lazy_command_core__hard3_001,False,public_failure,experiments/python/openhands/glm-5.3-flash/python200-prime-v2-main-r1/click__lazy_command_core__hard3_001,True,experiments/python/openhands/glm-5.3-flash/python200-prime-v2-main-r1/click__lazy_command_core__hard3_001/agent/openhands_events.jsonl,True
glm-5.3-flash,click__option_parser__001,True,functional_pass,experiments/python/openhands/glm-5.3-flash/python200-prime-v2-main-r1/click__option_parser__001,True,experiments/python/openhands/glm-5.3-flash/python200-prime-v2-main-r1/click__option_parser__001/agent/openhands_events.jsonl,True
glm-5.3-flash,configobj__roundtrip_config_core__001,True,functional_pass,experiments/python/openhands/glm-5.3-flash/python200-prime-v2-main-r1/configobj__roundtrip_config_core__001,True,experiments/python/openhands/glm-5.3-flash/python200-prime-v2-main-r1/configobj__roundtrip_config_core__001/agent/openhands_events.jsonl,True
glm-5.3-flash,cookiecutter__repo_finder_core__hard3_001,False,public_failure,experiments/python/openhands/glm-5.3-flash/python200-prime-v2-main-r1/cookiecutter__repo_finder_core__hard3_001,True,experiments/python/openhands/glm-5.3-flash/python200-prime-v2-main-r1/cookiecutter__repo_finder_core__hard3_001/agent/openhands_events.jsonl,True
glm-5.3-flash,coverage__config_merge_core__001,True,functional_pass,experiments/python/openhands/glm-5.3-flash/python200-prime-v2-main-r1/coverage__config_merge_core__001,True,experiments/python/openhands/glm-5.3-flash/python200-prime-v2-main-r1/coverage__config_merge_core__001/agent/openhands_events.jsonl,True
glm-5.3-flash,coverage__glob_matcher_core__001,True,functional_pass,experiments/python/openhands/glm-5.3-flash/python200-prime-v2-main-r1/coverage__glob_matcher_core__001,True,experiments/python/openhands/glm-5.3-flash/python200-prime-v2-main-r1/coverage__glob_matcher_core__001/agent/openhands_events.jsonl,True
glm-5.3-flash,coverage__path_remap_core__001,True,functional_pass,experiments/python/openhands/glm-5.3-flash/python200-prime-v2-main-r1/coverage__path_remap_core__001,True,experiments/python/openhands/glm-5.3-flash/python200-prime-v2-main-r1/coverage__path_remap_core__001/agent/openhands_events.jsonl,True
glm-5.3-flash,coverage__report_core__001,False,public_failure,experiments/python/openhands/glm-5.3-flash/python200-prime-v2-main-r1/coverage__report_core__001,True,experiments/python/openhands/glm-5.3-flash/python200-prime-v2-main-r1/coverage__report_core__001/agent/openhands_events.jsonl,True
glm-5.3-flash,coverage__source_selection_core__001,False,public_failure,experiments/python/openhands/glm-5.3-flash/python200-prime-v2-main-r1/coverage__source_selection_core__001,True,experiments/python/openhands/glm-5.3-flash/python200-prime-v2-main-r1/coverage__source_selection_core__001/agent/openhands_events.jsonl,True
glm-5.3-flash,croniter__cron_parse_core__001,True,functional_pass,experiments/python/openhands/glm-5.3-flash/python200-prime-v2-main-r1/croniter__cron_parse_core__001,True,experiments/python/openhands/glm-5.3-flash/python200-prime-v2-main-r1/croniter__cron_parse_core__001/agent/openhands_events.jsonl,True
glm-5.3-flash,dataclasses_json__serde_core__001,True,functional_pass,experiments/python/openhands/glm-5.3-flash/python200-prime-v2-main-r1/dataclasses_json__serde_core__001,True,experiments/python/openhands/glm-5.3-flash/python200-prime-v2-main-r1/dataclasses_json__serde_core__001/agent/openhands_events.jsonl,True
glm-5.3-flash,dateutil__zone_resolver_core__hard3_001,False,public_failure,experiments/python/openhands/glm-5.3-flash/python200-prime-v2-main-r1/dateutil__zone_resolver_core__hard3_001,True,experiments/python/openhands/glm-5.3-flash/python200-prime-v2-main-r1/dateutil__zone_resolver_core__hard3_001/agent/openhands_events.jsonl,True
glm-5.3-flash,decorator__signature_preserving_core__001,False,public_failure,experiments/python/openhands/glm-5.3-flash/python200-prime-v2-main-r1/decorator__signature_preserving_core__001,True,experiments/python/openhands/glm-5.3-flash/python200-prime-v2-main-r1/decorator__signature_preserving_core__001/agent/openhands_events.jsonl,True
glm-5.3-flash,deepdiff__deep_compare_core__001,False,build_failure,experiments/python/openhands/glm-5.3-flash/python200-prime-v2-main-r1/deepdiff__deep_compare_core__001,True,experiments/python/openhands/glm-5.3-flash/python200-prime-v2-main-r1/deepdiff__deep_compare_core__001/agent/openhands_events.jsonl,True
glm-5.3-flash,diskcache__eviction_policy_core__hard3_001,True,functional_pass,experiments/python/openhands/glm-5.3-flash/python200-prime-v2-main-r1/diskcache__eviction_policy_core__hard3_001,True,experiments/python/openhands/glm-5.3-flash/python200-prime-v2-main-r1/diskcache__eviction_policy_core__hard3_001/agent/openhands_events.jsonl,True
glm-5.3-flash,distlib__wheel_metadata_core__hard3_001,False,hidden_failure,experiments/python/openhands/glm-5.3-flash/python200-prime-v2-main-r1/distlib__wheel_metadata_core__hard3_001,True,experiments/python/openhands/glm-5.3-flash/python200-prime-v2-main-r1/distlib__wheel_metadata_core__hard3_001/agent/openhands_events.jsonl,True
glm-5.3-flash,dynaconf__settings_merge_core__001,False,missing_submission,experiments/python/openhands/glm-5.3-flash/python200-prime-v2-main-r1/dynaconf__settings_merge_core__001,True,experiments/python/openhands/glm-5.3-flash/python200-prime-v2-main-r1/dynaconf__settings_merge_core__001/agent/openhands_events.jsonl,True
glm-5.3-flash,email_validator__validate_core__001,True,functional_pass,experiments/python/openhands/glm-5.3-flash/python200-prime-v2-main-r1/email_validator__validate_core__001,True,experiments/python/openhands/glm-5.3-flash/python200-prime-v2-main-r1/email_validator__validate_core__001/agent/openhands_events.jsonl,True
glm-5.3-flash,environs__typed_env_core__001,False,missing_submission,experiments/python/openhands/glm-5.3-flash/python200-prime-v2-main-r1/environs__typed_env_core__001,True,experiments/python/openhands/glm-5.3-flash/python200-prime-v2-main-r1/environs__typed_env_core__001/agent/openhands_events.jsonl,True
glm-5.3-flash,faker__provider_core__001,False,isolation_failure,experiments/python/openhands/glm-5.3-flash/python200-prime-v2-main-r1/faker__provider_core__001,True,experiments/python/openhands/glm-5.3-flash/python200-prime-v2-main-r1/faker__provider_core__001/agent/openhands_events.jsonl,True
glm-5.3-flash,filelock__reentrant_lock_core__001,False,public_failure,experiments/python/openhands/glm-5.3-flash/python200-prime-v2-main-r1/filelock__reentrant_lock_core__001,True,experiments/python/openhands/glm-5.3-flash/python200-prime-v2-main-r1/filelock__reentrant_lock_core__001/agent/openhands_events.jsonl,True
glm-5.3-flash,flake8__plugin_options_core__hard3_001,False,missing_submission,experiments/python/openhands/glm-5.3-flash/python200-prime-v2-main-r1/flake8__plugin_options_core__hard3_001,True,experiments/python/openhands/glm-5.3-flash/python200-prime-v2-main-r1/flake8__plugin_options_core__hard3_001/agent/openhands_events.jsonl,True
glm-5.3-flash,flask__route_dispatch_core__001,False,public_failure,experiments/python/openhands/glm-5.3-flash/python200-prime-v2-main-r1/flask__route_dispatch_core__001,True,experiments/python/openhands/glm-5.3-flash/python200-prime-v2-main-r1/flask__route_dispatch_core__001/agent/openhands_events.jsonl,True
glm-5.3-flash,fs__url_opener_core__hard3_001,False,public_failure,experiments/python/openhands/glm-5.3-flash/python200-prime-v2-main-r1/fs__url_opener_core__hard3_001,True,experiments/python/openhands/glm-5.3-flash/python200-prime-v2-main-r1/fs__url_opener_core__hard3_001/agent/openhands_events.jsonl,True
glm-5.3-flash,fsspec__url_chain_core__hard3_001,False,public_failure,experiments/python/openhands/glm-5.3-flash/python200-prime-v2-main-r1/fsspec__url_chain_core__hard3_001,True,experiments/python/openhands/glm-5.3-flash/python200-prime-v2-main-r1/fsspec__url_chain_core__hard3_001/agent/openhands_events.jsonl,True
glm-5.3-flash,glom__spec_eval_core__hard3_001,False,missing_submission,experiments/python/openhands/glm-5.3-flash/python200-prime-v2-main-r1/glom__spec_eval_core__hard3_001,True,experiments/python/openhands/glm-5.3-flash/python200-prime-v2-main-r1/glom__spec_eval_core__hard3_001/agent/openhands_events.jsonl,True
glm-5.3-flash,h11__message_parse_core__001,True,functional_pass,experiments/python/openhands/glm-5.3-flash/python200-prime-v2-main-r1/h11__message_parse_core__001,True,experiments/python/openhands/glm-5.3-flash/python200-prime-v2-main-r1/h11__message_parse_core__001/agent/openhands_events.jsonl,True
glm-5.3-flash,h2__frame_parse_core__001,True,functional_pass,experiments/python/openhands/glm-5.3-flash/python200-prime-v2-main-r1/h2__frame_parse_core__001,True,experiments/python/openhands/glm-5.3-flash/python200-prime-v2-main-r1/h2__frame_parse_core__001/agent/openhands_events.jsonl,True
glm-5.3-flash,hatch__project_metadata_core__hard3_001,False,public_failure,experiments/python/openhands/glm-5.3-flash/python200-prime-v2-main-r1/hatch__project_metadata_core__hard3_001,True,experiments/python/openhands/glm-5.3-flash/python200-prime-v2-main-r1/hatch__project_metadata_core__hard3_001/agent/openhands_events.jsonl,True
glm-5.3-flash,httpx__request_model_core__001,True,functional_pass,experiments/python/openhands/glm-5.3-flash/python200-prime-v2-main-r1/httpx__request_model_core__001,True,experiments/python/openhands/glm-5.3-flash/python200-prime-v2-main-r1/httpx__request_model_core__001/agent/openhands_events.jsonl,True
glm-5.3-flash,humanize__naturaltime_core__001,True,functional_pass,experiments/python/openhands/glm-5.3-flash/python200-prime-v2-main-r1/humanize__naturaltime_core__001,True,experiments/python/openhands/glm-5.3-flash/python200-prime-v2-main-r1/humanize__naturaltime_core__001/agent/openhands_events.jsonl,True
glm-5.3-flash,importlib_metadata__entry_points_core__001,True,functional_pass,experiments/python/openhands/glm-5.3-flash/python200-prime-v2-main-r1/importlib_metadata__entry_points_core__001,True,experiments/python/openhands/glm-5.3-flash/python200-prime-v2-main-r1/importlib_metadata__entry_points_core__001/agent/openhands_events.jsonl,True
glm-5.3-flash,importlib_resources__traversable_tree_core__hard3_001,False,build_failure,experiments/python/openhands/glm-5.3-flash/python200-prime-v2-main-r1/importlib_resources__traversable_tree_core__hard3_001,True,experiments/python/openhands/glm-5.3-flash/python200-prime-v2-main-r1/importlib_resources__traversable_tree_core__hard3_001/agent/openhands_events.jsonl,True
glm-5.3-flash,installer__wheel_record_core__hard3_001,False,hidden_failure,experiments/python/openhands/glm-5.3-flash/python200-prime-v2-main-r1/installer__wheel_record_core__hard3_001,True,experiments/python/openhands/glm-5.3-flash/python200-prime-v2-main-r1/installer__wheel_record_core__hard3_001/agent/openhands_events.jsonl,True
glm-5.3-flash,intervaltree__interval_tree_core__001,True,functional_pass,experiments/python/openhands/glm-5.3-flash/python200-prime-v2-main-r1/intervaltree__interval_tree_core__001,True,experiments/python/openhands/glm-5.3-flash/python200-prime-v2-main-r1/intervaltree__interval_tree_core__001/agent/openhands_events.jsonl,True
glm-5.3-flash,isodate__duration_parse_core__001,True,functional_pass,experiments/python/openhands/glm-5.3-flash/python200-prime-v2-main-r1/isodate__duration_parse_core__001,True,experiments/python/openhands/glm-5.3-flash/python200-prime-v2-main-r1/isodate__duration_parse_core__001/agent/openhands_events.jsonl,True
glm-5.3-flash,isort__settings_resolver_core__hard3_001,False,missing_submission,experiments/python/openhands/glm-5.3-flash/python200-prime-v2-main-r1/isort__settings_resolver_core__hard3_001,True,experiments/python/openhands/glm-5.3-flash/python200-prime-v2-main-r1/isort__settings_resolver_core__hard3_001/agent/openhands_events.jsonl,True
glm-5.3-flash,itsdangerous__timed_serializer_core__001,False,public_failure,experiments/python/openhands/glm-5.3-flash/python200-prime-v2-main-r1/itsdangerous__timed_serializer_core__001,True,experiments/python/openhands/glm-5.3-flash/python200-prime-v2-main-r1/itsdangerous__timed_serializer_core__001/agent/openhands_events.jsonl,True
glm-5.3-flash,jinja2__compile_render_core__001,True,functional_pass,experiments/python/openhands/glm-5.3-flash/python200-prime-v2-main-r1/jinja2__compile_render_core__001,True,experiments/python/openhands/glm-5.3-flash/python200-prime-v2-main-r1/jinja2__compile_render_core__001/agent/openhands_events.jsonl,True
glm-5.3-flash,jinja2__extensions_core__001,True,functional_pass,experiments/python/openhands/glm-5.3-flash/python200-prime-v2-main-r1/jinja2__extensions_core__001,True,experiments/python/openhands/glm-5.3-flash/python200-prime-v2-main-r1/jinja2__extensions_core__001/agent/openhands_events.jsonl,True
glm-5.3-flash,jinja2__filters_tests_core__001,True,functional_pass,experiments/python/openhands/glm-5.3-flash/python200-prime-v2-main-r1/jinja2__filters_tests_core__001,True,experiments/python/openhands/glm-5.3-flash/python200-prime-v2-main-r1/jinja2__filters_tests_core__001/agent/openhands_events.jsonl,True
glm-5.3-flash,jinja2__lexer_parser_core__001,False,public_failure,experiments/python/openhands/glm-5.3-flash/python200-prime-v2-main-r1/jinja2__lexer_parser_core__001,True,experiments/python/openhands/glm-5.3-flash/python200-prime-v2-main-r1/jinja2__lexer_parser_core__001/agent/openhands_events.jsonl,True
glm-5.3-flash,jinja2__loader_inheritance_core__001,False,missing_submission,experiments/python/openhands/glm-5.3-flash/python200-prime-v2-main-r1/jinja2__loader_inheritance_core__001,True,experiments/python/openhands/glm-5.3-flash/python200-prime-v2-main-r1/jinja2__loader_inheritance_core__001/agent/openhands_events.jsonl,True
glm-5.3-flash,json5__parse_core__001,True,functional_pass,experiments/python/openhands/glm-5.3-flash/python200-prime-v2-main-r1/json5__parse_core__001,True,experiments/python/openhands/glm-5.3-flash/python200-prime-v2-main-r1/json5__parse_core__001/agent/openhands_events.jsonl,True
glm-5.3-flash,json_logic__evaluator_core__hard3_001,False,hidden_failure,experiments/python/openhands/glm-5.3-flash/python200-prime-v2-main-r1/json_logic__evaluator_core__hard3_001,True,experiments/python/openhands/glm-5.3-flash/python200-prime-v2-main-r1/json_logic__evaluator_core__hard3_001/agent/openhands_events.jsonl,True
glm-5.3-flash,jsonpath_ng__expression_eval_core__001,True,functional_pass,experiments/python/openhands/glm-5.3-flash/python200-prime-v2-main-r1/jsonpath_ng__expression_eval_core__001,True,experiments/python/openhands/glm-5.3-flash/python200-prime-v2-main-r1/jsonpath_ng__expression_eval_core__001/agent/openhands_events.jsonl,True
glm-5.3-flash,jsonpointer__resolve_core__001,True,functional_pass,experiments/python/openhands/glm-5.3-flash/python200-prime-v2-main-r1/jsonpointer__resolve_core__001,True,experiments/python/openhands/glm-5.3-flash/python200-prime-v2-main-r1/jsonpointer__resolve_core__001/agent/openhands_events.jsonl,True
glm-5.3-flash,jsonschema__validator_core__001,True,functional_pass,experiments/python/openhands/glm-5.3-flash/python200-prime-v2-main-r1/jsonschema__validator_core__001,True,experiments/python/openhands/glm-5.3-flash/python200-prime-v2-main-r1/jsonschema__validator_core__001/agent/openhands_events.jsonl,True
glm-5.3-flash,jupyter_core__paths_resolver_core__hard3_001,False,public_failure,experiments/python/openhands/glm-5.3-flash/python200-prime-v2-main-r1/jupyter_core__paths_resolver_core__hard3_001,True,experiments/python/openhands/glm-5.3-flash/python200-prime-v2-main-r1/jupyter_core__paths_resolver_core__hard3_001/agent/openhands_events.jsonl,True
glm-5.3-flash,jupyter_server__extension_config_core__hard3_001,True,functional_pass,experiments/python/openhands/glm-5.3-flash/python200-prime-v2-main-r1/jupyter_server__extension_config_core__hard3_001,True,experiments/python/openhands/glm-5.3-flash/python200-prime-v2-main-r1/jupyter_server__extension_config_core__hard3_001/agent/openhands_events.jsonl,True
glm-5.3-flash,keyring__backend_select_core__hard3_001,False,public_failure,experiments/python/openhands/glm-5.3-flash/python200-prime-v2-main-r1/keyring__backend_select_core__hard3_001,True,experiments/python/openhands/glm-5.3-flash/python200-prime-v2-main-r1/keyring__backend_select_core__hard3_001/agent/openhands_events.jsonl,True
glm-5.3-flash,lark__grammar_loader_core__001,False,isolation_failure,experiments/python/openhands/glm-5.3-flash/python200-prime-v2-main-r1/lark__grammar_loader_core__001,True,experiments/python/openhands/glm-5.3-flash/python200-prime-v2-main-r1/lark__grammar_loader_core__001/agent/openhands_events.jsonl,True
glm-5.3-flash,lark__parse_tree_core__001,True,functional_pass,experiments/python/openhands/glm-5.3-flash/python200-prime-v2-main-r1/lark__parse_tree_core__001,True,experiments/python/openhands/glm-5.3-flash/python200-prime-v2-main-r1/lark__parse_tree_core__001/agent/openhands_events.jsonl,True
glm-5.3-flash,lark__visitor_transform_core__001,False,public_failure,experiments/python/openhands/glm-5.3-flash/python200-prime-v2-main-r1/lark__visitor_transform_core__001,True,experiments/python/openhands/glm-5.3-flash/python200-prime-v2-main-r1/lark__visitor_transform_core__001/agent/openhands_events.jsonl,True
glm-5.3-flash,license_expression__policy_core__hard3_001,False,public_failure,experiments/python/openhands/glm-5.3-flash/python200-prime-v2-main-r1/license_expression__policy_core__hard3_001,True,experiments/python/openhands/glm-5.3-flash/python200-prime-v2-main-r1/license_expression__policy_core__hard3_001/agent/openhands_events.jsonl,True
glm-5.3-flash,mako__lexer_expression_core__001,True,functional_pass,experiments/python/openhands/glm-5.3-flash/python200-prime-v2-main-r1/mako__lexer_expression_core__001,True,experiments/python/openhands/glm-5.3-flash/python200-prime-v2-main-r1/mako__lexer_expression_core__001/agent/openhands_events.jsonl,True
glm-5.3-flash,markdown__extensions_core__001,True,functional_pass,experiments/python/openhands/glm-5.3-flash/python200-prime-v2-main-r1/markdown__extensions_core__001,True,experiments/python/openhands/glm-5.3-flash/python200-prime-v2-main-r1/markdown__extensions_core__001/agent/openhands_events.jsonl,True
glm-5.3-flash,markdown_it__commonmark_render__001,True,functional_pass,experiments/python/openhands/glm-5.3-flash/python200-prime-v2-main-r1/markdown_it__commonmark_render__001,True,experiments/python/openhands/glm-5.3-flash/python200-prime-v2-main-r1/markdown_it__commonmark_render__001/agent/openhands_events.jsonl,True
glm-5.3-flash,marshmallow__schema_core__001,True,functional_pass,experiments/python/openhands/glm-5.3-flash/python200-prime-v2-main-r1/marshmallow__schema_core__001,True,experiments/python/openhands/glm-5.3-flash/python200-prime-v2-main-r1/marshmallow__schema_core__001/agent/openhands_events.jsonl,True
glm-5.3-flash,mkdocs__plugin_config_core__hard3_001,False,public_failure,experiments/python/openhands/glm-5.3-flash/python200-prime-v2-main-r1/mkdocs__plugin_config_core__hard3_001,True,experiments/python/openhands/glm-5.3-flash/python200-prime-v2-main-r1/mkdocs__plugin_config_core__hard3_001/agent/openhands_events.jsonl,True
glm-5.3-flash,msgpack__pack_unpack_core__001,True,functional_pass,experiments/python/openhands/glm-5.3-flash/python200-prime-v2-main-r1/msgpack__pack_unpack_core__001,True,experiments/python/openhands/glm-5.3-flash/python200-prime-v2-main-r1/msgpack__pack_unpack_core__001/agent/openhands_events.jsonl,True
glm-5.3-flash,multidict__multidict_mutation_core__hard3_001,False,public_failure,experiments/python/openhands/glm-5.3-flash/python200-prime-v2-main-r1/multidict__multidict_mutation_core__hard3_001,True,experiments/python/openhands/glm-5.3-flash/python200-prime-v2-main-r1/multidict__multidict_mutation_core__hard3_001/agent/openhands_events.jsonl,True
glm-5.3-flash,networkx__dag_topo_core__001,False,missing_submission,experiments/python/openhands/glm-5.3-flash/python200-prime-v2-main-r1/networkx__dag_topo_core__001,True,experiments/python/openhands/glm-5.3-flash/python200-prime-v2-main-r1/networkx__dag_topo_core__001/agent/openhands_events.jsonl,True
glm-5.3-flash,packaging__requirement_marker_specifier__001,True,functional_pass,experiments/python/openhands/glm-5.3-flash/python200-prime-v2-main-r1/packaging__requirement_marker_specifier__001,True,experiments/python/openhands/glm-5.3-flash/python200-prime-v2-main-r1/packaging__requirement_marker_specifier__001/agent/openhands_events.jsonl,True
glm-5.3-flash,parse__format_parser_core__001,True,functional_pass,experiments/python/openhands/glm-5.3-flash/python200-prime-v2-main-r1/parse__format_parser_core__001,True,experiments/python/openhands/glm-5.3-flash/python200-prime-v2-main-r1/parse__format_parser_core__001/agent/openhands_events.jsonl,True
glm-5.3-flash,parsel__selector_namespace_core__hard3_001,False,public_failure,experiments/python/openhands/glm-5.3-flash/python200-prime-v2-main-r1/parsel__selector_namespace_core__hard3_001,True,experiments/python/openhands/glm-5.3-flash/python200-prime-v2-main-r1/parsel__selector_namespace_core__hard3_001/agent/openhands_events.jsonl,True
glm-5.3-flash,parso__python_parse_core__001,True,functional_pass,experiments/python/openhands/glm-5.3-flash/python200-prime-v2-main-r1/parso__python_parse_core__001,True,experiments/python/openhands/glm-5.3-flash/python200-prime-v2-main-r1/parso__python_parse_core__001/agent/openhands_events.jsonl,True
glm-5.3-flash,passlib__hash_context_core__001,True,functional_pass,experiments/python/openhands/glm-5.3-flash/python200-prime-v2-main-r1/passlib__hash_context_core__001,True,experiments/python/openhands/glm-5.3-flash/python200-prime-v2-main-r1/passlib__hash_context_core__001/agent/openhands_events.jsonl,True
glm-5.3-flash,pathvalidate__sanitize_core__001,True,functional_pass,experiments/python/openhands/glm-5.3-flash/python200-prime-v2-main-r1/pathvalidate__sanitize_core__001,True,experiments/python/openhands/glm-5.3-flash/python200-prime-v2-main-r1/pathvalidate__sanitize_core__001/agent/openhands_events.jsonl,True
glm-5.3-flash,pendulum__parse_format_core__001,True,functional_pass,experiments/python/openhands/glm-5.3-flash/python200-prime-v2-main-r1/pendulum__parse_format_core__001,True,experiments/python/openhands/glm-5.3-flash/python200-prime-v2-main-r1/pendulum__parse_format_core__001/agent/openhands_events.jsonl,True
glm-5.3-flash,phonenumbers__parse_format_core__001,True,functional_pass,experiments/python/openhands/glm-5.3-flash/python200-prime-v2-main-r1/phonenumbers__parse_format_core__001,True,experiments/python/openhands/glm-5.3-flash/python200-prime-v2-main-r1/phonenumbers__parse_format_core__001/agent/openhands_events.jsonl,True
glm-5.3-flash,platformdirs__app_dirs_core__hard3_001,False,public_failure,experiments/python/openhands/glm-5.3-flash/python200-prime-v2-main-r1/platformdirs__app_dirs_core__hard3_001,True,experiments/python/openhands/glm-5.3-flash/python200-prime-v2-main-r1/platformdirs__app_dirs_core__hard3_001/agent/openhands_events.jsonl,True
glm-5.3-flash,pluggy__hook_call_order__001,True,functional_pass,experiments/python/openhands/glm-5.3-flash/python200-prime-v2-main-r1/pluggy__hook_call_order__001,True,experiments/python/openhands/glm-5.3-flash/python200-prime-v2-main-r1/pluggy__hook_call_order__001/agent/openhands_events.jsonl,True
glm-5.3-flash,pluggy__hook_specs_core__001,True,functional_pass,experiments/python/openhands/glm-5.3-flash/python200-prime-v2-main-r1/pluggy__hook_specs_core__001,True,experiments/python/openhands/glm-5.3-flash/python200-prime-v2-main-r1/pluggy__hook_specs_core__001/agent/openhands_events.jsonl,True
glm-5.3-flash,pluggy__hook_wrapper_core__hard3_001,False,public_failure,experiments/python/openhands/glm-5.3-flash/python200-prime-v2-main-r1/pluggy__hook_wrapper_core__hard3_001,True,experiments/python/openhands/glm-5.3-flash/python200-prime-v2-main-r1/pluggy__hook_wrapper_core__hard3_001/agent/openhands_events.jsonl,True
glm-5.3-flash,poetry_core__dependency_groups_core__hard3_001,False,public_failure,experiments/python/openhands/glm-5.3-flash/python200-prime-v2-main-r1/poetry_core__dependency_groups_core__hard3_001,True,experiments/python/openhands/glm-5.3-flash/python200-prime-v2-main-r1/poetry_core__dependency_groups_core__hard3_001/agent/openhands_events.jsonl,True
glm-5.3-flash,pydantic__field_validator_core__hard3_001,False,missing_submission,experiments/python/openhands/glm-5.3-flash/python200-prime-v2-main-r1/pydantic__field_validator_core__hard3_001,True,experiments/python/openhands/glm-5.3-flash/python200-prime-v2-main-r1/pydantic__field_validator_core__hard3_001/agent/openhands_events.jsonl,True
glm-5.3-flash,pydantic_settings__env_source_core__001,False,build_failure,experiments/python/openhands/glm-5.3-flash/python200-prime-v2-main-r1/pydantic_settings__env_source_core__001,True,experiments/python/openhands/glm-5.3-flash/python200-prime-v2-main-r1/pydantic_settings__env_source_core__001/agent/openhands_events.jsonl,True
glm-5.3-flash,pydantic_v1__validation_error_core__001,False,missing_submission,experiments/python/openhands/glm-5.3-flash/python200-prime-v2-main-r1/pydantic_v1__validation_error_core__001,True,experiments/python/openhands/glm-5.3-flash/python200-prime-v2-main-r1/pydantic_v1__validation_error_core__001/agent/openhands_events.jsonl,True
glm-5.3-flash,pygments__formatter_core__001,True,functional_pass,experiments/python/openhands/glm-5.3-flash/python200-prime-v2-main-r1/pygments__formatter_core__001,True,experiments/python/openhands/glm-5.3-flash/python200-prime-v2-main-r1/pygments__formatter_core__001/agent/openhands_events.jsonl,True
glm-5.3-flash,pygments__lexer_core__001,False,hidden_failure,experiments/python/openhands/glm-5.3-flash/python200-prime-v2-main-r1/pygments__lexer_core__001,True,experiments/python/openhands/glm-5.3-flash/python200-prime-v2-main-r1/pygments__lexer_core__001/agent/openhands_events.jsonl,True
glm-5.3-flash,pyramid__configurator_action_core__hard3_001,True,functional_pass,experiments/python/openhands/glm-5.3-flash/python200-prime-v2-main-r1/pyramid__configurator_action_core__hard3_001,True,experiments/python/openhands/glm-5.3-flash/python200-prime-v2-main-r1/pyramid__configurator_action_core__hard3_001/agent/openhands_events.jsonl,True
glm-5.3-flash,pytest__fixture_resolve_core__001,False,public_failure,experiments/python/openhands/glm-5.3-flash/python200-prime-v2-main-r1/pytest__fixture_resolve_core__001,True,experiments/python/openhands/glm-5.3-flash/python200-prime-v2-main-r1/pytest__fixture_resolve_core__001/agent/openhands_events.jsonl,True
glm-5.3-flash,pytest__ini_markers_core__001,False,missing_submission,experiments/python/openhands/glm-5.3-flash/python200-prime-v2-main-r1/pytest__ini_markers_core__001,True,experiments/python/openhands/glm-5.3-flash/python200-prime-v2-main-r1/pytest__ini_markers_core__001/agent/openhands_events.jsonl,True
glm-5.3-flash,pytest__mark_expression_core__001,True,functional_pass,experiments/python/openhands/glm-5.3-flash/python200-prime-v2-main-r1/pytest__mark_expression_core__001,True,experiments/python/openhands/glm-5.3-flash/python200-prime-v2-main-r1/pytest__mark_expression_core__001/agent/openhands_events.jsonl,True
glm-5.3-flash,pytest__marker_registry_core__hard3_001,False,hidden_failure,experiments/python/openhands/glm-5.3-flash/python200-prime-v2-main-r1/pytest__marker_registry_core__hard3_001,True,experiments/python/openhands/glm-5.3-flash/python200-prime-v2-main-r1/pytest__marker_registry_core__hard3_001/agent/openhands_events.jsonl,True
glm-5.3-flash,pytest__skipif_eval_core__001,False,hidden_failure,experiments/python/openhands/glm-5.3-flash/python200-prime-v2-main-r1/pytest__skipif_eval_core__001,True,experiments/python/openhands/glm-5.3-flash/python200-prime-v2-main-r1/pytest__skipif_eval_core__001/agent/openhands_events.jsonl,True
glm-5.3-flash,python_box__config_box_core__001,True,functional_pass,experiments/python/openhands/glm-5.3-flash/python200-prime-v2-main-r1/python_box__config_box_core__001,True,experiments/python/openhands/glm-5.3-flash/python200-prime-v2-main-r1/python_box__config_box_core__001/agent/openhands_events.jsonl,True
glm-5.3-flash,python_dateutil__relativedelta_core__001,True,functional_pass,experiments/python/openhands/glm-5.3-flash/python200-prime-v2-main-r1/python_dateutil__relativedelta_core__001,True,experiments/python/openhands/glm-5.3-flash/python200-prime-v2-main-r1/python_dateutil__relativedelta_core__001/agent/openhands_events.jsonl,True
glm-5.3-flash,python_dateutil__rrule_core__001,True,functional_pass,experiments/python/openhands/glm-5.3-flash/python200-prime-v2-main-r1/python_dateutil__rrule_core__001,True,experiments/python/openhands/glm-5.3-flash/python200-prime-v2-main-r1/python_dateutil__rrule_core__001/agent/openhands_events.jsonl,True
glm-5.3-flash,python_decouple__config_repository_core__001,False,hidden_failure,experiments/python/openhands/glm-5.3-flash/python200-prime-v2-main-r1/python_decouple__config_repository_core__001,True,experiments/python/openhands/glm-5.3-flash/python200-prime-v2-main-r1/python_decouple__config_repository_core__001/agent/openhands_events.jsonl,True
glm-5.3-flash,python_dotenv__env_parse_core__001,True,functional_pass,experiments/python/openhands/glm-5.3-flash/python200-prime-v2-main-r1/python_dotenv__env_parse_core__001,True,experiments/python/openhands/glm-5.3-flash/python200-prime-v2-main-r1/python_dotenv__env_parse_core__001/agent/openhands_events.jsonl,True
glm-5.3-flash,python_frontmatter__roundtrip_core__001,True,functional_pass,experiments/python/openhands/glm-5.3-flash/python200-prime-v2-main-r1/python_frontmatter__roundtrip_core__001,True,experiments/python/openhands/glm-5.3-flash/python200-prime-v2-main-r1/python_frontmatter__roundtrip_core__001/agent/openhands_events.jsonl,True
glm-5.3-flash,python_multipart__form_parse_core__001,True,functional_pass,experiments/python/openhands/glm-5.3-flash/python200-prime-v2-main-r1/python_multipart__form_parse_core__001,True,experiments/python/openhands/glm-5.3-flash/python200-prime-v2-main-r1/python_multipart__form_parse_core__001/agent/openhands_events.jsonl,True
glm-5.3-flash,pyyaml__safe_load_dump__001,True,functional_pass,experiments/python/openhands/glm-5.3-flash/python200-prime-v2-main-r1/pyyaml__safe_load_dump__001,True,experiments/python/openhands/glm-5.3-flash/python200-prime-v2-main-r1/pyyaml__safe_load_dump__001/agent/openhands_events.jsonl,True
glm-5.3-flash,readme_renderer__content_type_core__hard3_001,False,public_failure,experiments/python/openhands/glm-5.3-flash/python200-prime-v2-main-r1/readme_renderer__content_type_core__hard3_001,True,experiments/python/openhands/glm-5.3-flash/python200-prime-v2-main-r1/readme_renderer__content_type_core__hard3_001/agent/openhands_events.jsonl,True
glm-5.3-flash,redis__resp_parser_core__001,True,functional_pass,experiments/python/openhands/glm-5.3-flash/python200-prime-v2-main-r1/redis__resp_parser_core__001,True,experiments/python/openhands/glm-5.3-flash/python200-prime-v2-main-r1/redis__resp_parser_core__001/agent/openhands_events.jsonl,True
glm-5.3-flash,referencing__json_schema_refs_core__001,True,functional_pass,experiments/python/openhands/glm-5.3-flash/python200-prime-v2-main-r1/referencing__json_schema_refs_core__001,True,experiments/python/openhands/glm-5.3-flash/python200-prime-v2-main-r1/referencing__json_schema_refs_core__001/agent/openhands_events.jsonl,True
glm-5.3-flash,requests_cache__cache_key_core__hard3_001,False,public_failure,experiments/python/openhands/glm-5.3-flash/python200-prime-v2-main-r1/requests_cache__cache_key_core__hard3_001,True,experiments/python/openhands/glm-5.3-flash/python200-prime-v2-main-r1/requests_cache__cache_key_core__hard3_001/agent/openhands_events.jsonl,True
glm-5.3-flash,responses__request_matcher_core__hard3_001,False,hidden_failure,experiments/python/openhands/glm-5.3-flash/python200-prime-v2-main-r1/responses__request_matcher_core__hard3_001,True,experiments/python/openhands/glm-5.3-flash/python200-prime-v2-main-r1/responses__request_matcher_core__hard3_001/agent/openhands_events.jsonl,True
glm-5.3-flash,returns__result_pipeline_core__hard3_001,True,functional_pass,experiments/python/openhands/glm-5.3-flash/python200-prime-v2-main-r1/returns__result_pipeline_core__hard3_001,True,experiments/python/openhands/glm-5.3-flash/python200-prime-v2-main-r1/returns__result_pipeline_core__hard3_001/agent/openhands_events.jsonl,True
glm-5.3-flash,rfc3986__uri_parse_core__001,True,functional_pass,experiments/python/openhands/glm-5.3-flash/python200-prime-v2-main-r1/rfc3986__uri_parse_core__001,True,experiments/python/openhands/glm-5.3-flash/python200-prime-v2-main-r1/rfc3986__uri_parse_core__001/agent/openhands_events.jsonl,True
glm-5.3-flash,rich__markup_parse_core__001,False,missing_submission,experiments/python/openhands/glm-5.3-flash/python200-prime-v2-main-r1/rich__markup_parse_core__001,True,experiments/python/openhands/glm-5.3-flash/python200-prime-v2-main-r1/rich__markup_parse_core__001/agent/openhands_events.jsonl,True
glm-5.3-flash,ruamel_yaml__roundtrip_core__001,True,functional_pass,experiments/python/openhands/glm-5.3-flash/python200-prime-v2-main-r1/ruamel_yaml__roundtrip_core__001,True,experiments/python/openhands/glm-5.3-flash/python200-prime-v2-main-r1/ruamel_yaml__roundtrip_core__001/agent/openhands_events.jsonl,True
glm-5.3-flash,schema__nested_validate_core__hard3_001,True,functional_pass,experiments/python/openhands/glm-5.3-flash/python200-prime-v2-main-r1/schema__nested_validate_core__hard3_001,True,experiments/python/openhands/glm-5.3-flash/python200-prime-v2-main-r1/schema__nested_validate_core__hard3_001/agent/openhands_events.jsonl,True
glm-5.3-flash,scrapy__item_loader_core__hard3_001,False,public_failure,experiments/python/openhands/glm-5.3-flash/python200-prime-v2-main-r1/scrapy__item_loader_core__hard3_001,True,experiments/python/openhands/glm-5.3-flash/python200-prime-v2-main-r1/scrapy__item_loader_core__hard3_001/agent/openhands_events.jsonl,True
glm-5.3-flash,setuptools_scm__version_normalize_core__hard3_001,False,missing_submission,experiments/python/openhands/glm-5.3-flash/python200-prime-v2-main-r1/setuptools_scm__version_normalize_core__hard3_001,True,experiments/python/openhands/glm-5.3-flash/python200-prime-v2-main-r1/setuptools_scm__version_normalize_core__hard3_001/agent/openhands_events.jsonl,True
glm-5.3-flash,sortedcontainers__sorted_list_core__001,True,functional_pass,experiments/python/openhands/glm-5.3-flash/python200-prime-v2-main-r1/sortedcontainers__sorted_list_core__001,True,experiments/python/openhands/glm-5.3-flash/python200-prime-v2-main-r1/sortedcontainers__sorted_list_core__001/agent/openhands_events.jsonl,True
glm-5.3-flash,sphinx__extension_registry_core__hard3_001,True,functional_pass,experiments/python/openhands/glm-5.3-flash/python200-prime-v2-main-r1/sphinx__extension_registry_core__hard3_001,True,experiments/python/openhands/glm-5.3-flash/python200-prime-v2-main-r1/sphinx__extension_registry_core__hard3_001/agent/openhands_events.jsonl,True
glm-5.3-flash,sqlalchemy__event_dispatch_core__hard3_001,False,missing_submission,experiments/python/openhands/glm-5.3-flash/python200-prime-v2-main-r1/sqlalchemy__event_dispatch_core__hard3_001,True,experiments/python/openhands/glm-5.3-flash/python200-prime-v2-main-r1/sqlalchemy__event_dispatch_core__hard3_001/agent/openhands_events.jsonl,True
glm-5.3-flash,sqlparse__format_filters_core__001,True,functional_pass,experiments/python/openhands/glm-5.3-flash/python200-prime-v2-main-r1/sqlparse__format_filters_core__001,True,experiments/python/openhands/glm-5.3-flash/python200-prime-v2-main-r1/sqlparse__format_filters_core__001/agent/openhands_events.jsonl,True
glm-5.3-flash,sqlparse__parse_format_core__001,False,missing_submission,experiments/python/openhands/glm-5.3-flash/python200-prime-v2-main-r1/sqlparse__parse_format_core__001,True,experiments/python/openhands/glm-5.3-flash/python200-prime-v2-main-r1/sqlparse__parse_format_core__001/agent/openhands_events.jsonl,True
glm-5.3-flash,sqlparse__parse_split_core__001,False,missing_submission,experiments/python/openhands/glm-5.3-flash/python200-prime-v2-main-r1/sqlparse__parse_split_core__001,True,experiments/python/openhands/glm-5.3-flash/python200-prime-v2-main-r1/sqlparse__parse_split_core__001/agent/openhands_events.jsonl,True
glm-5.3-flash,sqlparse__token_tree_core__001,False,missing_submission,experiments/python/openhands/glm-5.3-flash/python200-prime-v2-main-r1/sqlparse__token_tree_core__001,True,experiments/python/openhands/glm-5.3-flash/python200-prime-v2-main-r1/sqlparse__token_tree_core__001/agent/openhands_events.jsonl,True
glm-5.3-flash,starlette__route_matching_core__hard3_001,False,missing_submission,experiments/python/openhands/glm-5.3-flash/python200-prime-v2-main-r1/starlette__route_matching_core__hard3_001,True,experiments/python/openhands/glm-5.3-flash/python200-prime-v2-main-r1/starlette__route_matching_core__hard3_001/agent/openhands_events.jsonl,True
glm-5.3-flash,stevedore__extension_manager_core__hard3_001,False,missing_submission,experiments/python/openhands/glm-5.3-flash/python200-prime-v2-main-r1/stevedore__extension_manager_core__hard3_001,True,experiments/python/openhands/glm-5.3-flash/python200-prime-v2-main-r1/stevedore__extension_manager_core__hard3_001/agent/openhands_events.jsonl,True
glm-5.3-flash,tabulate__table_format_core__001,False,missing_submission,experiments/python/openhands/glm-5.3-flash/python200-prime-v2-main-r1/tabulate__table_format_core__001,True,experiments/python/openhands/glm-5.3-flash/python200-prime-v2-main-r1/tabulate__table_format_core__001/agent/openhands_events.jsonl,True
glm-5.3-flash,tenacity__retry_state_core__hard3_001,False,missing_submission,experiments/python/openhands/glm-5.3-flash/python200-prime-v2-main-r1/tenacity__retry_state_core__hard3_001,True,experiments/python/openhands/glm-5.3-flash/python200-prime-v2-main-r1/tenacity__retry_state_core__hard3_001/agent/openhands_events.jsonl,True
glm-5.3-flash,tomlkit__roundtrip_document__001,False,missing_submission,experiments/python/openhands/glm-5.3-flash/python200-prime-v2-main-r1/tomlkit__roundtrip_document__001,True,experiments/python/openhands/glm-5.3-flash/python200-prime-v2-main-r1/tomlkit__roundtrip_document__001/agent/openhands_events.jsonl,True
glm-5.3-flash,tox__factor_expression_core__hard3_001,False,missing_submission,experiments/python/openhands/glm-5.3-flash/python200-prime-v2-main-r1/tox__factor_expression_core__hard3_001,True,experiments/python/openhands/glm-5.3-flash/python200-prime-v2-main-r1/tox__factor_expression_core__hard3_001/agent/openhands_events.jsonl,True
glm-5.3-flash,trafaret__validation_rules_core__hard3_001,False,missing_submission,experiments/python/openhands/glm-5.3-flash/python200-prime-v2-main-r1/trafaret__validation_rules_core__hard3_001,True,experiments/python/openhands/glm-5.3-flash/python200-prime-v2-main-r1/trafaret__validation_rules_core__hard3_001/agent/openhands_events.jsonl,True
glm-5.3-flash,transitions__state_machine_core__hard3_001,False,missing_submission,experiments/python/openhands/glm-5.3-flash/python200-prime-v2-main-r1/transitions__state_machine_core__hard3_001,True,experiments/python/openhands/glm-5.3-flash/python200-prime-v2-main-r1/transitions__state_machine_core__hard3_001/agent/openhands_events.jsonl,True
glm-5.3-flash,typer__command_parser_core__001,False,missing_submission,experiments/python/openhands/glm-5.3-flash/python200-prime-v2-main-r1/typer__command_parser_core__001,True,experiments/python/openhands/glm-5.3-flash/python200-prime-v2-main-r1/typer__command_parser_core__001/agent/openhands_events.jsonl,True
glm-5.3-flash,urllib3__retry_backoff_core__001,False,missing_submission,experiments/python/openhands/glm-5.3-flash/python200-prime-v2-main-r1/urllib3__retry_backoff_core__001,True,experiments/python/openhands/glm-5.3-flash/python200-prime-v2-main-r1/urllib3__retry_backoff_core__001/agent/openhands_events.jsonl,True
glm-5.3-flash,virtualenv__interpreter_spec_core__hard3_001,False,missing_submission,experiments/python/openhands/glm-5.3-flash/python200-prime-v2-main-r1/virtualenv__interpreter_spec_core__hard3_001,True,experiments/python/openhands/glm-5.3-flash/python200-prime-v2-main-r1/virtualenv__interpreter_spec_core__hard3_001/agent/openhands_events.jsonl,True
glm-5.3-flash,voluptuous__schema_validate_core__001,False,missing_submission,experiments/python/openhands/glm-5.3-flash/python200-prime-v2-main-r1/voluptuous__schema_validate_core__001,True,experiments/python/openhands/glm-5.3-flash/python200-prime-v2-main-r1/voluptuous__schema_validate_core__001/agent/openhands_events.jsonl,True
glm-5.3-flash,websockets__handshake_parse_core__001,False,missing_submission,experiments/python/openhands/glm-5.3-flash/python200-prime-v2-main-r1/websockets__handshake_parse_core__001,True,experiments/python/openhands/glm-5.3-flash/python200-prime-v2-main-r1/websockets__handshake_parse_core__001/agent/openhands_events.jsonl,True
glm-5.3-flash,werkzeug__routing_core__001,False,missing_submission,experiments/python/openhands/glm-5.3-flash/python200-prime-v2-main-r1/werkzeug__routing_core__001,True,experiments/python/openhands/glm-5.3-flash/python200-prime-v2-main-r1/werkzeug__routing_core__001/agent/openhands_events.jsonl,True
glm-5.3-flash,wheel__metadata_normalize_core__hard3_001,False,missing_submission,experiments/python/openhands/glm-5.3-flash/python200-prime-v2-main-r1/wheel__metadata_normalize_core__hard3_001,True,experiments/python/openhands/glm-5.3-flash/python200-prime-v2-main-r1/wheel__metadata_normalize_core__hard3_001/agent/openhands_events.jsonl,True
glm-5.3-flash,wsproto__frame_parse_core__001,False,missing_submission,experiments/python/openhands/glm-5.3-flash/python200-prime-v2-main-r1/wsproto__frame_parse_core__001,True,experiments/python/openhands/glm-5.3-flash/python200-prime-v2-main-r1/wsproto__frame_parse_core__001/agent/openhands_events.jsonl,True
glm-5.3-flash,xmltodict__xml_parse_core__001,False,missing_submission,experiments/python/openhands/glm-5.3-flash/python200-prime-v2-main-r1/xmltodict__xml_parse_core__001,True,experiments/python/openhands/glm-5.3-flash/python200-prime-v2-main-r1/xmltodict__xml_parse_core__001/agent/openhands_events.jsonl,True
glm-5.3-flash,yamale__schema_validate_core__hard3_001,False,missing_submission,experiments/python/openhands/glm-5.3-flash/python200-prime-v2-main-r1/yamale__schema_validate_core__hard3_001,True,experiments/python/openhands/glm-5.3-flash/python200-prime-v2-main-r1/yamale__schema_validate_core__hard3_001/agent/openhands_events.jsonl,True
glm-5.3-flash,yarl__url_model_core__001,False,missing_submission,experiments/python/openhands/glm-5.3-flash/python200-prime-v2-main-r1/yarl__url_model_core__001,True,experiments/python/openhands/glm-5.3-flash/python200-prime-v2-main-r1/yarl__url_model_core__001/agent/openhands_events.jsonl,True
qwen3.6-35b-a3b-fp8,aiohttp__url_params_core__hard3_001,False,hidden_failure,experiments/python/openhands/qwen3.6-35b-a3b-fp8/python200-prime-v2-main-r1/aiohttp__url_params_core__hard3_001,True,experiments/python/openhands/qwen3.6-35b-a3b-fp8/python200-prime-v2-main-r1/aiohttp__url_params_core__hard3_001/agent/openhands_events.jsonl,True
qwen3.6-35b-a3b-fp8,alembic__revision_map_core__hard3_001,False,public_failure,experiments/python/openhands/qwen3.6-35b-a3b-fp8/python200-prime-v2-main-r1/alembic__revision_map_core__hard3_001,True,experiments/python/openhands/qwen3.6-35b-a3b-fp8/python200-prime-v2-main-r1/alembic__revision_map_core__hard3_001/agent/openhands_events.jsonl,True
qwen3.6-35b-a3b-fp8,apscheduler__cron_trigger_core__hard3_001,False,public_failure,experiments/python/openhands/qwen3.6-35b-a3b-fp8/python200-prime-v2-main-r1/apscheduler__cron_trigger_core__hard3_001,True,experiments/python/openhands/qwen3.6-35b-a3b-fp8/python200-prime-v2-main-r1/apscheduler__cron_trigger_core__hard3_001/agent/openhands_events.jsonl,True
qwen3.6-35b-a3b-fp8,arrow__parse_format_core__001,False,public_failure,experiments/python/openhands/qwen3.6-35b-a3b-fp8/python200-prime-v2-main-r1/arrow__parse_format_core__001,True,experiments/python/openhands/qwen3.6-35b-a3b-fp8/python200-prime-v2-main-r1/arrow__parse_format_core__001/agent/openhands_events.jsonl,True
qwen3.6-35b-a3b-fp8,astroid__nodes_core__001,False,hidden_failure,experiments/python/openhands/qwen3.6-35b-a3b-fp8/python200-prime-v2-main-r1/astroid__nodes_core__001,True,experiments/python/openhands/qwen3.6-35b-a3b-fp8/python200-prime-v2-main-r1/astroid__nodes_core__001/agent/openhands_events.jsonl,True
qwen3.6-35b-a3b-fp8,attrs__validators_core__001,False,hidden_failure,experiments/python/openhands/qwen3.6-35b-a3b-fp8/python200-prime-v2-main-r1/attrs__validators_core__001,True,experiments/python/openhands/qwen3.6-35b-a3b-fp8/python200-prime-v2-main-r1/attrs__validators_core__001/agent/openhands_events.jsonl,True
qwen3.6-35b-a3b-fp8,babel__plural_core__001,False,missing_submission,experiments/python/openhands/qwen3.6-35b-a3b-fp8/python200-prime-v2-main-r1/babel__plural_core__001,True,experiments/python/openhands/qwen3.6-35b-a3b-fp8/python200-prime-v2-main-r1/babel__plural_core__001/agent/openhands_events.jsonl,True
qwen3.6-35b-a3b-fp8,bidict__bidirectional_map_core__001,False,missing_submission,experiments/python/openhands/qwen3.6-35b-a3b-fp8/python200-prime-v2-main-r1/bidict__bidirectional_map_core__001,True,experiments/python/openhands/qwen3.6-35b-a3b-fp8/python200-prime-v2-main-r1/bidict__bidirectional_map_core__001/agent/openhands_events.jsonl,True
qwen3.6-35b-a3b-fp8,bleach__sanitize_core__001,False,build_failure,experiments/python/openhands/qwen3.6-35b-a3b-fp8/python200-prime-v2-main-r1/bleach__sanitize_core__001,True,experiments/python/openhands/qwen3.6-35b-a3b-fp8/python200-prime-v2-main-r1/bleach__sanitize_core__001/agent/openhands_events.jsonl,True
qwen3.6-35b-a3b-fp8,blinker__signal_registry_core__001,True,functional_pass,experiments/python/openhands/qwen3.6-35b-a3b-fp8/python200-prime-v2-main-r1/blinker__signal_registry_core__001,True,experiments/python/openhands/qwen3.6-35b-a3b-fp8/python200-prime-v2-main-r1/blinker__signal_registry_core__001/agent/openhands_events.jsonl,True
qwen3.6-35b-a3b-fp8,boltons__iterutils_core__001,True,functional_pass,experiments/python/openhands/qwen3.6-35b-a3b-fp8/python200-prime-v2-main-r1/boltons__iterutils_core__001,True,experiments/python/openhands/qwen3.6-35b-a3b-fp8/python200-prime-v2-main-r1/boltons__iterutils_core__001/agent/openhands_events.jsonl,True
qwen3.6-35b-a3b-fp8,build__pyproject_backend_core__hard3_001,False,public_failure,experiments/python/openhands/qwen3.6-35b-a3b-fp8/python200-prime-v2-main-r1/build__pyproject_backend_core__hard3_001,True,experiments/python/openhands/qwen3.6-35b-a3b-fp8/python200-prime-v2-main-r1/build__pyproject_backend_core__hard3_001/agent/openhands_events.jsonl,True
qwen3.6-35b-a3b-fp8,cachetools__cache_eviction_core__001,True,functional_pass,experiments/python/openhands/qwen3.6-35b-a3b-fp8/python200-prime-v2-main-r1/cachetools__cache_eviction_core__001,True,experiments/python/openhands/qwen3.6-35b-a3b-fp8/python200-prime-v2-main-r1/cachetools__cache_eviction_core__001/agent/openhands_events.jsonl,True
qwen3.6-35b-a3b-fp8,cattrs__structure_core__001,True,functional_pass,experiments/python/openhands/qwen3.6-35b-a3b-fp8/python200-prime-v2-main-r1/cattrs__structure_core__001,True,experiments/python/openhands/qwen3.6-35b-a3b-fp8/python200-prime-v2-main-r1/cattrs__structure_core__001/agent/openhands_events.jsonl,True
qwen3.6-35b-a3b-fp8,celery__signal_dispatch_core__hard3_001,False,public_failure,experiments/python/openhands/qwen3.6-35b-a3b-fp8/python200-prime-v2-main-r1/celery__signal_dispatch_core__hard3_001,True,experiments/python/openhands/qwen3.6-35b-a3b-fp8/python200-prime-v2-main-r1/celery__signal_dispatch_core__hard3_001/agent/openhands_events.jsonl,True
qwen3.6-35b-a3b-fp8,cerberus__schema_validate_core__001,False,hidden_failure,experiments/python/openhands/qwen3.6-35b-a3b-fp8/python200-prime-v2-main-r1/cerberus__schema_validate_core__001,True,experiments/python/openhands/qwen3.6-35b-a3b-fp8/python200-prime-v2-main-r1/cerberus__schema_validate_core__001/agent/openhands_events.jsonl,True
qwen3.6-35b-a3b-fp8,chameleon__template_compile_core__001,False,missing_submission,experiments/python/openhands/qwen3.6-35b-a3b-fp8/python200-prime-v2-main-r1/chameleon__template_compile_core__001,True,experiments/python/openhands/qwen3.6-35b-a3b-fp8/python200-prime-v2-main-r1/chameleon__template_compile_core__001/agent/openhands_events.jsonl,True
qwen3.6-35b-a3b-fp8,click__lazy_command_core__hard3_001,False,public_failure,experiments/python/openhands/qwen3.6-35b-a3b-fp8/python200-prime-v2-main-r1/click__lazy_command_core__hard3_001,True,experiments/python/openhands/qwen3.6-35b-a3b-fp8/python200-prime-v2-main-r1/click__lazy_command_core__hard3_001/agent/openhands_events.jsonl,True
qwen3.6-35b-a3b-fp8,click__option_parser__001,False,public_failure,experiments/python/openhands/qwen3.6-35b-a3b-fp8/python200-prime-v2-main-r1/click__option_parser__001,True,experiments/python/openhands/qwen3.6-35b-a3b-fp8/python200-prime-v2-main-r1/click__option_parser__001/agent/openhands_events.jsonl,True
qwen3.6-35b-a3b-fp8,configobj__roundtrip_config_core__001,False,public_failure,experiments/python/openhands/qwen3.6-35b-a3b-fp8/python200-prime-v2-main-r1/configobj__roundtrip_config_core__001,True,experiments/python/openhands/qwen3.6-35b-a3b-fp8/python200-prime-v2-main-r1/configobj__roundtrip_config_core__001/agent/openhands_events.jsonl,True
qwen3.6-35b-a3b-fp8,cookiecutter__repo_finder_core__hard3_001,False,public_failure,experiments/python/openhands/qwen3.6-35b-a3b-fp8/python200-prime-v2-main-r1/cookiecutter__repo_finder_core__hard3_001,True,experiments/python/openhands/qwen3.6-35b-a3b-fp8/python200-prime-v2-main-r1/cookiecutter__repo_finder_core__hard3_001/agent/openhands_events.jsonl,True
qwen3.6-35b-a3b-fp8,coverage__config_merge_core__001,True,functional_pass,experiments/python/openhands/qwen3.6-35b-a3b-fp8/python200-prime-v2-main-r1/coverage__config_merge_core__001,True,experiments/python/openhands/qwen3.6-35b-a3b-fp8/python200-prime-v2-main-r1/coverage__config_merge_core__001/agent/openhands_events.jsonl,True
qwen3.6-35b-a3b-fp8,coverage__glob_matcher_core__001,True,functional_pass,experiments/python/openhands/qwen3.6-35b-a3b-fp8/python200-prime-v2-main-r1/coverage__glob_matcher_core__001,True,experiments/python/openhands/qwen3.6-35b-a3b-fp8/python200-prime-v2-main-r1/coverage__glob_matcher_core__001/agent/openhands_events.jsonl,True
qwen3.6-35b-a3b-fp8,coverage__path_remap_core__001,True,functional_pass,experiments/python/openhands/qwen3.6-35b-a3b-fp8/python200-prime-v2-main-r1/coverage__path_remap_core__001,True,experiments/python/openhands/qwen3.6-35b-a3b-fp8/python200-prime-v2-main-r1/coverage__path_remap_core__001/agent/openhands_events.jsonl,True
qwen3.6-35b-a3b-fp8,coverage__report_core__001,False,public_failure,experiments/python/openhands/qwen3.6-35b-a3b-fp8/python200-prime-v2-main-r1/coverage__report_core__001,True,experiments/python/openhands/qwen3.6-35b-a3b-fp8/python200-prime-v2-main-r1/coverage__report_core__001/agent/openhands_events.jsonl,True
qwen3.6-35b-a3b-fp8,coverage__source_selection_core__001,False,public_failure,experiments/python/openhands/qwen3.6-35b-a3b-fp8/python200-prime-v2-main-r1/coverage__source_selection_core__001,True,experiments/python/openhands/qwen3.6-35b-a3b-fp8/python200-prime-v2-main-r1/coverage__source_selection_core__001/agent/openhands_events.jsonl,True
qwen3.6-35b-a3b-fp8,croniter__cron_parse_core__001,False,build_failure,experiments/python/openhands/qwen3.6-35b-a3b-fp8/python200-prime-v2-main-r1/croniter__cron_parse_core__001,True,experiments/python/openhands/qwen3.6-35b-a3b-fp8/python200-prime-v2-main-r1/croniter__cron_parse_core__001/agent/openhands_events.jsonl,True
qwen3.6-35b-a3b-fp8,dataclasses_json__serde_core__001,True,functional_pass,experiments/python/openhands/qwen3.6-35b-a3b-fp8/python200-prime-v2-main-r1/dataclasses_json__serde_core__001,True,experiments/python/openhands/qwen3.6-35b-a3b-fp8/python200-prime-v2-main-r1/dataclasses_json__serde_core__001/agent/openhands_events.jsonl,True
qwen3.6-35b-a3b-fp8,dateutil__zone_resolver_core__hard3_001,False,public_failure,experiments/python/openhands/qwen3.6-35b-a3b-fp8/python200-prime-v2-main-r1/dateutil__zone_resolver_core__hard3_001,True,experiments/python/openhands/qwen3.6-35b-a3b-fp8/python200-prime-v2-main-r1/dateutil__zone_resolver_core__hard3_001/agent/openhands_events.jsonl,True
qwen3.6-35b-a3b-fp8,decorator__signature_preserving_core__001,False,public_failure,experiments/python/openhands/qwen3.6-35b-a3b-fp8/python200-prime-v2-main-r1/decorator__signature_preserving_core__001,True,experiments/python/openhands/qwen3.6-35b-a3b-fp8/python200-prime-v2-main-r1/decorator__signature_preserving_core__001/agent/openhands_events.jsonl,True
qwen3.6-35b-a3b-fp8,deepdiff__deep_compare_core__001,False,build_failure,experiments/python/openhands/qwen3.6-35b-a3b-fp8/python200-prime-v2-main-r1/deepdiff__deep_compare_core__001,True,experiments/python/openhands/qwen3.6-35b-a3b-fp8/python200-prime-v2-main-r1/deepdiff__deep_compare_core__001/agent/openhands_events.jsonl,True
qwen3.6-35b-a3b-fp8,diskcache__eviction_policy_core__hard3_001,True,functional_pass,experiments/python/openhands/qwen3.6-35b-a3b-fp8/python200-prime-v2-main-r1/diskcache__eviction_policy_core__hard3_001,True,experiments/python/openhands/qwen3.6-35b-a3b-fp8/python200-prime-v2-main-r1/diskcache__eviction_policy_core__hard3_001/agent/openhands_events.jsonl,True
qwen3.6-35b-a3b-fp8,distlib__wheel_metadata_core__hard3_001,True,functional_pass,experiments/python/openhands/qwen3.6-35b-a3b-fp8/python200-prime-v2-main-r1/distlib__wheel_metadata_core__hard3_001,True,experiments/python/openhands/qwen3.6-35b-a3b-fp8/python200-prime-v2-main-r1/distlib__wheel_metadata_core__hard3_001/agent/openhands_events.jsonl,True
qwen3.6-35b-a3b-fp8,dynaconf__settings_merge_core__001,False,public_failure,experiments/python/openhands/qwen3.6-35b-a3b-fp8/python200-prime-v2-main-r1/dynaconf__settings_merge_core__001,True,experiments/python/openhands/qwen3.6-35b-a3b-fp8/python200-prime-v2-main-r1/dynaconf__settings_merge_core__001/agent/openhands_events.jsonl,True
qwen3.6-35b-a3b-fp8,email_validator__validate_core__001,True,functional_pass,experiments/python/openhands/qwen3.6-35b-a3b-fp8/python200-prime-v2-main-r1/email_validator__validate_core__001,True,experiments/python/openhands/qwen3.6-35b-a3b-fp8/python200-prime-v2-main-r1/email_validator__validate_core__001/agent/openhands_events.jsonl,True
qwen3.6-35b-a3b-fp8,environs__typed_env_core__001,True,functional_pass,experiments/python/openhands/qwen3.6-35b-a3b-fp8/python200-prime-v2-main-r1/environs__typed_env_core__001,True,experiments/python/openhands/qwen3.6-35b-a3b-fp8/python200-prime-v2-main-r1/environs__typed_env_core__001/agent/openhands_events.jsonl,True
qwen3.6-35b-a3b-fp8,faker__provider_core__001,False,public_failure,experiments/python/openhands/qwen3.6-35b-a3b-fp8/python200-prime-v2-main-r1/faker__provider_core__001,True,experiments/python/openhands/qwen3.6-35b-a3b-fp8/python200-prime-v2-main-r1/faker__provider_core__001/agent/openhands_events.jsonl,True
qwen3.6-35b-a3b-fp8,filelock__reentrant_lock_core__001,False,missing_submission,experiments/python/openhands/qwen3.6-35b-a3b-fp8/python200-prime-v2-main-r1/filelock__reentrant_lock_core__001,True,experiments/python/openhands/qwen3.6-35b-a3b-fp8/python200-prime-v2-main-r1/filelock__reentrant_lock_core__001/agent/openhands_events.jsonl,True
qwen3.6-35b-a3b-fp8,flake8__plugin_options_core__hard3_001,False,public_failure,experiments/python/openhands/qwen3.6-35b-a3b-fp8/python200-prime-v2-main-r1/flake8__plugin_options_core__hard3_001,True,experiments/python/openhands/qwen3.6-35b-a3b-fp8/python200-prime-v2-main-r1/flake8__plugin_options_core__hard3_001/agent/openhands_events.jsonl,True
qwen3.6-35b-a3b-fp8,flask__route_dispatch_core__001,False,public_failure,experiments/python/openhands/qwen3.6-35b-a3b-fp8/python200-prime-v2-main-r1/flask__route_dispatch_core__001,True,experiments/python/openhands/qwen3.6-35b-a3b-fp8/python200-prime-v2-main-r1/flask__route_dispatch_core__001/agent/openhands_events.jsonl,True
qwen3.6-35b-a3b-fp8,fs__url_opener_core__hard3_001,False,public_failure,experiments/python/openhands/qwen3.6-35b-a3b-fp8/python200-prime-v2-main-r1/fs__url_opener_core__hard3_001,True,experiments/python/openhands/qwen3.6-35b-a3b-fp8/python200-prime-v2-main-r1/fs__url_opener_core__hard3_001/agent/openhands_events.jsonl,True
qwen3.6-35b-a3b-fp8,fsspec__url_chain_core__hard3_001,False,hidden_failure,experiments/python/openhands/qwen3.6-35b-a3b-fp8/python200-prime-v2-main-r1/fsspec__url_chain_core__hard3_001,True,experiments/python/openhands/qwen3.6-35b-a3b-fp8/python200-prime-v2-main-r1/fsspec__url_chain_core__hard3_001/agent/openhands_events.jsonl,True
qwen3.6-35b-a3b-fp8,glom__spec_eval_core__hard3_001,False,hidden_failure,experiments/python/openhands/qwen3.6-35b-a3b-fp8/python200-prime-v2-main-r1/glom__spec_eval_core__hard3_001,True,experiments/python/openhands/qwen3.6-35b-a3b-fp8/python200-prime-v2-main-r1/glom__spec_eval_core__hard3_001/agent/openhands_events.jsonl,True
qwen3.6-35b-a3b-fp8,h11__message_parse_core__001,True,functional_pass,experiments/python/openhands/qwen3.6-35b-a3b-fp8/python200-prime-v2-main-r1/h11__message_parse_core__001,True,experiments/python/openhands/qwen3.6-35b-a3b-fp8/python200-prime-v2-main-r1/h11__message_parse_core__001/agent/openhands_events.jsonl,True
qwen3.6-35b-a3b-fp8,h2__frame_parse_core__001,True,functional_pass,experiments/python/openhands/qwen3.6-35b-a3b-fp8/python200-prime-v2-main-r1/h2__frame_parse_core__001,True,experiments/python/openhands/qwen3.6-35b-a3b-fp8/python200-prime-v2-main-r1/h2__frame_parse_core__001/agent/openhands_events.jsonl,True
qwen3.6-35b-a3b-fp8,hatch__project_metadata_core__hard3_001,False,public_failure,experiments/python/openhands/qwen3.6-35b-a3b-fp8/python200-prime-v2-main-r1/hatch__project_metadata_core__hard3_001,True,experiments/python/openhands/qwen3.6-35b-a3b-fp8/python200-prime-v2-main-r1/hatch__project_metadata_core__hard3_001/agent/openhands_events.jsonl,True
qwen3.6-35b-a3b-fp8,httpx__request_model_core__001,False,missing_submission,experiments/python/openhands/qwen3.6-35b-a3b-fp8/python200-prime-v2-main-r1/httpx__request_model_core__001,True,experiments/python/openhands/qwen3.6-35b-a3b-fp8/python200-prime-v2-main-r1/httpx__request_model_core__001/agent/openhands_events.jsonl,True
qwen3.6-35b-a3b-fp8,humanize__naturaltime_core__001,True,functional_pass,experiments/python/openhands/qwen3.6-35b-a3b-fp8/python200-prime-v2-main-r1/humanize__naturaltime_core__001,True,experiments/python/openhands/qwen3.6-35b-a3b-fp8/python200-prime-v2-main-r1/humanize__naturaltime_core__001/agent/openhands_events.jsonl,True
qwen3.6-35b-a3b-fp8,importlib_metadata__entry_points_core__001,False,missing_submission,experiments/python/openhands/qwen3.6-35b-a3b-fp8/python200-prime-v2-main-r1/importlib_metadata__entry_points_core__001,True,experiments/python/openhands/qwen3.6-35b-a3b-fp8/python200-prime-v2-main-r1/importlib_metadata__entry_points_core__001/agent/openhands_events.jsonl,True
qwen3.6-35b-a3b-fp8,importlib_resources__traversable_tree_core__hard3_001,False,hidden_failure,experiments/python/openhands/qwen3.6-35b-a3b-fp8/python200-prime-v2-main-r1/importlib_resources__traversable_tree_core__hard3_001,True,experiments/python/openhands/qwen3.6-35b-a3b-fp8/python200-prime-v2-main-r1/importlib_resources__traversable_tree_core__hard3_001/agent/openhands_events.jsonl,True
qwen3.6-35b-a3b-fp8,installer__wheel_record_core__hard3_001,False,hidden_failure,experiments/python/openhands/qwen3.6-35b-a3b-fp8/python200-prime-v2-main-r1/installer__wheel_record_core__hard3_001,True,experiments/python/openhands/qwen3.6-35b-a3b-fp8/python200-prime-v2-main-r1/installer__wheel_record_core__hard3_001/agent/openhands_events.jsonl,True
qwen3.6-35b-a3b-fp8,intervaltree__interval_tree_core__001,False,missing_submission,experiments/python/openhands/qwen3.6-35b-a3b-fp8/python200-prime-v2-main-r1/intervaltree__interval_tree_core__001,True,experiments/python/openhands/qwen3.6-35b-a3b-fp8/python200-prime-v2-main-r1/intervaltree__interval_tree_core__001/agent/openhands_events.jsonl,True
qwen3.6-35b-a3b-fp8,isodate__duration_parse_core__001,True,functional_pass,experiments/python/openhands/qwen3.6-35b-a3b-fp8/python200-prime-v2-main-r1/isodate__duration_parse_core__001,True,experiments/python/openhands/qwen3.6-35b-a3b-fp8/python200-prime-v2-main-r1/isodate__duration_parse_core__001/agent/openhands_events.jsonl,True
qwen3.6-35b-a3b-fp8,isort__settings_resolver_core__hard3_001,False,missing_submission,experiments/python/openhands/qwen3.6-35b-a3b-fp8/python200-prime-v2-main-r1/isort__settings_resolver_core__hard3_001,True,experiments/python/openhands/qwen3.6-35b-a3b-fp8/python200-prime-v2-main-r1/isort__settings_resolver_core__hard3_001/agent/openhands_events.jsonl,True
qwen3.6-35b-a3b-fp8,itsdangerous__timed_serializer_core__001,False,hidden_failure,experiments/python/openhands/qwen3.6-35b-a3b-fp8/python200-prime-v2-main-r1/itsdangerous__timed_serializer_core__001,True,experiments/python/openhands/qwen3.6-35b-a3b-fp8/python200-prime-v2-main-r1/itsdangerous__timed_serializer_core__001/agent/openhands_events.jsonl,True
qwen3.6-35b-a3b-fp8,jinja2__compile_render_core__001,True,functional_pass,experiments/python/openhands/qwen3.6-35b-a3b-fp8/python200-prime-v2-main-r1/jinja2__compile_render_core__001,True,experiments/python/openhands/qwen3.6-35b-a3b-fp8/python200-prime-v2-main-r1/jinja2__compile_render_core__001/agent/openhands_events.jsonl,True
qwen3.6-35b-a3b-fp8,jinja2__extensions_core__001,True,functional_pass,experiments/python/openhands/qwen3.6-35b-a3b-fp8/python200-prime-v2-main-r1/jinja2__extensions_core__001,True,experiments/python/openhands/qwen3.6-35b-a3b-fp8/python200-prime-v2-main-r1/jinja2__extensions_core__001/agent/openhands_events.jsonl,True
qwen3.6-35b-a3b-fp8,jinja2__filters_tests_core__001,True,functional_pass,experiments/python/openhands/qwen3.6-35b-a3b-fp8/python200-prime-v2-main-r1/jinja2__filters_tests_core__001,True,experiments/python/openhands/qwen3.6-35b-a3b-fp8/python200-prime-v2-main-r1/jinja2__filters_tests_core__001/agent/openhands_events.jsonl,True
qwen3.6-35b-a3b-fp8,jinja2__lexer_parser_core__001,False,public_failure,experiments/python/openhands/qwen3.6-35b-a3b-fp8/python200-prime-v2-main-r1/jinja2__lexer_parser_core__001,True,experiments/python/openhands/qwen3.6-35b-a3b-fp8/python200-prime-v2-main-r1/jinja2__lexer_parser_core__001/agent/openhands_events.jsonl,True
qwen3.6-35b-a3b-fp8,jinja2__loader_inheritance_core__001,True,functional_pass,experiments/python/openhands/qwen3.6-35b-a3b-fp8/python200-prime-v2-main-r1/jinja2__loader_inheritance_core__001,True,experiments/python/openhands/qwen3.6-35b-a3b-fp8/python200-prime-v2-main-r1/jinja2__loader_inheritance_core__001/agent/openhands_events.jsonl,True
qwen3.6-35b-a3b-fp8,json5__parse_core__001,True,functional_pass,experiments/python/openhands/qwen3.6-35b-a3b-fp8/python200-prime-v2-main-r1/json5__parse_core__001,True,experiments/python/openhands/qwen3.6-35b-a3b-fp8/python200-prime-v2-main-r1/json5__parse_core__001/agent/openhands_events.jsonl,True
qwen3.6-35b-a3b-fp8,json_logic__evaluator_core__hard3_001,False,hidden_failure,experiments/python/openhands/qwen3.6-35b-a3b-fp8/python200-prime-v2-main-r1/json_logic__evaluator_core__hard3_001,True,experiments/python/openhands/qwen3.6-35b-a3b-fp8/python200-prime-v2-main-r1/json_logic__evaluator_core__hard3_001/agent/openhands_events.jsonl,True
qwen3.6-35b-a3b-fp8,jsonpath_ng__expression_eval_core__001,False,missing_submission,experiments/python/openhands/qwen3.6-35b-a3b-fp8/python200-prime-v2-main-r1/jsonpath_ng__expression_eval_core__001,True,experiments/python/openhands/qwen3.6-35b-a3b-fp8/python200-prime-v2-main-r1/jsonpath_ng__expression_eval_core__001/agent/openhands_events.jsonl,True
qwen3.6-35b-a3b-fp8,jsonpointer__resolve_core__001,True,functional_pass,experiments/python/openhands/qwen3.6-35b-a3b-fp8/python200-prime-v2-main-r1/jsonpointer__resolve_core__001,True,experiments/python/openhands/qwen3.6-35b-a3b-fp8/python200-prime-v2-main-r1/jsonpointer__resolve_core__001/agent/openhands_events.jsonl,True
qwen3.6-35b-a3b-fp8,jsonschema__validator_core__001,False,missing_submission,experiments/python/openhands/qwen3.6-35b-a3b-fp8/python200-prime-v2-main-r1/jsonschema__validator_core__001,True,experiments/python/openhands/qwen3.6-35b-a3b-fp8/python200-prime-v2-main-r1/jsonschema__validator_core__001/agent/openhands_events.jsonl,True
qwen3.6-35b-a3b-fp8,jupyter_core__paths_resolver_core__hard3_001,False,public_failure,experiments/python/openhands/qwen3.6-35b-a3b-fp8/python200-prime-v2-main-r1/jupyter_core__paths_resolver_core__hard3_001,True,experiments/python/openhands/qwen3.6-35b-a3b-fp8/python200-prime-v2-main-r1/jupyter_core__paths_resolver_core__hard3_001/agent/openhands_events.jsonl,True
qwen3.6-35b-a3b-fp8,jupyter_server__extension_config_core__hard3_001,False,hidden_failure,experiments/python/openhands/qwen3.6-35b-a3b-fp8/python200-prime-v2-main-r1/jupyter_server__extension_config_core__hard3_001,True,experiments/python/openhands/qwen3.6-35b-a3b-fp8/python200-prime-v2-main-r1/jupyter_server__extension_config_core__hard3_001/agent/openhands_events.jsonl,True
qwen3.6-35b-a3b-fp8,keyring__backend_select_core__hard3_001,False,missing_submission,experiments/python/openhands/qwen3.6-35b-a3b-fp8/python200-prime-v2-main-r1/keyring__backend_select_core__hard3_001,True,experiments/python/openhands/qwen3.6-35b-a3b-fp8/python200-prime-v2-main-r1/keyring__backend_select_core__hard3_001/agent/openhands_events.jsonl,True
qwen3.6-35b-a3b-fp8,lark__grammar_loader_core__001,True,functional_pass,experiments/python/openhands/qwen3.6-35b-a3b-fp8/python200-prime-v2-main-r1/lark__grammar_loader_core__001,True,experiments/python/openhands/qwen3.6-35b-a3b-fp8/python200-prime-v2-main-r1/lark__grammar_loader_core__001/agent/openhands_events.jsonl,True
qwen3.6-35b-a3b-fp8,lark__parse_tree_core__001,False,build_failure,experiments/python/openhands/qwen3.6-35b-a3b-fp8/python200-prime-v2-main-r1/lark__parse_tree_core__001,True,experiments/python/openhands/qwen3.6-35b-a3b-fp8/python200-prime-v2-main-r1/lark__parse_tree_core__001/agent/openhands_events.jsonl,True
qwen3.6-35b-a3b-fp8,lark__visitor_transform_core__001,True,functional_pass,experiments/python/openhands/qwen3.6-35b-a3b-fp8/python200-prime-v2-main-r1/lark__visitor_transform_core__001,True,experiments/python/openhands/qwen3.6-35b-a3b-fp8/python200-prime-v2-main-r1/lark__visitor_transform_core__001/agent/openhands_events.jsonl,True
qwen3.6-35b-a3b-fp8,license_expression__policy_core__hard3_001,False,public_failure,experiments/python/openhands/qwen3.6-35b-a3b-fp8/python200-prime-v2-main-r1/license_expression__policy_core__hard3_001,True,experiments/python/openhands/qwen3.6-35b-a3b-fp8/python200-prime-v2-main-r1/license_expression__policy_core__hard3_001/agent/openhands_events.jsonl,True
qwen3.6-35b-a3b-fp8,mako__lexer_expression_core__001,False,public_failure,experiments/python/openhands/qwen3.6-35b-a3b-fp8/python200-prime-v2-main-r1/mako__lexer_expression_core__001,True,experiments/python/openhands/qwen3.6-35b-a3b-fp8/python200-prime-v2-main-r1/mako__lexer_expression_core__001/agent/openhands_events.jsonl,True
qwen3.6-35b-a3b-fp8,markdown__extensions_core__001,True,functional_pass,experiments/python/openhands/qwen3.6-35b-a3b-fp8/python200-prime-v2-main-r1/markdown__extensions_core__001,True,experiments/python/openhands/qwen3.6-35b-a3b-fp8/python200-prime-v2-main-r1/markdown__extensions_core__001/agent/openhands_events.jsonl,True
qwen3.6-35b-a3b-fp8,markdown_it__commonmark_render__001,True,functional_pass,experiments/python/openhands/qwen3.6-35b-a3b-fp8/python200-prime-v2-main-r1/markdown_it__commonmark_render__001,True,experiments/python/openhands/qwen3.6-35b-a3b-fp8/python200-prime-v2-main-r1/markdown_it__commonmark_render__001/agent/openhands_events.jsonl,True
qwen3.6-35b-a3b-fp8,marshmallow__schema_core__001,False,missing_submission,experiments/python/openhands/qwen3.6-35b-a3b-fp8/python200-prime-v2-main-r1/marshmallow__schema_core__001,True,experiments/python/openhands/qwen3.6-35b-a3b-fp8/python200-prime-v2-main-r1/marshmallow__schema_core__001/agent/openhands_events.jsonl,True
qwen3.6-35b-a3b-fp8,mkdocs__plugin_config_core__hard3_001,False,public_failure,experiments/python/openhands/qwen3.6-35b-a3b-fp8/python200-prime-v2-main-r1/mkdocs__plugin_config_core__hard3_001,True,experiments/python/openhands/qwen3.6-35b-a3b-fp8/python200-prime-v2-main-r1/mkdocs__plugin_config_core__hard3_001/agent/openhands_events.jsonl,True
qwen3.6-35b-a3b-fp8,msgpack__pack_unpack_core__001,False,missing_submission,experiments/python/openhands/qwen3.6-35b-a3b-fp8/python200-prime-v2-main-r1/msgpack__pack_unpack_core__001,True,experiments/python/openhands/qwen3.6-35b-a3b-fp8/python200-prime-v2-main-r1/msgpack__pack_unpack_core__001/agent/openhands_events.jsonl,True
qwen3.6-35b-a3b-fp8,multidict__multidict_mutation_core__hard3_001,False,public_failure,experiments/python/openhands/qwen3.6-35b-a3b-fp8/python200-prime-v2-main-r1/multidict__multidict_mutation_core__hard3_001,True,experiments/python/openhands/qwen3.6-35b-a3b-fp8/python200-prime-v2-main-r1/multidict__multidict_mutation_core__hard3_001/agent/openhands_events.jsonl,True
qwen3.6-35b-a3b-fp8,networkx__dag_topo_core__001,True,functional_pass,experiments/python/openhands/qwen3.6-35b-a3b-fp8/python200-prime-v2-main-r1/networkx__dag_topo_core__001,True,experiments/python/openhands/qwen3.6-35b-a3b-fp8/python200-prime-v2-main-r1/networkx__dag_topo_core__001/agent/openhands_events.jsonl,True
qwen3.6-35b-a3b-fp8,packaging__requirement_marker_specifier__001,True,functional_pass,experiments/python/openhands/qwen3.6-35b-a3b-fp8/python200-prime-v2-main-r1/packaging__requirement_marker_specifier__001,True,experiments/python/openhands/qwen3.6-35b-a3b-fp8/python200-prime-v2-main-r1/packaging__requirement_marker_specifier__001/agent/openhands_events.jsonl,True
qwen3.6-35b-a3b-fp8,parse__format_parser_core__001,True,functional_pass,experiments/python/openhands/qwen3.6-35b-a3b-fp8/python200-prime-v2-main-r1/parse__format_parser_core__001,True,experiments/python/openhands/qwen3.6-35b-a3b-fp8/python200-prime-v2-main-r1/parse__format_parser_core__001/agent/openhands_events.jsonl,True
qwen3.6-35b-a3b-fp8,parsel__selector_namespace_core__hard3_001,False,missing_submission,experiments/python/openhands/qwen3.6-35b-a3b-fp8/python200-prime-v2-main-r1/parsel__selector_namespace_core__hard3_001,True,experiments/python/openhands/qwen3.6-35b-a3b-fp8/python200-prime-v2-main-r1/parsel__selector_namespace_core__hard3_001/agent/openhands_events.jsonl,True
qwen3.6-35b-a3b-fp8,parso__python_parse_core__001,True,functional_pass,experiments/python/openhands/qwen3.6-35b-a3b-fp8/python200-prime-v2-main-r1/parso__python_parse_core__001,True,experiments/python/openhands/qwen3.6-35b-a3b-fp8/python200-prime-v2-main-r1/parso__python_parse_core__001/agent/openhands_events.jsonl,True
qwen3.6-35b-a3b-fp8,passlib__hash_context_core__001,False,hidden_failure,experiments/python/openhands/qwen3.6-35b-a3b-fp8/python200-prime-v2-main-r1/passlib__hash_context_core__001,True,experiments/python/openhands/qwen3.6-35b-a3b-fp8/python200-prime-v2-main-r1/passlib__hash_context_core__001/agent/openhands_events.jsonl,True
qwen3.6-35b-a3b-fp8,pathvalidate__sanitize_core__001,False,missing_submission,experiments/python/openhands/qwen3.6-35b-a3b-fp8/python200-prime-v2-main-r1/pathvalidate__sanitize_core__001,True,experiments/python/openhands/qwen3.6-35b-a3b-fp8/python200-prime-v2-main-r1/pathvalidate__sanitize_core__001/agent/openhands_events.jsonl,True
qwen3.6-35b-a3b-fp8,pendulum__parse_format_core__001,False,public_failure,experiments/python/openhands/qwen3.6-35b-a3b-fp8/python200-prime-v2-main-r1/pendulum__parse_format_core__001,True,experiments/python/openhands/qwen3.6-35b-a3b-fp8/python200-prime-v2-main-r1/pendulum__parse_format_core__001/agent/openhands_events.jsonl,True
qwen3.6-35b-a3b-fp8,phonenumbers__parse_format_core__001,True,functional_pass,experiments/python/openhands/qwen3.6-35b-a3b-fp8/python200-prime-v2-main-r1/phonenumbers__parse_format_core__001,True,experiments/python/openhands/qwen3.6-35b-a3b-fp8/python200-prime-v2-main-r1/phonenumbers__parse_format_core__001/agent/openhands_events.jsonl,True
qwen3.6-35b-a3b-fp8,platformdirs__app_dirs_core__hard3_001,False,missing_submission,experiments/python/openhands/qwen3.6-35b-a3b-fp8/python200-prime-v2-main-r1/platformdirs__app_dirs_core__hard3_001,True,experiments/python/openhands/qwen3.6-35b-a3b-fp8/python200-prime-v2-main-r1/platformdirs__app_dirs_core__hard3_001/agent/openhands_events.jsonl,True
qwen3.6-35b-a3b-fp8,pluggy__hook_call_order__001,True,functional_pass,experiments/python/openhands/qwen3.6-35b-a3b-fp8/python200-prime-v2-main-r1/pluggy__hook_call_order__001,True,experiments/python/openhands/qwen3.6-35b-a3b-fp8/python200-prime-v2-main-r1/pluggy__hook_call_order__001/agent/openhands_events.jsonl,True
qwen3.6-35b-a3b-fp8,pluggy__hook_specs_core__001,True,functional_pass,experiments/python/openhands/qwen3.6-35b-a3b-fp8/python200-prime-v2-main-r1/pluggy__hook_specs_core__001,True,experiments/python/openhands/qwen3.6-35b-a3b-fp8/python200-prime-v2-main-r1/pluggy__hook_specs_core__001/agent/openhands_events.jsonl,True
qwen3.6-35b-a3b-fp8,pluggy__hook_wrapper_core__hard3_001,False,missing_submission,experiments/python/openhands/qwen3.6-35b-a3b-fp8/python200-prime-v2-main-r1/pluggy__hook_wrapper_core__hard3_001,True,experiments/python/openhands/qwen3.6-35b-a3b-fp8/python200-prime-v2-main-r1/pluggy__hook_wrapper_core__hard3_001/agent/openhands_events.jsonl,True
qwen3.6-35b-a3b-fp8,poetry_core__dependency_groups_core__hard3_001,False,public_failure,experiments/python/openhands/qwen3.6-35b-a3b-fp8/python200-prime-v2-main-r1/poetry_core__dependency_groups_core__hard3_001,True,experiments/python/openhands/qwen3.6-35b-a3b-fp8/python200-prime-v2-main-r1/poetry_core__dependency_groups_core__hard3_001/agent/openhands_events.jsonl,True
qwen3.6-35b-a3b-fp8,pydantic__field_validator_core__hard3_001,True,functional_pass,experiments/python/openhands/qwen3.6-35b-a3b-fp8/python200-prime-v2-main-r1/pydantic__field_validator_core__hard3_001,True,experiments/python/openhands/qwen3.6-35b-a3b-fp8/python200-prime-v2-main-r1/pydantic__field_validator_core__hard3_001/agent/openhands_events.jsonl,True
qwen3.6-35b-a3b-fp8,pydantic_settings__env_source_core__001,True,functional_pass,experiments/python/openhands/qwen3.6-35b-a3b-fp8/python200-prime-v2-main-r1/pydantic_settings__env_source_core__001,True,experiments/python/openhands/qwen3.6-35b-a3b-fp8/python200-prime-v2-main-r1/pydantic_settings__env_source_core__001/agent/openhands_events.jsonl,True
qwen3.6-35b-a3b-fp8,pydantic_v1__validation_error_core__001,False,missing_submission,experiments/python/openhands/qwen3.6-35b-a3b-fp8/python200-prime-v2-main-r1/pydantic_v1__validation_error_core__001,True,experiments/python/openhands/qwen3.6-35b-a3b-fp8/python200-prime-v2-main-r1/pydantic_v1__validation_error_core__001/agent/openhands_events.jsonl,True
qwen3.6-35b-a3b-fp8,pygments__formatter_core__001,False,public_failure,experiments/python/openhands/qwen3.6-35b-a3b-fp8/python200-prime-v2-main-r1/pygments__formatter_core__001,True,experiments/python/openhands/qwen3.6-35b-a3b-fp8/python200-prime-v2-main-r1/pygments__formatter_core__001/agent/openhands_events.jsonl,True
qwen3.6-35b-a3b-fp8,pygments__lexer_core__001,False,missing_submission,experiments/python/openhands/qwen3.6-35b-a3b-fp8/python200-prime-v2-main-r1/pygments__lexer_core__001,True,experiments/python/openhands/qwen3.6-35b-a3b-fp8/python200-prime-v2-main-r1/pygments__lexer_core__001/agent/openhands_events.jsonl,True
qwen3.6-35b-a3b-fp8,pyramid__configurator_action_core__hard3_001,True,functional_pass,experiments/python/openhands/qwen3.6-35b-a3b-fp8/python200-prime-v2-main-r1/pyramid__configurator_action_core__hard3_001,True,experiments/python/openhands/qwen3.6-35b-a3b-fp8/python200-prime-v2-main-r1/pyramid__configurator_action_core__hard3_001/agent/openhands_events.jsonl,True
qwen3.6-35b-a3b-fp8,pytest__fixture_resolve_core__001,True,functional_pass,experiments/python/openhands/qwen3.6-35b-a3b-fp8/python200-prime-v2-main-r1/pytest__fixture_resolve_core__001,True,experiments/python/openhands/qwen3.6-35b-a3b-fp8/python200-prime-v2-main-r1/pytest__fixture_resolve_core__001/agent/openhands_events.jsonl,True
qwen3.6-35b-a3b-fp8,pytest__ini_markers_core__001,False,hidden_failure,experiments/python/openhands/qwen3.6-35b-a3b-fp8/python200-prime-v2-main-r1/pytest__ini_markers_core__001,True,experiments/python/openhands/qwen3.6-35b-a3b-fp8/python200-prime-v2-main-r1/pytest__ini_markers_core__001/agent/openhands_events.jsonl,True
qwen3.6-35b-a3b-fp8,pytest__mark_expression_core__001,True,functional_pass,experiments/python/openhands/qwen3.6-35b-a3b-fp8/python200-prime-v2-main-r1/pytest__mark_expression_core__001,True,experiments/python/openhands/qwen3.6-35b-a3b-fp8/python200-prime-v2-main-r1/pytest__mark_expression_core__001/agent/openhands_events.jsonl,True
qwen3.6-35b-a3b-fp8,pytest__marker_registry_core__hard3_001,False,hidden_failure,experiments/python/openhands/qwen3.6-35b-a3b-fp8/python200-prime-v2-main-r1/pytest__marker_registry_core__hard3_001,True,experiments/python/openhands/qwen3.6-35b-a3b-fp8/python200-prime-v2-main-r1/pytest__marker_registry_core__hard3_001/agent/openhands_events.jsonl,True
qwen3.6-35b-a3b-fp8,pytest__skipif_eval_core__001,True,functional_pass,experiments/python/openhands/qwen3.6-35b-a3b-fp8/python200-prime-v2-main-r1/pytest__skipif_eval_core__001,True,experiments/python/openhands/qwen3.6-35b-a3b-fp8/python200-prime-v2-main-r1/pytest__skipif_eval_core__001/agent/openhands_events.jsonl,True
qwen3.6-35b-a3b-fp8,python_box__config_box_core__001,True,functional_pass,experiments/python/openhands/qwen3.6-35b-a3b-fp8/python200-prime-v2-main-r1/python_box__config_box_core__001,True,experiments/python/openhands/qwen3.6-35b-a3b-fp8/python200-prime-v2-main-r1/python_box__config_box_core__001/agent/openhands_events.jsonl,True
qwen3.6-35b-a3b-fp8,python_dateutil__relativedelta_core__001,True,functional_pass,experiments/python/openhands/qwen3.6-35b-a3b-fp8/python200-prime-v2-main-r1/python_dateutil__relativedelta_core__001,True,experiments/python/openhands/qwen3.6-35b-a3b-fp8/python200-prime-v2-main-r1/python_dateutil__relativedelta_core__001/agent/openhands_events.jsonl,True
qwen3.6-35b-a3b-fp8,python_dateutil__rrule_core__001,True,functional_pass,experiments/python/openhands/qwen3.6-35b-a3b-fp8/python200-prime-v2-main-r1/python_dateutil__rrule_core__001,True,experiments/python/openhands/qwen3.6-35b-a3b-fp8/python200-prime-v2-main-r1/python_dateutil__rrule_core__001/agent/openhands_events.jsonl,True
qwen3.6-35b-a3b-fp8,python_decouple__config_repository_core__001,False,hidden_failure,experiments/python/openhands/qwen3.6-35b-a3b-fp8/python200-prime-v2-main-r1/python_decouple__config_repository_core__001,True,experiments/python/openhands/qwen3.6-35b-a3b-fp8/python200-prime-v2-main-r1/python_decouple__config_repository_core__001/agent/openhands_events.jsonl,True
qwen3.6-35b-a3b-fp8,python_dotenv__env_parse_core__001,True,functional_pass,experiments/python/openhands/qwen3.6-35b-a3b-fp8/python200-prime-v2-main-r1/python_dotenv__env_parse_core__001,True,experiments/python/openhands/qwen3.6-35b-a3b-fp8/python200-prime-v2-main-r1/python_dotenv__env_parse_core__001/agent/openhands_events.jsonl,True
qwen3.6-35b-a3b-fp8,python_frontmatter__roundtrip_core__001,True,functional_pass,experiments/python/openhands/qwen3.6-35b-a3b-fp8/python200-prime-v2-main-r1/python_frontmatter__roundtrip_core__001,True,experiments/python/openhands/qwen3.6-35b-a3b-fp8/python200-prime-v2-main-r1/python_frontmatter__roundtrip_core__001/agent/openhands_events.jsonl,True
qwen3.6-35b-a3b-fp8,python_multipart__form_parse_core__001,True,functional_pass,experiments/python/openhands/qwen3.6-35b-a3b-fp8/python200-prime-v2-main-r1/python_multipart__form_parse_core__001,True,experiments/python/openhands/qwen3.6-35b-a3b-fp8/python200-prime-v2-main-r1/python_multipart__form_parse_core__001/agent/openhands_events.jsonl,True
qwen3.6-35b-a3b-fp8,pyyaml__safe_load_dump__001,True,functional_pass,experiments/python/openhands/qwen3.6-35b-a3b-fp8/python200-prime-v2-main-r1/pyyaml__safe_load_dump__001,True,experiments/python/openhands/qwen3.6-35b-a3b-fp8/python200-prime-v2-main-r1/pyyaml__safe_load_dump__001/agent/openhands_events.jsonl,True
qwen3.6-35b-a3b-fp8,readme_renderer__content_type_core__hard3_001,False,build_failure,experiments/python/openhands/qwen3.6-35b-a3b-fp8/python200-prime-v2-main-r1/readme_renderer__content_type_core__hard3_001,True,experiments/python/openhands/qwen3.6-35b-a3b-fp8/python200-prime-v2-main-r1/readme_renderer__content_type_core__hard3_001/agent/openhands_events.jsonl,True
qwen3.6-35b-a3b-fp8,redis__resp_parser_core__001,True,functional_pass,experiments/python/openhands/qwen3.6-35b-a3b-fp8/python200-prime-v2-main-r1/redis__resp_parser_core__001,True,experiments/python/openhands/qwen3.6-35b-a3b-fp8/python200-prime-v2-main-r1/redis__resp_parser_core__001/agent/openhands_events.jsonl,True
qwen3.6-35b-a3b-fp8,referencing__json_schema_refs_core__001,True,functional_pass,experiments/python/openhands/qwen3.6-35b-a3b-fp8/python200-prime-v2-main-r1/referencing__json_schema_refs_core__001,True,experiments/python/openhands/qwen3.6-35b-a3b-fp8/python200-prime-v2-main-r1/referencing__json_schema_refs_core__001/agent/openhands_events.jsonl,True
qwen3.6-35b-a3b-fp8,requests_cache__cache_key_core__hard3_001,False,hidden_failure,experiments/python/openhands/qwen3.6-35b-a3b-fp8/python200-prime-v2-main-r1/requests_cache__cache_key_core__hard3_001,True,experiments/python/openhands/qwen3.6-35b-a3b-fp8/python200-prime-v2-main-r1/requests_cache__cache_key_core__hard3_001/agent/openhands_events.jsonl,True
qwen3.6-35b-a3b-fp8,responses__request_matcher_core__hard3_001,False,hidden_failure,experiments/python/openhands/qwen3.6-35b-a3b-fp8/python200-prime-v2-main-r1/responses__request_matcher_core__hard3_001,True,experiments/python/openhands/qwen3.6-35b-a3b-fp8/python200-prime-v2-main-r1/responses__request_matcher_core__hard3_001/agent/openhands_events.jsonl,True
qwen3.6-35b-a3b-fp8,returns__result_pipeline_core__hard3_001,False,hidden_failure,experiments/python/openhands/qwen3.6-35b-a3b-fp8/python200-prime-v2-main-r1/returns__result_pipeline_core__hard3_001,True,experiments/python/openhands/qwen3.6-35b-a3b-fp8/python200-prime-v2-main-r1/returns__result_pipeline_core__hard3_001/agent/openhands_events.jsonl,True
qwen3.6-35b-a3b-fp8,rfc3986__uri_parse_core__001,True,functional_pass,experiments/python/openhands/qwen3.6-35b-a3b-fp8/python200-prime-v2-main-r1/rfc3986__uri_parse_core__001,True,experiments/python/openhands/qwen3.6-35b-a3b-fp8/python200-prime-v2-main-r1/rfc3986__uri_parse_core__001/agent/openhands_events.jsonl,True
qwen3.6-35b-a3b-fp8,rich__markup_parse_core__001,True,functional_pass,experiments/python/openhands/qwen3.6-35b-a3b-fp8/python200-prime-v2-main-r1/rich__markup_parse_core__001,True,experiments/python/openhands/qwen3.6-35b-a3b-fp8/python200-prime-v2-main-r1/rich__markup_parse_core__001/agent/openhands_events.jsonl,True
qwen3.6-35b-a3b-fp8,ruamel_yaml__roundtrip_core__001,True,functional_pass,experiments/python/openhands/qwen3.6-35b-a3b-fp8/python200-prime-v2-main-r1/ruamel_yaml__roundtrip_core__001,True,experiments/python/openhands/qwen3.6-35b-a3b-fp8/python200-prime-v2-main-r1/ruamel_yaml__roundtrip_core__001/agent/openhands_events.jsonl,True
qwen3.6-35b-a3b-fp8,schema__nested_validate_core__hard3_001,False,hidden_failure,experiments/python/openhands/qwen3.6-35b-a3b-fp8/python200-prime-v2-main-r1/schema__nested_validate_core__hard3_001,True,experiments/python/openhands/qwen3.6-35b-a3b-fp8/python200-prime-v2-main-r1/schema__nested_validate_core__hard3_001/agent/openhands_events.jsonl,True
qwen3.6-35b-a3b-fp8,scrapy__item_loader_core__hard3_001,False,public_failure,experiments/python/openhands/qwen3.6-35b-a3b-fp8/python200-prime-v2-main-r1/scrapy__item_loader_core__hard3_001,True,experiments/python/openhands/qwen3.6-35b-a3b-fp8/python200-prime-v2-main-r1/scrapy__item_loader_core__hard3_001/agent/openhands_events.jsonl,True
qwen3.6-35b-a3b-fp8,setuptools_scm__version_normalize_core__hard3_001,False,public_failure,experiments/python/openhands/qwen3.6-35b-a3b-fp8/python200-prime-v2-main-r1/setuptools_scm__version_normalize_core__hard3_001,True,experiments/python/openhands/qwen3.6-35b-a3b-fp8/python200-prime-v2-main-r1/setuptools_scm__version_normalize_core__hard3_001/agent/openhands_events.jsonl,True
qwen3.6-35b-a3b-fp8,sortedcontainers__sorted_list_core__001,False,hidden_failure,experiments/python/openhands/qwen3.6-35b-a3b-fp8/python200-prime-v2-main-r1/sortedcontainers__sorted_list_core__001,True,experiments/python/openhands/qwen3.6-35b-a3b-fp8/python200-prime-v2-main-r1/sortedcontainers__sorted_list_core__001/agent/openhands_events.jsonl,True
qwen3.6-35b-a3b-fp8,sphinx__extension_registry_core__hard3_001,False,public_failure,experiments/python/openhands/qwen3.6-35b-a3b-fp8/python200-prime-v2-main-r1/sphinx__extension_registry_core__hard3_001,True,experiments/python/openhands/qwen3.6-35b-a3b-fp8/python200-prime-v2-main-r1/sphinx__extension_registry_core__hard3_001/agent/openhands_events.jsonl,True
qwen3.6-35b-a3b-fp8,sqlalchemy__event_dispatch_core__hard3_001,True,functional_pass,experiments/python/openhands/qwen3.6-35b-a3b-fp8/python200-prime-v2-main-r1/sqlalchemy__event_dispatch_core__hard3_001,True,experiments/python/openhands/qwen3.6-35b-a3b-fp8/python200-prime-v2-main-r1/sqlalchemy__event_dispatch_core__hard3_001/agent/openhands_events.jsonl,True
qwen3.6-35b-a3b-fp8,sqlparse__format_filters_core__001,True,functional_pass,experiments/python/openhands/qwen3.6-35b-a3b-fp8/python200-prime-v2-main-r1/sqlparse__format_filters_core__001,True,experiments/python/openhands/qwen3.6-35b-a3b-fp8/python200-prime-v2-main-r1/sqlparse__format_filters_core__001/agent/openhands_events.jsonl,True
qwen3.6-35b-a3b-fp8,sqlparse__parse_format_core__001,False,build_failure,experiments/python/openhands/qwen3.6-35b-a3b-fp8/python200-prime-v2-main-r1/sqlparse__parse_format_core__001,True,experiments/python/openhands/qwen3.6-35b-a3b-fp8/python200-prime-v2-main-r1/sqlparse__parse_format_core__001/agent/openhands_events.jsonl,True
qwen3.6-35b-a3b-fp8,sqlparse__parse_split_core__001,True,functional_pass,experiments/python/openhands/qwen3.6-35b-a3b-fp8/python200-prime-v2-main-r1/sqlparse__parse_split_core__001,True,experiments/python/openhands/qwen3.6-35b-a3b-fp8/python200-prime-v2-main-r1/sqlparse__parse_split_core__001/agent/openhands_events.jsonl,True
qwen3.6-35b-a3b-fp8,sqlparse__token_tree_core__001,False,missing_submission,experiments/python/openhands/qwen3.6-35b-a3b-fp8/python200-prime-v2-main-r1/sqlparse__token_tree_core__001,True,experiments/python/openhands/qwen3.6-35b-a3b-fp8/python200-prime-v2-main-r1/sqlparse__token_tree_core__001/agent/openhands_events.jsonl,True
qwen3.6-35b-a3b-fp8,starlette__route_matching_core__hard3_001,False,hidden_failure,experiments/python/openhands/qwen3.6-35b-a3b-fp8/python200-prime-v2-main-r1/starlette__route_matching_core__hard3_001,True,experiments/python/openhands/qwen3.6-35b-a3b-fp8/python200-prime-v2-main-r1/starlette__route_matching_core__hard3_001/agent/openhands_events.jsonl,True
qwen3.6-35b-a3b-fp8,stevedore__extension_manager_core__hard3_001,True,functional_pass,experiments/python/openhands/qwen3.6-35b-a3b-fp8/python200-prime-v2-main-r1/stevedore__extension_manager_core__hard3_001,True,experiments/python/openhands/qwen3.6-35b-a3b-fp8/python200-prime-v2-main-r1/stevedore__extension_manager_core__hard3_001/agent/openhands_events.jsonl,True
qwen3.6-35b-a3b-fp8,tabulate__table_format_core__001,False,public_failure,experiments/python/openhands/qwen3.6-35b-a3b-fp8/python200-prime-v2-main-r1/tabulate__table_format_core__001,True,experiments/python/openhands/qwen3.6-35b-a3b-fp8/python200-prime-v2-main-r1/tabulate__table_format_core__001/agent/openhands_events.jsonl,True
qwen3.6-35b-a3b-fp8,tenacity__retry_state_core__hard3_001,False,missing_submission,experiments/python/openhands/qwen3.6-35b-a3b-fp8/python200-prime-v2-main-r1/tenacity__retry_state_core__hard3_001,True,experiments/python/openhands/qwen3.6-35b-a3b-fp8/python200-prime-v2-main-r1/tenacity__retry_state_core__hard3_001/agent/openhands_events.jsonl,True
qwen3.6-35b-a3b-fp8,tomlkit__roundtrip_document__001,True,functional_pass,experiments/python/openhands/qwen3.6-35b-a3b-fp8/python200-prime-v2-main-r1/tomlkit__roundtrip_document__001,True,experiments/python/openhands/qwen3.6-35b-a3b-fp8/python200-prime-v2-main-r1/tomlkit__roundtrip_document__001/agent/openhands_events.jsonl,True
qwen3.6-35b-a3b-fp8,tox__factor_expression_core__hard3_001,False,missing_submission,experiments/python/openhands/qwen3.6-35b-a3b-fp8/python200-prime-v2-main-r1/tox__factor_expression_core__hard3_001,True,experiments/python/openhands/qwen3.6-35b-a3b-fp8/python200-prime-v2-main-r1/tox__factor_expression_core__hard3_001/agent/openhands_events.jsonl,True
qwen3.6-35b-a3b-fp8,trafaret__validation_rules_core__hard3_001,False,missing_submission,experiments/python/openhands/qwen3.6-35b-a3b-fp8/python200-prime-v2-main-r1/trafaret__validation_rules_core__hard3_001,True,experiments/python/openhands/qwen3.6-35b-a3b-fp8/python200-prime-v2-main-r1/trafaret__validation_rules_core__hard3_001/agent/openhands_events.jsonl,True
qwen3.6-35b-a3b-fp8,transitions__state_machine_core__hard3_001,True,functional_pass,experiments/python/openhands/qwen3.6-35b-a3b-fp8/python200-prime-v2-main-r1/transitions__state_machine_core__hard3_001,True,experiments/python/openhands/qwen3.6-35b-a3b-fp8/python200-prime-v2-main-r1/transitions__state_machine_core__hard3_001/agent/openhands_events.jsonl,True
qwen3.6-35b-a3b-fp8,typer__command_parser_core__001,False,public_failure,experiments/python/openhands/qwen3.6-35b-a3b-fp8/python200-prime-v2-main-r1/typer__command_parser_core__001,True,experiments/python/openhands/qwen3.6-35b-a3b-fp8/python200-prime-v2-main-r1/typer__command_parser_core__001/agent/openhands_events.jsonl,True
qwen3.6-35b-a3b-fp8,urllib3__retry_backoff_core__001,True,functional_pass,experiments/python/openhands/qwen3.6-35b-a3b-fp8/python200-prime-v2-main-r1/urllib3__retry_backoff_core__001,True,experiments/python/openhands/qwen3.6-35b-a3b-fp8/python200-prime-v2-main-r1/urllib3__retry_backoff_core__001/agent/openhands_events.jsonl,True
qwen3.6-35b-a3b-fp8,virtualenv__interpreter_spec_core__hard3_001,False,missing_submission,experiments/python/openhands/qwen3.6-35b-a3b-fp8/python200-prime-v2-main-r1/virtualenv__interpreter_spec_core__hard3_001,True,experiments/python/openhands/qwen3.6-35b-a3b-fp8/python200-prime-v2-main-r1/virtualenv__interpreter_spec_core__hard3_001/agent/openhands_events.jsonl,True
qwen3.6-35b-a3b-fp8,voluptuous__schema_validate_core__001,True,functional_pass,experiments/python/openhands/qwen3.6-35b-a3b-fp8/python200-prime-v2-main-r1/voluptuous__schema_validate_core__001,True,experiments/python/openhands/qwen3.6-35b-a3b-fp8/python200-prime-v2-main-r1/voluptuous__schema_validate_core__001/agent/openhands_events.jsonl,True
qwen3.6-35b-a3b-fp8,websockets__handshake_parse_core__001,False,public_failure,experiments/python/openhands/qwen3.6-35b-a3b-fp8/python200-prime-v2-main-r1/websockets__handshake_parse_core__001,True,experiments/python/openhands/qwen3.6-35b-a3b-fp8/python200-prime-v2-main-r1/websockets__handshake_parse_core__001/agent/openhands_events.jsonl,True
qwen3.6-35b-a3b-fp8,werkzeug__routing_core__001,True,functional_pass,experiments/python/openhands/qwen3.6-35b-a3b-fp8/python200-prime-v2-main-r1/werkzeug__routing_core__001,True,experiments/python/openhands/qwen3.6-35b-a3b-fp8/python200-prime-v2-main-r1/werkzeug__routing_core__001/agent/openhands_events.jsonl,True
qwen3.6-35b-a3b-fp8,wheel__metadata_normalize_core__hard3_001,True,functional_pass,experiments/python/openhands/qwen3.6-35b-a3b-fp8/python200-prime-v2-main-r1/wheel__metadata_normalize_core__hard3_001,True,experiments/python/openhands/qwen3.6-35b-a3b-fp8/python200-prime-v2-main-r1/wheel__metadata_normalize_core__hard3_001/agent/openhands_events.jsonl,True
qwen3.6-35b-a3b-fp8,wsproto__frame_parse_core__001,True,functional_pass,experiments/python/openhands/qwen3.6-35b-a3b-fp8/python200-prime-v2-main-r1/wsproto__frame_parse_core__001,True,experiments/python/openhands/qwen3.6-35b-a3b-fp8/python200-prime-v2-main-r1/wsproto__frame_parse_core__001/agent/openhands_events.jsonl,True
qwen3.6-35b-a3b-fp8,xmltodict__xml_parse_core__001,True,functional_pass,experiments/python/openhands/qwen3.6-35b-a3b-fp8/python200-prime-v2-main-r1/xmltodict__xml_parse_core__001,True,experiments/python/openhands/qwen3.6-35b-a3b-fp8/python200-prime-v2-main-r1/xmltodict__xml_parse_core__001/agent/openhands_events.jsonl,True
qwen3.6-35b-a3b-fp8,yamale__schema_validate_core__hard3_001,False,missing_submission,experiments/python/openhands/qwen3.6-35b-a3b-fp8/python200-prime-v2-main-r1/yamale__schema_validate_core__hard3_001,True,experiments/python/openhands/qwen3.6-35b-a3b-fp8/python200-prime-v2-main-r1/yamale__schema_validate_core__hard3_001/agent/openhands_events.jsonl,True
qwen3.6-35b-a3b-fp8,yarl__url_model_core__001,False,public_failure,experiments/python/openhands/qwen3.6-35b-a3b-fp8/python200-prime-v2-main-r1/yarl__url_model_core__001,True,experiments/python/openhands/qwen3.6-35b-a3b-fp8/python200-prime-v2-main-r1/yarl__url_model_core__001/agent/openhands_events.jsonl,True
gpt-oss-120b,aiohttp__url_params_core__hard3_001,False,hidden_failure,experiments/python/openhands/gpt-oss-120b/python200-prime-v2-main-r1/aiohttp__url_params_core__hard3_001,True,experiments/python/openhands/gpt-oss-120b/python200-prime-v2-main-r1/aiohttp__url_params_core__hard3_001/agent/openhands_events.jsonl,True
gpt-oss-120b,alembic__revision_map_core__hard3_001,False,public_failure,experiments/python/openhands/gpt-oss-120b/python200-prime-v2-main-r1/alembic__revision_map_core__hard3_001,True,experiments/python/openhands/gpt-oss-120b/python200-prime-v2-main-r1/alembic__revision_map_core__hard3_001/agent/openhands_events.jsonl,True
gpt-oss-120b,apscheduler__cron_trigger_core__hard3_001,True,functional_pass,experiments/python/openhands/gpt-oss-120b/python200-prime-v2-main-r1/apscheduler__cron_trigger_core__hard3_001,True,experiments/python/openhands/gpt-oss-120b/python200-prime-v2-main-r1/apscheduler__cron_trigger_core__hard3_001/agent/openhands_events.jsonl,True
gpt-oss-120b,arrow__parse_format_core__001,False,public_failure,experiments/python/openhands/gpt-oss-120b/python200-prime-v2-main-r1/arrow__parse_format_core__001,True,experiments/python/openhands/gpt-oss-120b/python200-prime-v2-main-r1/arrow__parse_format_core__001/agent/openhands_events.jsonl,True
gpt-oss-120b,astroid__nodes_core__001,False,public_failure,experiments/python/openhands/gpt-oss-120b/python200-prime-v2-main-r1/astroid__nodes_core__001,True,experiments/python/openhands/gpt-oss-120b/python200-prime-v2-main-r1/astroid__nodes_core__001/agent/openhands_events.jsonl,True
gpt-oss-120b,attrs__validators_core__001,False,public_failure,experiments/python/openhands/gpt-oss-120b/python200-prime-v2-main-r1/attrs__validators_core__001,True,experiments/python/openhands/gpt-oss-120b/python200-prime-v2-main-r1/attrs__validators_core__001/agent/openhands_events.jsonl,True
gpt-oss-120b,babel__plural_core__001,False,hidden_failure,experiments/python/openhands/gpt-oss-120b/python200-prime-v2-main-r1/babel__plural_core__001,True,experiments/python/openhands/gpt-oss-120b/python200-prime-v2-main-r1/babel__plural_core__001/agent/openhands_events.jsonl,True
gpt-oss-120b,bidict__bidirectional_map_core__001,True,functional_pass,experiments/python/openhands/gpt-oss-120b/python200-prime-v2-main-r1/bidict__bidirectional_map_core__001,True,experiments/python/openhands/gpt-oss-120b/python200-prime-v2-main-r1/bidict__bidirectional_map_core__001/agent/openhands_events.jsonl,True
gpt-oss-120b,bleach__sanitize_core__001,False,public_failure,experiments/python/openhands/gpt-oss-120b/python200-prime-v2-main-r1/bleach__sanitize_core__001,True,experiments/python/openhands/gpt-oss-120b/python200-prime-v2-main-r1/bleach__sanitize_core__001/agent/openhands_events.jsonl,True
gpt-oss-120b,blinker__signal_registry_core__001,False,build_failure,experiments/python/openhands/gpt-oss-120b/python200-prime-v2-main-r1/blinker__signal_registry_core__001,True,experiments/python/openhands/gpt-oss-120b/python200-prime-v2-main-r1/blinker__signal_registry_core__001/agent/openhands_events.jsonl,True
gpt-oss-120b,boltons__iterutils_core__001,True,functional_pass,experiments/python/openhands/gpt-oss-120b/python200-prime-v2-main-r1/boltons__iterutils_core__001,True,experiments/python/openhands/gpt-oss-120b/python200-prime-v2-main-r1/boltons__iterutils_core__001/agent/openhands_events.jsonl,True
gpt-oss-120b,build__pyproject_backend_core__hard3_001,False,public_failure,experiments/python/openhands/gpt-oss-120b/python200-prime-v2-main-r1/build__pyproject_backend_core__hard3_001,True,experiments/python/openhands/gpt-oss-120b/python200-prime-v2-main-r1/build__pyproject_backend_core__hard3_001/agent/openhands_events.jsonl,True
gpt-oss-120b,cachetools__cache_eviction_core__001,True,functional_pass,experiments/python/openhands/gpt-oss-120b/python200-prime-v2-main-r1/cachetools__cache_eviction_core__001,True,experiments/python/openhands/gpt-oss-120b/python200-prime-v2-main-r1/cachetools__cache_eviction_core__001/agent/openhands_events.jsonl,True
gpt-oss-120b,cattrs__structure_core__001,False,public_failure,experiments/python/openhands/gpt-oss-120b/python200-prime-v2-main-r1/cattrs__structure_core__001,True,experiments/python/openhands/gpt-oss-120b/python200-prime-v2-main-r1/cattrs__structure_core__001/agent/openhands_events.jsonl,True
gpt-oss-120b,celery__signal_dispatch_core__hard3_001,False,public_failure,experiments/python/openhands/gpt-oss-120b/python200-prime-v2-main-r1/celery__signal_dispatch_core__hard3_001,True,experiments/python/openhands/gpt-oss-120b/python200-prime-v2-main-r1/celery__signal_dispatch_core__hard3_001/agent/openhands_events.jsonl,True
gpt-oss-120b,cerberus__schema_validate_core__001,False,public_failure,experiments/python/openhands/gpt-oss-120b/python200-prime-v2-main-r1/cerberus__schema_validate_core__001,True,experiments/python/openhands/gpt-oss-120b/python200-prime-v2-main-r1/cerberus__schema_validate_core__001/agent/openhands_events.jsonl,True
gpt-oss-120b,chameleon__template_compile_core__001,False,build_failure,experiments/python/openhands/gpt-oss-120b/python200-prime-v2-main-r1/chameleon__template_compile_core__001,True,experiments/python/openhands/gpt-oss-120b/python200-prime-v2-main-r1/chameleon__template_compile_core__001/agent/openhands_events.jsonl,True
gpt-oss-120b,click__lazy_command_core__hard3_001,False,public_failure,experiments/python/openhands/gpt-oss-120b/python200-prime-v2-main-r1/click__lazy_command_core__hard3_001,True,experiments/python/openhands/gpt-oss-120b/python200-prime-v2-main-r1/click__lazy_command_core__hard3_001/agent/openhands_events.jsonl,True
gpt-oss-120b,click__option_parser__001,False,public_failure,experiments/python/openhands/gpt-oss-120b/python200-prime-v2-main-r1/click__option_parser__001,True,experiments/python/openhands/gpt-oss-120b/python200-prime-v2-main-r1/click__option_parser__001/agent/openhands_events.jsonl,True
gpt-oss-120b,configobj__roundtrip_config_core__001,False,public_failure,experiments/python/openhands/gpt-oss-120b/python200-prime-v2-main-r1/configobj__roundtrip_config_core__001,True,experiments/python/openhands/gpt-oss-120b/python200-prime-v2-main-r1/configobj__roundtrip_config_core__001/agent/openhands_events.jsonl,True
gpt-oss-120b,cookiecutter__repo_finder_core__hard3_001,False,public_failure,experiments/python/openhands/gpt-oss-120b/python200-prime-v2-main-r1/cookiecutter__repo_finder_core__hard3_001,True,experiments/python/openhands/gpt-oss-120b/python200-prime-v2-main-r1/cookiecutter__repo_finder_core__hard3_001/agent/openhands_events.jsonl,True
gpt-oss-120b,coverage__config_merge_core__001,False,hidden_failure,experiments/python/openhands/gpt-oss-120b/python200-prime-v2-main-r1/coverage__config_merge_core__001,True,experiments/python/openhands/gpt-oss-120b/python200-prime-v2-main-r1/coverage__config_merge_core__001/agent/openhands_events.jsonl,True
gpt-oss-120b,coverage__glob_matcher_core__001,True,functional_pass,experiments/python/openhands/gpt-oss-120b/python200-prime-v2-main-r1/coverage__glob_matcher_core__001,True,experiments/python/openhands/gpt-oss-120b/python200-prime-v2-main-r1/coverage__glob_matcher_core__001/agent/openhands_events.jsonl,True
gpt-oss-120b,coverage__path_remap_core__001,True,functional_pass,experiments/python/openhands/gpt-oss-120b/python200-prime-v2-main-r1/coverage__path_remap_core__001,True,experiments/python/openhands/gpt-oss-120b/python200-prime-v2-main-r1/coverage__path_remap_core__001/agent/openhands_events.jsonl,True
gpt-oss-120b,coverage__report_core__001,False,public_failure,experiments/python/openhands/gpt-oss-120b/python200-prime-v2-main-r1/coverage__report_core__001,True,experiments/python/openhands/gpt-oss-120b/python200-prime-v2-main-r1/coverage__report_core__001/agent/openhands_events.jsonl,True
gpt-oss-120b,coverage__source_selection_core__001,False,hidden_failure,experiments/python/openhands/gpt-oss-120b/python200-prime-v2-main-r1/coverage__source_selection_core__001,True,experiments/python/openhands/gpt-oss-120b/python200-prime-v2-main-r1/coverage__source_selection_core__001/agent/openhands_events.jsonl,True
gpt-oss-120b,croniter__cron_parse_core__001,False,public_failure,experiments/python/openhands/gpt-oss-120b/python200-prime-v2-main-r1/croniter__cron_parse_core__001,True,experiments/python/openhands/gpt-oss-120b/python200-prime-v2-main-r1/croniter__cron_parse_core__001/agent/openhands_events.jsonl,True
gpt-oss-120b,dataclasses_json__serde_core__001,False,public_failure,experiments/python/openhands/gpt-oss-120b/python200-prime-v2-main-r1/dataclasses_json__serde_core__001,True,experiments/python/openhands/gpt-oss-120b/python200-prime-v2-main-r1/dataclasses_json__serde_core__001/agent/openhands_events.jsonl,True
gpt-oss-120b,dateutil__zone_resolver_core__hard3_001,False,hidden_failure,experiments/python/openhands/gpt-oss-120b/python200-prime-v2-main-r1/dateutil__zone_resolver_core__hard3_001,True,experiments/python/openhands/gpt-oss-120b/python200-prime-v2-main-r1/dateutil__zone_resolver_core__hard3_001/agent/openhands_events.jsonl,True
gpt-oss-120b,decorator__signature_preserving_core__001,False,public_failure,experiments/python/openhands/gpt-oss-120b/python200-prime-v2-main-r1/decorator__signature_preserving_core__001,True,experiments/python/openhands/gpt-oss-120b/python200-prime-v2-main-r1/decorator__signature_preserving_core__001/agent/openhands_events.jsonl,True
gpt-oss-120b,deepdiff__deep_compare_core__001,False,public_failure,experiments/python/openhands/gpt-oss-120b/python200-prime-v2-main-r1/deepdiff__deep_compare_core__001,True,experiments/python/openhands/gpt-oss-120b/python200-prime-v2-main-r1/deepdiff__deep_compare_core__001/agent/openhands_events.jsonl,True
gpt-oss-120b,diskcache__eviction_policy_core__hard3_001,True,functional_pass,experiments/python/openhands/gpt-oss-120b/python200-prime-v2-main-r1/diskcache__eviction_policy_core__hard3_001,True,experiments/python/openhands/gpt-oss-120b/python200-prime-v2-main-r1/diskcache__eviction_policy_core__hard3_001/agent/openhands_events.jsonl,True
gpt-oss-120b,distlib__wheel_metadata_core__hard3_001,True,functional_pass,experiments/python/openhands/gpt-oss-120b/python200-prime-v2-main-r1/distlib__wheel_metadata_core__hard3_001,True,experiments/python/openhands/gpt-oss-120b/python200-prime-v2-main-r1/distlib__wheel_metadata_core__hard3_001/agent/openhands_events.jsonl,True
gpt-oss-120b,dynaconf__settings_merge_core__001,False,public_failure,experiments/python/openhands/gpt-oss-120b/python200-prime-v2-main-r1/dynaconf__settings_merge_core__001,True,experiments/python/openhands/gpt-oss-120b/python200-prime-v2-main-r1/dynaconf__settings_merge_core__001/agent/openhands_events.jsonl,True
gpt-oss-120b,email_validator__validate_core__001,False,isolation_failure,experiments/python/openhands/gpt-oss-120b/python200-prime-v2-main-r1/email_validator__validate_core__001,True,experiments/python/openhands/gpt-oss-120b/python200-prime-v2-main-r1/email_validator__validate_core__001/agent/openhands_events.jsonl,True
gpt-oss-120b,environs__typed_env_core__001,True,functional_pass,experiments/python/openhands/gpt-oss-120b/python200-prime-v2-main-r1/environs__typed_env_core__001,True,experiments/python/openhands/gpt-oss-120b/python200-prime-v2-main-r1/environs__typed_env_core__001/agent/openhands_events.jsonl,True
gpt-oss-120b,faker__provider_core__001,False,public_failure,experiments/python/openhands/gpt-oss-120b/python200-prime-v2-main-r1/faker__provider_core__001,True,experiments/python/openhands/gpt-oss-120b/python200-prime-v2-main-r1/faker__provider_core__001/agent/openhands_events.jsonl,True
gpt-oss-120b,filelock__reentrant_lock_core__001,False,public_failure,experiments/python/openhands/gpt-oss-120b/python200-prime-v2-main-r1/filelock__reentrant_lock_core__001,True,experiments/python/openhands/gpt-oss-120b/python200-prime-v2-main-r1/filelock__reentrant_lock_core__001/agent/openhands_events.jsonl,True
gpt-oss-120b,flake8__plugin_options_core__hard3_001,False,public_failure,experiments/python/openhands/gpt-oss-120b/python200-prime-v2-main-r1/flake8__plugin_options_core__hard3_001,True,experiments/python/openhands/gpt-oss-120b/python200-prime-v2-main-r1/flake8__plugin_options_core__hard3_001/agent/openhands_events.jsonl,True
gpt-oss-120b,flask__route_dispatch_core__001,False,build_failure,experiments/python/openhands/gpt-oss-120b/python200-prime-v2-main-r1/flask__route_dispatch_core__001,True,experiments/python/openhands/gpt-oss-120b/python200-prime-v2-main-r1/flask__route_dispatch_core__001/agent/openhands_events.jsonl,True
gpt-oss-120b,fs__url_opener_core__hard3_001,False,public_failure,experiments/python/openhands/gpt-oss-120b/python200-prime-v2-main-r1/fs__url_opener_core__hard3_001,True,experiments/python/openhands/gpt-oss-120b/python200-prime-v2-main-r1/fs__url_opener_core__hard3_001/agent/openhands_events.jsonl,True
gpt-oss-120b,fsspec__url_chain_core__hard3_001,False,public_failure,experiments/python/openhands/gpt-oss-120b/python200-prime-v2-main-r1/fsspec__url_chain_core__hard3_001,True,experiments/python/openhands/gpt-oss-120b/python200-prime-v2-main-r1/fsspec__url_chain_core__hard3_001/agent/openhands_events.jsonl,True
gpt-oss-120b,glom__spec_eval_core__hard3_001,False,public_failure,experiments/python/openhands/gpt-oss-120b/python200-prime-v2-main-r1/glom__spec_eval_core__hard3_001,True,experiments/python/openhands/gpt-oss-120b/python200-prime-v2-main-r1/glom__spec_eval_core__hard3_001/agent/openhands_events.jsonl,True
gpt-oss-120b,h11__message_parse_core__001,True,functional_pass,experiments/python/openhands/gpt-oss-120b/python200-prime-v2-main-r1/h11__message_parse_core__001,True,experiments/python/openhands/gpt-oss-120b/python200-prime-v2-main-r1/h11__message_parse_core__001/agent/openhands_events.jsonl,True
gpt-oss-120b,h2__frame_parse_core__001,False,hidden_failure,experiments/python/openhands/gpt-oss-120b/python200-prime-v2-main-r1/h2__frame_parse_core__001,True,experiments/python/openhands/gpt-oss-120b/python200-prime-v2-main-r1/h2__frame_parse_core__001/agent/openhands_events.jsonl,True
gpt-oss-120b,hatch__project_metadata_core__hard3_001,False,missing_submission,experiments/python/openhands/gpt-oss-120b/python200-prime-v2-main-r1/hatch__project_metadata_core__hard3_001,True,experiments/python/openhands/gpt-oss-120b/python200-prime-v2-main-r1/hatch__project_metadata_core__hard3_001/agent/openhands_events.jsonl,True
gpt-oss-120b,httpx__request_model_core__001,False,public_failure,experiments/python/openhands/gpt-oss-120b/python200-prime-v2-main-r1/httpx__request_model_core__001,True,experiments/python/openhands/gpt-oss-120b/python200-prime-v2-main-r1/httpx__request_model_core__001/agent/openhands_events.jsonl,True
gpt-oss-120b,humanize__naturaltime_core__001,True,functional_pass,experiments/python/openhands/gpt-oss-120b/python200-prime-v2-main-r1/humanize__naturaltime_core__001,True,experiments/python/openhands/gpt-oss-120b/python200-prime-v2-main-r1/humanize__naturaltime_core__001/agent/openhands_events.jsonl,True
gpt-oss-120b,importlib_metadata__entry_points_core__001,False,public_failure,experiments/python/openhands/gpt-oss-120b/python200-prime-v2-main-r1/importlib_metadata__entry_points_core__001,True,experiments/python/openhands/gpt-oss-120b/python200-prime-v2-main-r1/importlib_metadata__entry_points_core__001/agent/openhands_events.jsonl,True
gpt-oss-120b,importlib_resources__traversable_tree_core__hard3_001,False,hidden_failure,experiments/python/openhands/gpt-oss-120b/python200-prime-v2-main-r1/importlib_resources__traversable_tree_core__hard3_001,True,experiments/python/openhands/gpt-oss-120b/python200-prime-v2-main-r1/importlib_resources__traversable_tree_core__hard3_001/agent/openhands_events.jsonl,True
gpt-oss-120b,installer__wheel_record_core__hard3_001,False,hidden_failure,experiments/python/openhands/gpt-oss-120b/python200-prime-v2-main-r1/installer__wheel_record_core__hard3_001,True,experiments/python/openhands/gpt-oss-120b/python200-prime-v2-main-r1/installer__wheel_record_core__hard3_001/agent/openhands_events.jsonl,True
gpt-oss-120b,intervaltree__interval_tree_core__001,False,public_failure,experiments/python/openhands/gpt-oss-120b/python200-prime-v2-main-r1/intervaltree__interval_tree_core__001,True,experiments/python/openhands/gpt-oss-120b/python200-prime-v2-main-r1/intervaltree__interval_tree_core__001/agent/openhands_events.jsonl,True
gpt-oss-120b,isodate__duration_parse_core__001,True,functional_pass,experiments/python/openhands/gpt-oss-120b/python200-prime-v2-main-r1/isodate__duration_parse_core__001,True,experiments/python/openhands/gpt-oss-120b/python200-prime-v2-main-r1/isodate__duration_parse_core__001/agent/openhands_events.jsonl,True
gpt-oss-120b,isort__settings_resolver_core__hard3_001,False,public_failure,experiments/python/openhands/gpt-oss-120b/python200-prime-v2-main-r1/isort__settings_resolver_core__hard3_001,True,experiments/python/openhands/gpt-oss-120b/python200-prime-v2-main-r1/isort__settings_resolver_core__hard3_001/agent/openhands_events.jsonl,True
gpt-oss-120b,itsdangerous__timed_serializer_core__001,True,functional_pass,experiments/python/openhands/gpt-oss-120b/python200-prime-v2-main-r1/itsdangerous__timed_serializer_core__001,True,experiments/python/openhands/gpt-oss-120b/python200-prime-v2-main-r1/itsdangerous__timed_serializer_core__001/agent/openhands_events.jsonl,True
gpt-oss-120b,jinja2__compile_render_core__001,True,functional_pass,experiments/python/openhands/gpt-oss-120b/python200-prime-v2-main-r1/jinja2__compile_render_core__001,True,experiments/python/openhands/gpt-oss-120b/python200-prime-v2-main-r1/jinja2__compile_render_core__001/agent/openhands_events.jsonl,True
gpt-oss-120b,jinja2__extensions_core__001,False,build_failure,experiments/python/openhands/gpt-oss-120b/python200-prime-v2-main-r1/jinja2__extensions_core__001,True,experiments/python/openhands/gpt-oss-120b/python200-prime-v2-main-r1/jinja2__extensions_core__001/agent/openhands_events.jsonl,True
gpt-oss-120b,jinja2__filters_tests_core__001,False,public_failure,experiments/python/openhands/gpt-oss-120b/python200-prime-v2-main-r1/jinja2__filters_tests_core__001,True,experiments/python/openhands/gpt-oss-120b/python200-prime-v2-main-r1/jinja2__filters_tests_core__001/agent/openhands_events.jsonl,True
gpt-oss-120b,jinja2__lexer_parser_core__001,False,public_failure,experiments/python/openhands/gpt-oss-120b/python200-prime-v2-main-r1/jinja2__lexer_parser_core__001,True,experiments/python/openhands/gpt-oss-120b/python200-prime-v2-main-r1/jinja2__lexer_parser_core__001/agent/openhands_events.jsonl,True
gpt-oss-120b,jinja2__loader_inheritance_core__001,True,functional_pass,experiments/python/openhands/gpt-oss-120b/python200-prime-v2-main-r1/jinja2__loader_inheritance_core__001,True,experiments/python/openhands/gpt-oss-120b/python200-prime-v2-main-r1/jinja2__loader_inheritance_core__001/agent/openhands_events.jsonl,True
gpt-oss-120b,json5__parse_core__001,False,public_failure,experiments/python/openhands/gpt-oss-120b/python200-prime-v2-main-r1/json5__parse_core__001,True,experiments/python/openhands/gpt-oss-120b/python200-prime-v2-main-r1/json5__parse_core__001/agent/openhands_events.jsonl,True
gpt-oss-120b,json_logic__evaluator_core__hard3_001,True,functional_pass,experiments/python/openhands/gpt-oss-120b/python200-prime-v2-main-r1/json_logic__evaluator_core__hard3_001,True,experiments/python/openhands/gpt-oss-120b/python200-prime-v2-main-r1/json_logic__evaluator_core__hard3_001/agent/openhands_events.jsonl,True
gpt-oss-120b,jsonpath_ng__expression_eval_core__001,False,build_failure,experiments/python/openhands/gpt-oss-120b/python200-prime-v2-main-r1/jsonpath_ng__expression_eval_core__001,True,experiments/python/openhands/gpt-oss-120b/python200-prime-v2-main-r1/jsonpath_ng__expression_eval_core__001/agent/openhands_events.jsonl,True
gpt-oss-120b,jsonpointer__resolve_core__001,True,functional_pass,experiments/python/openhands/gpt-oss-120b/python200-prime-v2-main-r1/jsonpointer__resolve_core__001,True,experiments/python/openhands/gpt-oss-120b/python200-prime-v2-main-r1/jsonpointer__resolve_core__001/agent/openhands_events.jsonl,True
gpt-oss-120b,jsonschema__validator_core__001,True,functional_pass,experiments/python/openhands/gpt-oss-120b/python200-prime-v2-main-r1/jsonschema__validator_core__001,True,experiments/python/openhands/gpt-oss-120b/python200-prime-v2-main-r1/jsonschema__validator_core__001/agent/openhands_events.jsonl,True
gpt-oss-120b,jupyter_core__paths_resolver_core__hard3_001,False,public_failure,experiments/python/openhands/gpt-oss-120b/python200-prime-v2-main-r1/jupyter_core__paths_resolver_core__hard3_001,True,experiments/python/openhands/gpt-oss-120b/python200-prime-v2-main-r1/jupyter_core__paths_resolver_core__hard3_001/agent/openhands_events.jsonl,True
gpt-oss-120b,jupyter_server__extension_config_core__hard3_001,False,public_failure,experiments/python/openhands/gpt-oss-120b/python200-prime-v2-main-r1/jupyter_server__extension_config_core__hard3_001,True,experiments/python/openhands/gpt-oss-120b/python200-prime-v2-main-r1/jupyter_server__extension_config_core__hard3_001/agent/openhands_events.jsonl,True
gpt-oss-120b,keyring__backend_select_core__hard3_001,False,public_failure,experiments/python/openhands/gpt-oss-120b/python200-prime-v2-main-r1/keyring__backend_select_core__hard3_001,True,experiments/python/openhands/gpt-oss-120b/python200-prime-v2-main-r1/keyring__backend_select_core__hard3_001/agent/openhands_events.jsonl,True
gpt-oss-120b,lark__grammar_loader_core__001,False,build_failure,experiments/python/openhands/gpt-oss-120b/python200-prime-v2-main-r1/lark__grammar_loader_core__001,True,experiments/python/openhands/gpt-oss-120b/python200-prime-v2-main-r1/lark__grammar_loader_core__001/agent/openhands_events.jsonl,True
gpt-oss-120b,lark__parse_tree_core__001,False,build_failure,experiments/python/openhands/gpt-oss-120b/python200-prime-v2-main-r1/lark__parse_tree_core__001,True,experiments/python/openhands/gpt-oss-120b/python200-prime-v2-main-r1/lark__parse_tree_core__001/agent/openhands_events.jsonl,True
gpt-oss-120b,lark__visitor_transform_core__001,False,public_failure,experiments/python/openhands/gpt-oss-120b/python200-prime-v2-main-r1/lark__visitor_transform_core__001,True,experiments/python/openhands/gpt-oss-120b/python200-prime-v2-main-r1/lark__visitor_transform_core__001/agent/openhands_events.jsonl,True
gpt-oss-120b,license_expression__policy_core__hard3_001,False,public_failure,experiments/python/openhands/gpt-oss-120b/python200-prime-v2-main-r1/license_expression__policy_core__hard3_001,True,experiments/python/openhands/gpt-oss-120b/python200-prime-v2-main-r1/license_expression__policy_core__hard3_001/agent/openhands_events.jsonl,True
gpt-oss-120b,mako__lexer_expression_core__001,False,build_failure,experiments/python/openhands/gpt-oss-120b/python200-prime-v2-main-r1/mako__lexer_expression_core__001,True,experiments/python/openhands/gpt-oss-120b/python200-prime-v2-main-r1/mako__lexer_expression_core__001/agent/openhands_events.jsonl,True
gpt-oss-120b,markdown__extensions_core__001,False,build_failure,experiments/python/openhands/gpt-oss-120b/python200-prime-v2-main-r1/markdown__extensions_core__001,True,experiments/python/openhands/gpt-oss-120b/python200-prime-v2-main-r1/markdown__extensions_core__001/agent/openhands_events.jsonl,True
gpt-oss-120b,markdown_it__commonmark_render__001,True,functional_pass,experiments/python/openhands/gpt-oss-120b/python200-prime-v2-main-r1/markdown_it__commonmark_render__001,True,experiments/python/openhands/gpt-oss-120b/python200-prime-v2-main-r1/markdown_it__commonmark_render__001/agent/openhands_events.jsonl,True
gpt-oss-120b,marshmallow__schema_core__001,False,public_failure,experiments/python/openhands/gpt-oss-120b/python200-prime-v2-main-r1/marshmallow__schema_core__001,True,experiments/python/openhands/gpt-oss-120b/python200-prime-v2-main-r1/marshmallow__schema_core__001/agent/openhands_events.jsonl,True
gpt-oss-120b,mkdocs__plugin_config_core__hard3_001,False,public_failure,experiments/python/openhands/gpt-oss-120b/python200-prime-v2-main-r1/mkdocs__plugin_config_core__hard3_001,True,experiments/python/openhands/gpt-oss-120b/python200-prime-v2-main-r1/mkdocs__plugin_config_core__hard3_001/agent/openhands_events.jsonl,True
gpt-oss-120b,msgpack__pack_unpack_core__001,False,build_failure,experiments/python/openhands/gpt-oss-120b/python200-prime-v2-main-r1/msgpack__pack_unpack_core__001,True,experiments/python/openhands/gpt-oss-120b/python200-prime-v2-main-r1/msgpack__pack_unpack_core__001/agent/openhands_events.jsonl,True
gpt-oss-120b,multidict__multidict_mutation_core__hard3_001,False,public_failure,experiments/python/openhands/gpt-oss-120b/python200-prime-v2-main-r1/multidict__multidict_mutation_core__hard3_001,True,experiments/python/openhands/gpt-oss-120b/python200-prime-v2-main-r1/multidict__multidict_mutation_core__hard3_001/agent/openhands_events.jsonl,True
gpt-oss-120b,networkx__dag_topo_core__001,False,public_failure,experiments/python/openhands/gpt-oss-120b/python200-prime-v2-main-r1/networkx__dag_topo_core__001,True,experiments/python/openhands/gpt-oss-120b/python200-prime-v2-main-r1/networkx__dag_topo_core__001/agent/openhands_events.jsonl,True
gpt-oss-120b,packaging__requirement_marker_specifier__001,False,build_failure,experiments/python/openhands/gpt-oss-120b/python200-prime-v2-main-r1/packaging__requirement_marker_specifier__001,True,experiments/python/openhands/gpt-oss-120b/python200-prime-v2-main-r1/packaging__requirement_marker_specifier__001/agent/openhands_events.jsonl,True
gpt-oss-120b,parse__format_parser_core__001,False,public_failure,experiments/python/openhands/gpt-oss-120b/python200-prime-v2-main-r1/parse__format_parser_core__001,True,experiments/python/openhands/gpt-oss-120b/python200-prime-v2-main-r1/parse__format_parser_core__001/agent/openhands_events.jsonl,True
gpt-oss-120b,parsel__selector_namespace_core__hard3_001,False,public_failure,experiments/python/openhands/gpt-oss-120b/python200-prime-v2-main-r1/parsel__selector_namespace_core__hard3_001,True,experiments/python/openhands/gpt-oss-120b/python200-prime-v2-main-r1/parsel__selector_namespace_core__hard3_001/agent/openhands_events.jsonl,True
gpt-oss-120b,parso__python_parse_core__001,False,public_failure,experiments/python/openhands/gpt-oss-120b/python200-prime-v2-main-r1/parso__python_parse_core__001,True,experiments/python/openhands/gpt-oss-120b/python200-prime-v2-main-r1/parso__python_parse_core__001/agent/openhands_events.jsonl,True
gpt-oss-120b,passlib__hash_context_core__001,False,hidden_failure,experiments/python/openhands/gpt-oss-120b/python200-prime-v2-main-r1/passlib__hash_context_core__001,True,experiments/python/openhands/gpt-oss-120b/python200-prime-v2-main-r1/passlib__hash_context_core__001/agent/openhands_events.jsonl,True
gpt-oss-120b,pathvalidate__sanitize_core__001,False,hidden_failure,experiments/python/openhands/gpt-oss-120b/python200-prime-v2-main-r1/pathvalidate__sanitize_core__001,True,experiments/python/openhands/gpt-oss-120b/python200-prime-v2-main-r1/pathvalidate__sanitize_core__001/agent/openhands_events.jsonl,True
gpt-oss-120b,pendulum__parse_format_core__001,False,public_failure,experiments/python/openhands/gpt-oss-120b/python200-prime-v2-main-r1/pendulum__parse_format_core__001,True,experiments/python/openhands/gpt-oss-120b/python200-prime-v2-main-r1/pendulum__parse_format_core__001/agent/openhands_events.jsonl,True
gpt-oss-120b,phonenumbers__parse_format_core__001,False,hidden_failure,experiments/python/openhands/gpt-oss-120b/python200-prime-v2-main-r1/phonenumbers__parse_format_core__001,True,experiments/python/openhands/gpt-oss-120b/python200-prime-v2-main-r1/phonenumbers__parse_format_core__001/agent/openhands_events.jsonl,True
gpt-oss-120b,platformdirs__app_dirs_core__hard3_001,False,public_failure,experiments/python/openhands/gpt-oss-120b/python200-prime-v2-main-r1/platformdirs__app_dirs_core__hard3_001,True,experiments/python/openhands/gpt-oss-120b/python200-prime-v2-main-r1/platformdirs__app_dirs_core__hard3_001/agent/openhands_events.jsonl,True
gpt-oss-120b,pluggy__hook_call_order__001,True,functional_pass,experiments/python/openhands/gpt-oss-120b/python200-prime-v2-main-r1/pluggy__hook_call_order__001,True,experiments/python/openhands/gpt-oss-120b/python200-prime-v2-main-r1/pluggy__hook_call_order__001/agent/openhands_events.jsonl,True
gpt-oss-120b,pluggy__hook_specs_core__001,False,hidden_failure,experiments/python/openhands/gpt-oss-120b/python200-prime-v2-main-r1/pluggy__hook_specs_core__001,True,experiments/python/openhands/gpt-oss-120b/python200-prime-v2-main-r1/pluggy__hook_specs_core__001/agent/openhands_events.jsonl,True
gpt-oss-120b,pluggy__hook_wrapper_core__hard3_001,False,public_failure,experiments/python/openhands/gpt-oss-120b/python200-prime-v2-main-r1/pluggy__hook_wrapper_core__hard3_001,True,experiments/python/openhands/gpt-oss-120b/python200-prime-v2-main-r1/pluggy__hook_wrapper_core__hard3_001/agent/openhands_events.jsonl,True
gpt-oss-120b,poetry_core__dependency_groups_core__hard3_001,False,public_failure,experiments/python/openhands/gpt-oss-120b/python200-prime-v2-main-r1/poetry_core__dependency_groups_core__hard3_001,True,experiments/python/openhands/gpt-oss-120b/python200-prime-v2-main-r1/poetry_core__dependency_groups_core__hard3_001/agent/openhands_events.jsonl,True
gpt-oss-120b,pydantic__field_validator_core__hard3_001,False,public_failure,experiments/python/openhands/gpt-oss-120b/python200-prime-v2-main-r1/pydantic__field_validator_core__hard3_001,True,experiments/python/openhands/gpt-oss-120b/python200-prime-v2-main-r1/pydantic__field_validator_core__hard3_001/agent/openhands_events.jsonl,True
gpt-oss-120b,pydantic_settings__env_source_core__001,False,public_failure,experiments/python/openhands/gpt-oss-120b/python200-prime-v2-main-r1/pydantic_settings__env_source_core__001,True,experiments/python/openhands/gpt-oss-120b/python200-prime-v2-main-r1/pydantic_settings__env_source_core__001/agent/openhands_events.jsonl,True
gpt-oss-120b,pydantic_v1__validation_error_core__001,False,public_failure,experiments/python/openhands/gpt-oss-120b/python200-prime-v2-main-r1/pydantic_v1__validation_error_core__001,True,experiments/python/openhands/gpt-oss-120b/python200-prime-v2-main-r1/pydantic_v1__validation_error_core__001/agent/openhands_events.jsonl,True
gpt-oss-120b,pygments__formatter_core__001,True,functional_pass,experiments/python/openhands/gpt-oss-120b/python200-prime-v2-main-r1/pygments__formatter_core__001,True,experiments/python/openhands/gpt-oss-120b/python200-prime-v2-main-r1/pygments__formatter_core__001/agent/openhands_events.jsonl,True
gpt-oss-120b,pygments__lexer_core__001,False,public_failure,experiments/python/openhands/gpt-oss-120b/python200-prime-v2-main-r1/pygments__lexer_core__001,True,experiments/python/openhands/gpt-oss-120b/python200-prime-v2-main-r1/pygments__lexer_core__001/agent/openhands_events.jsonl,True
gpt-oss-120b,pyramid__configurator_action_core__hard3_001,True,functional_pass,experiments/python/openhands/gpt-oss-120b/python200-prime-v2-main-r1/pyramid__configurator_action_core__hard3_001,True,experiments/python/openhands/gpt-oss-120b/python200-prime-v2-main-r1/pyramid__configurator_action_core__hard3_001/agent/openhands_events.jsonl,True
gpt-oss-120b,pytest__fixture_resolve_core__001,False,public_failure,experiments/python/openhands/gpt-oss-120b/python200-prime-v2-main-r1/pytest__fixture_resolve_core__001,True,experiments/python/openhands/gpt-oss-120b/python200-prime-v2-main-r1/pytest__fixture_resolve_core__001/agent/openhands_events.jsonl,True
gpt-oss-120b,pytest__ini_markers_core__001,False,public_failure,experiments/python/openhands/gpt-oss-120b/python200-prime-v2-main-r1/pytest__ini_markers_core__001,True,experiments/python/openhands/gpt-oss-120b/python200-prime-v2-main-r1/pytest__ini_markers_core__001/agent/openhands_events.jsonl,True
gpt-oss-120b,pytest__mark_expression_core__001,True,functional_pass,experiments/python/openhands/gpt-oss-120b/python200-prime-v2-main-r1/pytest__mark_expression_core__001,True,experiments/python/openhands/gpt-oss-120b/python200-prime-v2-main-r1/pytest__mark_expression_core__001/agent/openhands_events.jsonl,True
gpt-oss-120b,pytest__marker_registry_core__hard3_001,False,hidden_failure,experiments/python/openhands/gpt-oss-120b/python200-prime-v2-main-r1/pytest__marker_registry_core__hard3_001,True,experiments/python/openhands/gpt-oss-120b/python200-prime-v2-main-r1/pytest__marker_registry_core__hard3_001/agent/openhands_events.jsonl,True
gpt-oss-120b,pytest__skipif_eval_core__001,True,functional_pass,experiments/python/openhands/gpt-oss-120b/python200-prime-v2-main-r1/pytest__skipif_eval_core__001,True,experiments/python/openhands/gpt-oss-120b/python200-prime-v2-main-r1/pytest__skipif_eval_core__001/agent/openhands_events.jsonl,True
gpt-oss-120b,python_box__config_box_core__001,False,hidden_failure,experiments/python/openhands/gpt-oss-120b/python200-prime-v2-main-r1/python_box__config_box_core__001,True,experiments/python/openhands/gpt-oss-120b/python200-prime-v2-main-r1/python_box__config_box_core__001/agent/openhands_events.jsonl,True
gpt-oss-120b,python_dateutil__relativedelta_core__001,False,hidden_failure,experiments/python/openhands/gpt-oss-120b/python200-prime-v2-main-r1/python_dateutil__relativedelta_core__001,True,experiments/python/openhands/gpt-oss-120b/python200-prime-v2-main-r1/python_dateutil__relativedelta_core__001/agent/openhands_events.jsonl,True
gpt-oss-120b,python_dateutil__rrule_core__001,False,public_failure,experiments/python/openhands/gpt-oss-120b/python200-prime-v2-main-r1/python_dateutil__rrule_core__001,True,experiments/python/openhands/gpt-oss-120b/python200-prime-v2-main-r1/python_dateutil__rrule_core__001/agent/openhands_events.jsonl,True
gpt-oss-120b,python_decouple__config_repository_core__001,False,hidden_failure,experiments/python/openhands/gpt-oss-120b/python200-prime-v2-main-r1/python_decouple__config_repository_core__001,True,experiments/python/openhands/gpt-oss-120b/python200-prime-v2-main-r1/python_decouple__config_repository_core__001/agent/openhands_events.jsonl,True
gpt-oss-120b,python_dotenv__env_parse_core__001,True,functional_pass,experiments/python/openhands/gpt-oss-120b/python200-prime-v2-main-r1/python_dotenv__env_parse_core__001,True,experiments/python/openhands/gpt-oss-120b/python200-prime-v2-main-r1/python_dotenv__env_parse_core__001/agent/openhands_events.jsonl,True
gpt-oss-120b,python_frontmatter__roundtrip_core__001,True,functional_pass,experiments/python/openhands/gpt-oss-120b/python200-prime-v2-main-r1/python_frontmatter__roundtrip_core__001,True,experiments/python/openhands/gpt-oss-120b/python200-prime-v2-main-r1/python_frontmatter__roundtrip_core__001/agent/openhands_events.jsonl,True
gpt-oss-120b,python_multipart__form_parse_core__001,True,functional_pass,experiments/python/openhands/gpt-oss-120b/python200-prime-v2-main-r1/python_multipart__form_parse_core__001,True,experiments/python/openhands/gpt-oss-120b/python200-prime-v2-main-r1/python_multipart__form_parse_core__001/agent/openhands_events.jsonl,True
gpt-oss-120b,pyyaml__safe_load_dump__001,False,build_failure,experiments/python/openhands/gpt-oss-120b/python200-prime-v2-main-r1/pyyaml__safe_load_dump__001,True,experiments/python/openhands/gpt-oss-120b/python200-prime-v2-main-r1/pyyaml__safe_load_dump__001/agent/openhands_events.jsonl,True
gpt-oss-120b,readme_renderer__content_type_core__hard3_001,False,build_failure,experiments/python/openhands/gpt-oss-120b/python200-prime-v2-main-r1/readme_renderer__content_type_core__hard3_001,True,experiments/python/openhands/gpt-oss-120b/python200-prime-v2-main-r1/readme_renderer__content_type_core__hard3_001/agent/openhands_events.jsonl,True
gpt-oss-120b,redis__resp_parser_core__001,False,public_failure,experiments/python/openhands/gpt-oss-120b/python200-prime-v2-main-r1/redis__resp_parser_core__001,True,experiments/python/openhands/gpt-oss-120b/python200-prime-v2-main-r1/redis__resp_parser_core__001/agent/openhands_events.jsonl,True
gpt-oss-120b,referencing__json_schema_refs_core__001,False,public_failure,experiments/python/openhands/gpt-oss-120b/python200-prime-v2-main-r1/referencing__json_schema_refs_core__001,True,experiments/python/openhands/gpt-oss-120b/python200-prime-v2-main-r1/referencing__json_schema_refs_core__001/agent/openhands_events.jsonl,True
gpt-oss-120b,requests_cache__cache_key_core__hard3_001,False,public_failure,experiments/python/openhands/gpt-oss-120b/python200-prime-v2-main-r1/requests_cache__cache_key_core__hard3_001,True,experiments/python/openhands/gpt-oss-120b/python200-prime-v2-main-r1/requests_cache__cache_key_core__hard3_001/agent/openhands_events.jsonl,True
gpt-oss-120b,responses__request_matcher_core__hard3_001,False,public_failure,experiments/python/openhands/gpt-oss-120b/python200-prime-v2-main-r1/responses__request_matcher_core__hard3_001,True,experiments/python/openhands/gpt-oss-120b/python200-prime-v2-main-r1/responses__request_matcher_core__hard3_001/agent/openhands_events.jsonl,True
gpt-oss-120b,returns__result_pipeline_core__hard3_001,True,functional_pass,experiments/python/openhands/gpt-oss-120b/python200-prime-v2-main-r1/returns__result_pipeline_core__hard3_001,True,experiments/python/openhands/gpt-oss-120b/python200-prime-v2-main-r1/returns__result_pipeline_core__hard3_001/agent/openhands_events.jsonl,True
gpt-oss-120b,rfc3986__uri_parse_core__001,True,functional_pass,experiments/python/openhands/gpt-oss-120b/python200-prime-v2-main-r1/rfc3986__uri_parse_core__001,True,experiments/python/openhands/gpt-oss-120b/python200-prime-v2-main-r1/rfc3986__uri_parse_core__001/agent/openhands_events.jsonl,True
gpt-oss-120b,rich__markup_parse_core__001,False,build_failure,experiments/python/openhands/gpt-oss-120b/python200-prime-v2-main-r1/rich__markup_parse_core__001,True,experiments/python/openhands/gpt-oss-120b/python200-prime-v2-main-r1/rich__markup_parse_core__001/agent/openhands_events.jsonl,True
gpt-oss-120b,ruamel_yaml__roundtrip_core__001,False,public_failure,experiments/python/openhands/gpt-oss-120b/python200-prime-v2-main-r1/ruamel_yaml__roundtrip_core__001,True,experiments/python/openhands/gpt-oss-120b/python200-prime-v2-main-r1/ruamel_yaml__roundtrip_core__001/agent/openhands_events.jsonl,True
gpt-oss-120b,schema__nested_validate_core__hard3_001,True,functional_pass,experiments/python/openhands/gpt-oss-120b/python200-prime-v2-main-r1/schema__nested_validate_core__hard3_001,True,experiments/python/openhands/gpt-oss-120b/python200-prime-v2-main-r1/schema__nested_validate_core__hard3_001/agent/openhands_events.jsonl,True
gpt-oss-120b,scrapy__item_loader_core__hard3_001,False,public_failure,experiments/python/openhands/gpt-oss-120b/python200-prime-v2-main-r1/scrapy__item_loader_core__hard3_001,True,experiments/python/openhands/gpt-oss-120b/python200-prime-v2-main-r1/scrapy__item_loader_core__hard3_001/agent/openhands_events.jsonl,True
gpt-oss-120b,setuptools_scm__version_normalize_core__hard3_001,False,public_failure,experiments/python/openhands/gpt-oss-120b/python200-prime-v2-main-r1/setuptools_scm__version_normalize_core__hard3_001,True,experiments/python/openhands/gpt-oss-120b/python200-prime-v2-main-r1/setuptools_scm__version_normalize_core__hard3_001/agent/openhands_events.jsonl,True
gpt-oss-120b,sortedcontainers__sorted_list_core__001,False,public_failure,experiments/python/openhands/gpt-oss-120b/python200-prime-v2-main-r1/sortedcontainers__sorted_list_core__001,True,experiments/python/openhands/gpt-oss-120b/python200-prime-v2-main-r1/sortedcontainers__sorted_list_core__001/agent/openhands_events.jsonl,True
gpt-oss-120b,sphinx__extension_registry_core__hard3_001,True,functional_pass,experiments/python/openhands/gpt-oss-120b/python200-prime-v2-main-r1/sphinx__extension_registry_core__hard3_001,True,experiments/python/openhands/gpt-oss-120b/python200-prime-v2-main-r1/sphinx__extension_registry_core__hard3_001/agent/openhands_events.jsonl,True
gpt-oss-120b,sqlalchemy__event_dispatch_core__hard3_001,True,functional_pass,experiments/python/openhands/gpt-oss-120b/python200-prime-v2-main-r1/sqlalchemy__event_dispatch_core__hard3_001,True,experiments/python/openhands/gpt-oss-120b/python200-prime-v2-main-r1/sqlalchemy__event_dispatch_core__hard3_001/agent/openhands_events.jsonl,True
gpt-oss-120b,sqlparse__format_filters_core__001,False,public_failure,experiments/python/openhands/gpt-oss-120b/python200-prime-v2-main-r1/sqlparse__format_filters_core__001,True,experiments/python/openhands/gpt-oss-120b/python200-prime-v2-main-r1/sqlparse__format_filters_core__001/agent/openhands_events.jsonl,True
gpt-oss-120b,sqlparse__parse_format_core__001,False,build_failure,experiments/python/openhands/gpt-oss-120b/python200-prime-v2-main-r1/sqlparse__parse_format_core__001,True,experiments/python/openhands/gpt-oss-120b/python200-prime-v2-main-r1/sqlparse__parse_format_core__001/agent/openhands_events.jsonl,True
gpt-oss-120b,sqlparse__parse_split_core__001,False,public_failure,experiments/python/openhands/gpt-oss-120b/python200-prime-v2-main-r1/sqlparse__parse_split_core__001,True,experiments/python/openhands/gpt-oss-120b/python200-prime-v2-main-r1/sqlparse__parse_split_core__001/agent/openhands_events.jsonl,True
gpt-oss-120b,sqlparse__token_tree_core__001,False,build_failure,experiments/python/openhands/gpt-oss-120b/python200-prime-v2-main-r1/sqlparse__token_tree_core__001,True,experiments/python/openhands/gpt-oss-120b/python200-prime-v2-main-r1/sqlparse__token_tree_core__001/agent/openhands_events.jsonl,True
gpt-oss-120b,starlette__route_matching_core__hard3_001,False,public_failure,experiments/python/openhands/gpt-oss-120b/python200-prime-v2-main-r1/starlette__route_matching_core__hard3_001,True,experiments/python/openhands/gpt-oss-120b/python200-prime-v2-main-r1/starlette__route_matching_core__hard3_001/agent/openhands_events.jsonl,True
gpt-oss-120b,stevedore__extension_manager_core__hard3_001,False,public_failure,experiments/python/openhands/gpt-oss-120b/python200-prime-v2-main-r1/stevedore__extension_manager_core__hard3_001,True,experiments/python/openhands/gpt-oss-120b/python200-prime-v2-main-r1/stevedore__extension_manager_core__hard3_001/agent/openhands_events.jsonl,True
gpt-oss-120b,tabulate__table_format_core__001,False,build_failure,experiments/python/openhands/gpt-oss-120b/python200-prime-v2-main-r1/tabulate__table_format_core__001,True,experiments/python/openhands/gpt-oss-120b/python200-prime-v2-main-r1/tabulate__table_format_core__001/agent/openhands_events.jsonl,True
gpt-oss-120b,tenacity__retry_state_core__hard3_001,False,missing_submission,experiments/python/openhands/gpt-oss-120b/python200-prime-v2-main-r1/tenacity__retry_state_core__hard3_001,True,experiments/python/openhands/gpt-oss-120b/python200-prime-v2-main-r1/tenacity__retry_state_core__hard3_001/agent/openhands_events.jsonl,True
gpt-oss-120b,tomlkit__roundtrip_document__001,True,functional_pass,experiments/python/openhands/gpt-oss-120b/python200-prime-v2-main-r1/tomlkit__roundtrip_document__001,True,experiments/python/openhands/gpt-oss-120b/python200-prime-v2-main-r1/tomlkit__roundtrip_document__001/agent/openhands_events.jsonl,True
gpt-oss-120b,tox__factor_expression_core__hard3_001,True,functional_pass,experiments/python/openhands/gpt-oss-120b/python200-prime-v2-main-r1/tox__factor_expression_core__hard3_001,True,experiments/python/openhands/gpt-oss-120b/python200-prime-v2-main-r1/tox__factor_expression_core__hard3_001/agent/openhands_events.jsonl,True
gpt-oss-120b,trafaret__validation_rules_core__hard3_001,True,functional_pass,experiments/python/openhands/gpt-oss-120b/python200-prime-v2-main-r1/trafaret__validation_rules_core__hard3_001,True,experiments/python/openhands/gpt-oss-120b/python200-prime-v2-main-r1/trafaret__validation_rules_core__hard3_001/agent/openhands_events.jsonl,True
gpt-oss-120b,transitions__state_machine_core__hard3_001,False,hidden_failure,experiments/python/openhands/gpt-oss-120b/python200-prime-v2-main-r1/transitions__state_machine_core__hard3_001,True,experiments/python/openhands/gpt-oss-120b/python200-prime-v2-main-r1/transitions__state_machine_core__hard3_001/agent/openhands_events.jsonl,True
gpt-oss-120b,typer__command_parser_core__001,False,public_failure,experiments/python/openhands/gpt-oss-120b/python200-prime-v2-main-r1/typer__command_parser_core__001,True,experiments/python/openhands/gpt-oss-120b/python200-prime-v2-main-r1/typer__command_parser_core__001/agent/openhands_events.jsonl,True
gpt-oss-120b,urllib3__retry_backoff_core__001,False,hidden_failure,experiments/python/openhands/gpt-oss-120b/python200-prime-v2-main-r1/urllib3__retry_backoff_core__001,True,experiments/python/openhands/gpt-oss-120b/python200-prime-v2-main-r1/urllib3__retry_backoff_core__001/agent/openhands_events.jsonl,True
gpt-oss-120b,virtualenv__interpreter_spec_core__hard3_001,False,public_failure,experiments/python/openhands/gpt-oss-120b/python200-prime-v2-main-r1/virtualenv__interpreter_spec_core__hard3_001,True,experiments/python/openhands/gpt-oss-120b/python200-prime-v2-main-r1/virtualenv__interpreter_spec_core__hard3_001/agent/openhands_events.jsonl,True
gpt-oss-120b,voluptuous__schema_validate_core__001,False,hidden_failure,experiments/python/openhands/gpt-oss-120b/python200-prime-v2-main-r1/voluptuous__schema_validate_core__001,True,experiments/python/openhands/gpt-oss-120b/python200-prime-v2-main-r1/voluptuous__schema_validate_core__001/agent/openhands_events.jsonl,True
gpt-oss-120b,websockets__handshake_parse_core__001,False,hidden_failure,experiments/python/openhands/gpt-oss-120b/python200-prime-v2-main-r1/websockets__handshake_parse_core__001,True,experiments/python/openhands/gpt-oss-120b/python200-prime-v2-main-r1/websockets__handshake_parse_core__001/agent/openhands_events.jsonl,True
gpt-oss-120b,werkzeug__routing_core__001,False,public_failure,experiments/python/openhands/gpt-oss-120b/python200-prime-v2-main-r1/werkzeug__routing_core__001,True,experiments/python/openhands/gpt-oss-120b/python200-prime-v2-main-r1/werkzeug__routing_core__001/agent/openhands_events.jsonl,True
gpt-oss-120b,wheel__metadata_normalize_core__hard3_001,False,hidden_failure,experiments/python/openhands/gpt-oss-120b/python200-prime-v2-main-r1/wheel__metadata_normalize_core__hard3_001,True,experiments/python/openhands/gpt-oss-120b/python200-prime-v2-main-r1/wheel__metadata_normalize_core__hard3_001/agent/openhands_events.jsonl,True
gpt-oss-120b,wsproto__frame_parse_core__001,True,functional_pass,experiments/python/openhands/gpt-oss-120b/python200-prime-v2-main-r1/wsproto__frame_parse_core__001,True,experiments/python/openhands/gpt-oss-120b/python200-prime-v2-main-r1/wsproto__frame_parse_core__001/agent/openhands_events.jsonl,True
gpt-oss-120b,xmltodict__xml_parse_core__001,False,hidden_failure,experiments/python/openhands/gpt-oss-120b/python200-prime-v2-main-r1/xmltodict__xml_parse_core__001,True,experiments/python/openhands/gpt-oss-120b/python200-prime-v2-main-r1/xmltodict__xml_parse_core__001/agent/openhands_events.jsonl,True
gpt-oss-120b,yamale__schema_validate_core__hard3_001,False,build_failure,experiments/python/openhands/gpt-oss-120b/python200-prime-v2-main-r1/yamale__schema_validate_core__hard3_001,True,experiments/python/openhands/gpt-oss-120b/python200-prime-v2-main-r1/yamale__schema_validate_core__hard3_001/agent/openhands_events.jsonl,True
gpt-oss-120b,yarl__url_model_core__001,False,hidden_failure,experiments/python/openhands/gpt-oss-120b/python200-prime-v2-main-r1/yarl__url_model_core__001,True,experiments/python/openhands/gpt-oss-120b/python200-prime-v2-main-r1/yarl__url_model_core__001/agent/openhands_events.jsonl,True
